{
    "gname": "乾为天",
    "gcontent": "<p>周易第一卦详解</p>\n<p>乾卦原文</p>\n<p>乾。元，亨，利，贞。</p>\n<p>象曰：天行健，君子以自强不息。</p>\n<p>白话文解释</p>\n<p>乾卦：大吉大利，吉利的贞卜。</p>\n<p>《象辞》说：天道刚健，运行不已。君子观此卦象，从而以天为法，自强不息。</p>\n<p>《断易天机》解</p>\n<p>乾象征天，六阳爻构成乾卦，为《易经》六十四卦之首。纯阳刚建，其性刚强，其行劲健，大通而至正，兆示大通而有利，但须行正道，方可永远亨通。</p>\n<p>北宋易学家邵雍解</p>\n<p>刚健旺盛，发育之功；完事顺利，谨防太强。</p>\n<p>得此卦者，天行刚健，自强不息，名利双收之象，宜把握机会，争取成果。女人得此卦则有过于刚直之嫌。</p>\n<p>台湾国学大儒傅佩荣解</p>\n<p>时运：临事刚健，自强不息。</p>\n<p>财运：施比受有福，不利买而利卖。</p>\n<p>家宅：积善有余庆；女子过刚宜慎重。</p>\n<p>身体：保健有恒。</p>\n<p>传统解卦</p>\n<p>这个卦是同卦（下乾上乾）相叠。象征天，喻龙（德才的君子），又象征纯粹的阳和健，表明兴盛强健。乾卦是根据万物变通的道理，以“元、亨、利、贞”为卦辞，表示吉祥如意，教导人遵守天道的德行。</p>\n<p>大象：天行刚健，自强不息。</p>\n<p>运势：飞龙在天，名利双收之象，宜把握机会，争取成果。</p>\n<p>事业：大吉大利，万事如意，心想事成，自有天佑，春风得意，事业如日中天。但阳气已达顶点，盛极必衰，务须提高警惕，小心谨慎。力戒骄傲，冷静处世，心境平和，如是则能充分发挥才智，保证事业成功。</p>\n<p>经商：十分顺利，有发展向上的大好机会。但切勿操之过急，宜冷静分析形势，把握时机，坚持商业道德，冷静对待中途出现的困难，定会有满意的结果。</p>\n<p>求名：潜在能力尚未充分发挥，只要进一步努力，克服骄傲自满情绪，进业修德，以渊博学识和高尚品质，成君子之名。</p>\n<p>婚恋：阳盛阴衰，但刚柔可相济，形成美满结果。女性温柔者更佳。</p>\n<p>决策：可成就大的事业。坚持此卦的刚健、正直、公允的实质，修养德行，积累知识，坚定信念，自强不息，必能克服困难，消除灾难。</p>\n<p>第一卦的哲学含义</p>\n<p>乾卦所包含的范围是：</p>\n<p>凡是积极向上的、刚健有力的、权威的、圆形的、男性长辈、珍贵的、富有的、寒冷的、坚硬易碎的、在上的等事物，都归于乾卦。六十四卦中乾用来象征天、阳、日、君、父、夫、圆、玉、金、冰、寒、马、赤色、快速、快车、不知疲倦等。</p>\n<p>乾与人体对应的部位是：</p>\n<p>头、首、胸部、大肠、肺、右足、右下腹、精液、男性生殖器等。</p>\n<p>六十四卦之中的乾，是两个乾卦同卦相叠而成，象征天，用龙来喻指有德才的君子，又象征纯粹的阳和健，表明兴盛强健。乾卦是根据万物变通的道理，喻示吉祥如意，教导人们顺天道而行。</p>\n<p>乾卦是六十四卦中的第一卦，《序卦》讲述了六十四卦的排列次序，其指出：“有天地，然后万物生焉。”意思是以乾卦为天，以坤卦为地。有天地才能化生万物。乾代表阳刚劲健的主动力，坤则是承受力，两者相摩相荡而变化生出万物。</p>\n<p>《象》中这样解释乾卦：天行健，君子以自强不息。这里指出：天道运行周而复始，永无止息，谁也不能阻挡，君子应效法天道，自立自强，不停地奋斗下去。</p>\n<p>乾卦属于上上卦。《象》中这样来断此卦：困龙得水好运交，不由喜气上眉梢，一切谋望皆如意，向后时运渐渐高。</p>",
    "title": "九五爻",
    "content": "<p>九五爻辞</p><p>九五。飞龙在天，利见大人。</p><p>象曰：飞龙在天，大人造也。</p><p>白话文解释</p><p>九五：龙飞腾在空中，有利于会见贵族王公。</p><p>《象辞》说：龙飞腾在空中，意味着君子大有所为。</p><p>北宋易学家邵雍解</p><p>吉：得此爻者，会遇到贵人，谋遂志得。做官的会飞黄腾达。女命则兼男权，难免孤独。</p><p>台湾国学大儒傅佩荣解</p><p>时运：直上云霄。</p><p>财运：五谷之类的贸易，物价飞升，有官府支持。</p><p>家宅：富贵之家。</p><p>身体：蒙天所召，不吉。</p><p>九五变卦</p><p>九五爻动变得周易第14卦：火天大有。这个卦是异卦（下乾上离）相叠。上卦为离，为火；下卦为乾，为天。火在天上，普照万物，万民归顺，顺天依时，大有所成。</p><p>九五爻的哲学含义：</p><p>从卦象上看，九五属于阳爻居于刚位，五爻是君主之位，是整个卦中最高领导之位。纵观从初九、九二、九三、九四，到九五这里，表达了事情发展的一个过程，龙所象征的阳气经过与阴气的一番抗争，终于飞上天空，像正午的阳光一样普照大地，万物沐浴在温暖的阳光之中，好运气正是如日中天。</p><p>《象》中这样解释本爻：“飞龙在天”，大人造也。这里指出：“龙飞翔在天空”，象征德高势隆的大人物一定会有所作为。</p><p>如果从个人的发展来讲，九五这一爻好比一个有才能的人经过一番努力，终于迎来了大展宏图的机会。本人登上了高位，可以大有一番作为了。占得此爻，表示事业蒸蒸日上，人生得意，运势非常好。</p><p>如果从一个国家的角度来看，占得此卦，可能表示国家将在出现重大事件，举行盛大的活动，国家首脑会亲临现场。</p>",
    "bgtitle": "火天大有",
    "bgcontent": "这个卦是异卦（下乾上离）相叠。上卦为离，为火；下卦为乾，为天。火在天上，普照万物，万民归顺，顺天依时，大有所成。"
}