{
    "gname": "乾为天",
    "gcontent": "<p>周易第一卦详解</p>\n<p>乾卦原文</p>\n<p>乾。元，亨，利，贞。</p>\n<p>象曰：天行健，君子以自强不息。</p>\n<p>白话文解释</p>\n<p>乾卦：大吉大利，吉利的贞卜。</p>\n<p>《象辞》说：天道刚健，运行不已。君子观此卦象，从而以天为法，自强不息。</p>\n<p>《断易天机》解</p>\n<p>乾象征天，六阳爻构成乾卦，为《易经》六十四卦之首。纯阳刚建，其性刚强，其行劲健，大通而至正，兆示大通而有利，但须行正道，方可永远亨通。</p>\n<p>北宋易学家邵雍解</p>\n<p>刚健旺盛，发育之功；完事顺利，谨防太强。</p>\n<p>得此卦者，天行刚健，自强不息，名利双收之象，宜把握机会，争取成果。女人得此卦则有过于刚直之嫌。</p>\n<p>台湾国学大儒傅佩荣解</p>\n<p>时运：临事刚健，自强不息。</p>\n<p>财运：施比受有福，不利买而利卖。</p>\n<p>家宅：积善有余庆；女子过刚宜慎重。</p>\n<p>身体：保健有恒。</p>\n<p>传统解卦</p>\n<p>这个卦是同卦（下乾上乾）相叠。象征天，喻龙（德才的君子），又象征纯粹的阳和健，表明兴盛强健。乾卦是根据万物变通的道理，以“元、亨、利、贞”为卦辞，表示吉祥如意，教导人遵守天道的德行。</p>\n<p>大象：天行刚健，自强不息。</p>\n<p>运势：飞龙在天，名利双收之象，宜把握机会，争取成果。</p>\n<p>事业：大吉大利，万事如意，心想事成，自有天佑，春风得意，事业如日中天。但阳气已达顶点，盛极必衰，务须提高警惕，小心谨慎。力戒骄傲，冷静处世，心境平和，如是则能充分发挥才智，保证事业成功。</p>\n<p>经商：十分顺利，有发展向上的大好机会。但切勿操之过急，宜冷静分析形势，把握时机，坚持商业道德，冷静对待中途出现的困难，定会有满意的结果。</p>\n<p>求名：潜在能力尚未充分发挥，只要进一步努力，克服骄傲自满情绪，进业修德，以渊博学识和高尚品质，成君子之名。</p>\n<p>婚恋：阳盛阴衰，但刚柔可相济，形成美满结果。女性温柔者更佳。</p>\n<p>决策：可成就大的事业。坚持此卦的刚健、正直、公允的实质，修养德行，积累知识，坚定信念，自强不息，必能克服困难，消除灾难。</p>\n<p>第一卦的哲学含义</p>\n<p>乾卦所包含的范围是：</p>\n<p>凡是积极向上的、刚健有力的、权威的、圆形的、男性长辈、珍贵的、富有的、寒冷的、坚硬易碎的、在上的等事物，都归于乾卦。六十四卦中乾用来象征天、阳、日、君、父、夫、圆、玉、金、冰、寒、马、赤色、快速、快车、不知疲倦等。</p>\n<p>乾与人体对应的部位是：</p>\n<p>头、首、胸部、大肠、肺、右足、右下腹、精液、男性生殖器等。</p>\n<p>六十四卦之中的乾，是两个乾卦同卦相叠而成，象征天，用龙来喻指有德才的君子，又象征纯粹的阳和健，表明兴盛强健。乾卦是根据万物变通的道理，喻示吉祥如意，教导人们顺天道而行。</p>\n<p>乾卦是六十四卦中的第一卦，《序卦》讲述了六十四卦的排列次序，其指出：“有天地，然后万物生焉。”意思是以乾卦为天，以坤卦为地。有天地才能化生万物。乾代表阳刚劲健的主动力，坤则是承受力，两者相摩相荡而变化生出万物。</p>\n<p>《象》中这样解释乾卦：天行健，君子以自强不息。这里指出：天道运行周而复始，永无止息，谁也不能阻挡，君子应效法天道，自立自强，不停地奋斗下去。</p>\n<p>乾卦属于上上卦。《象》中这样来断此卦：困龙得水好运交，不由喜气上眉梢，一切谋望皆如意，向后时运渐渐高。</p>",
    "title": "九二爻",
    "content": "<p>九二爻辞</p><p>九二。见龙在田，利见大人。</p><p>象曰：见龙在田，德施普也。</p><p>白话文解释</p><p>九二：龙出现在大地上，有利于会见贵族王公。</p><p>《象辞》说：龙出现在大地上，喻指君子走出了压抑的低谷，正开始谋取能够广泛施予德泽的社会地位。</p><p>北宋易学家邵雍解</p><p>吉：得此爻者，会得到贵人的提拔。做官的会遇到明主，身居要职。读书人考试能获得佳绩。经商者获利。女命逢之，则又富又贵。</p><p>台湾国学大儒傅佩荣解</p><p>时运：得贵人之助，有发展机会。</p><p>财运：开始涨价，官方采购。</p><p>家宅：婚姻大吉。</p><p>身体：运动健身。</p><p>九二变卦</p><p>九二爻动变得周易第13卦：天火同人。这个卦是异卦（下离上乾）相叠，乾为天，为君；离为火，为臣民百姓，上天下火，火性上升，同于天，上下和同，同舟共济，人际关系和谐，天下大同。</p><p>九二爻的哲学含义</p><p>九二：见龙在田，利见大人。爻辞释义：龙出现在田野之上，有利于见到大人物来发展自己。</p><p>见：在这里有两种不同的理解，一种是出现的意思，一种是见到的意思。</p><p>本爻辞的意思是：龙出现在田野上，适宜见到大人。</p><p>从卦象上看，九二属于阳爻居于阴位，属于失位，但是位于下卦之中，居中。二为地之上，表示龙已经崭露头角，才华受到注意了，这时见到大人是有利的。因为这个时候虽然具备了一定的能力，但是还很有限，如果有遇到大人物，可以获得进一步的磨炼和栽培，另外若得到大人物的提携，会更加顺利。这个大人就是自己的贵人。最典铟的例子就是舜的经历，舜在耕田、捕负时，由于表现优秀，被尧所赏识，舜就是“利见大人”。</p><p>如果从人的一生来宥，这一阶段相当于25-35岁左右，表明经过一定时期的学习和积累，具备了一定的能力，到了渐露头角、一展身手的时候，这个时候，若是有贵人相助，会更有利于成功。</p>",
    "bgtitle": "天火同人",
    "bgcontent": "这个卦是异卦（下离上乾）相叠，乾为天，为君；离为火，为臣民百姓，上天下火，火性上升，同于天，上下和同，同舟共济，人际关系和谐，天下大同。"
}