{
    "gname": "天泽履",
    "gcontent": "<p>周易第十卦详解</p>\n<p>履卦原文</p>\n<p>履。履虎尾，不咥人，亨。</p>\n<p>象曰：上天下泽，履。君子以辨上下，定民志。</p>\n<p>白话文解释</p>\n<p>履卦：踩着虎尾巴，老虎不咬人，吉利。</p>\n<p>《象辞》说：本卦上卦为乾，为天，下卦为兑，为泽，上天下泽，尊卑显别，这是履卦的卦象。君子观此卦象，从而分别上下尊卑，使人民循规蹈矩，安份守纪。</p>\n<p>《断易天机》解</p>\n<p>履卦乾上兑下，为艮宫五世卦。履为履行之意，又寓意礼，提示占筮者要兢兢戒惧，遵守礼节，这样才有惊无险。</p>\n<p>北宋易学家邵雍解</p>\n<p>步履不安，困难危险；谦虚自重，敬慎事主。</p>\n<p>得此卦者，困难时期，多坎坷不顺，万事不宜急进，须循序渐进，谨慎行事。</p>\n<p>台湾国学大儒傅佩荣解</p>\n<p>时运：依序升进，不可攀缘。</p>\n<p>财运：明察货品，待时而售。</p>\n<p>家宅：门庭严整。</p>\n<p>身体：疏通气血。</p>\n<p>传统解卦</p>\n<p>这个卦是异卦（下兑上乾）相叠，乾为天，兑为泽，以天喻君，以泽喻民，原文：“履（踩）虎尾，不咥（咬）人”。因此，结果吉利。君上民下，各得其位。兑柔遇乾刚，所履危。履意为实践，卦义是脚踏实地的向前进取的意思。</p>\n<p>大象：柔弱遇刚强，欲行却难行之象，难且危也。</p>\n<p>运势：先劳而后逸，始惊而后安，百事不宜急进，须以和待人，有惊无险。</p>\n<p>事业：起初很不顺利，受到种种威胁，若能提高警惕，谨小慎微，脚踏实地，逐个地去克服困难，不改变自己的决心，一定可以达到目的。办事有自知之明，务必量力而行，不可不顾实际，尤其不得逞强，急于求成。</p>\n<p>经商：宜待观动静，勿为小利而动摇自己计划，尤其不得贪得无厌，遵循商业道德，了解全面信息。</p>\n<p>求名：务必有恒心，孜孜以求，不为财富利诱，不为世俗干扰，坚持自己的志向和理想，可以取得成功。</p>\n<p>婚恋：双方安贫乐道，可和睦相处，若一方为富贵所动，会发生婚变。</p>\n<p>决策：诸事必须小心慎重，不利的情况经常会出现，但若能处理得好，总会是有惊无险，化险为夷。为此，办事必须认认真真，遵循正道，虚心听取别人的建议，量力而行，切莫自负逞强，一定会有好的结果。</p>\n<p>第十卦</p>\n<p>的哲学含义：</p>\n<p>履卦，这个卦是异卦相叠，下卦为兑，上卦为乾。乾为天;兑为泽，以天喻君，以泽喻民。君上民下，各得其位。</p>\n<p>从卦像上看，履卦是兑下乾上。乾刚健，才德无比，这正是兑所不能及的。</p>\n<p>从卦形我们还能看出，乾为天在上，兑为泽在下，这意味着天在下雨，地则把雨水汇集为泽。这是顺乎自然、合乎事物存在和发展规律的。所以在学习和实践之中，还要遵循自然的规律。</p>\n<p>履卦是兑下乾上，传统称作天泽履。这一卦的卦形，恰好与“小畜”上下相反。彼此是相对卦，一停一进交互为用。《序卦传》说：“物畜然后有礼，故受之以履。履者，礼也。”这是说，物资蓄积后，就要制定礼节，将“履”解释为“礼”。“礼”与“履”同音，“礼”必须人来履行，所以这样解释。</p>\n<p>在易经之中，履这一卦主要是践履、履行的意思。《杂卦》说：“履，不处也。”履是行进而不停留。《说文》中指出：“履，足所依也。”履是脚上穿的鞋子。综上所述，履的本义是鞋子，引伸为践履，履进，礼节。古人认为，人的行动要受到礼的节制，不然就会乱来，故履有该怎样行动的意思，这就是礼。</p>\n<p>履卦与小畜互为综卦，这两卦的卦爻结构都是一阴对五阳，但是小畜卦的六四以阴居阴，当位得正，柔顺利贞，能够蓄止刚势力前进的势头，而履卦的六三以阴居阳，本身也带有一事实上的刚性，由此而形成的态势就不是如同小畜卦那样的以柔软蓄刚，而是以刚遇刚了。</p>\n<p>履卦的智慧之象，有笠，成立义;文书破，损义;女子乃好，有伞有所庇盖;卓旗官人边坐，门旗义;堠上有千里字，坐镇千里之侯伯。</p>",
    "title": "九三爻",
    "content": "<p>六三爻辞</p><p>六三。眇能视，跛能履。履虎尾，咥人，凶。武人为于大君。</p><p>象曰：眇能视，不足以有明也。跛能履，不足以与行也。咥人之凶，位不当也。武人为于大君，志刚也。</p><p>白话文解释</p><p>六三：瞎了眼睛却要看物，跛了脚却要行走，这是勉为其难，犹如踩着虎尾巴，终将为虎所伤。这是凶险之事。武人纂夺国政，同样是凶险之事。</p><p>《象辞》说：瞎了眼睛却要看物，其视力不足以辨物。跛了脚却要行走，其脚力不足以行路。老虎之所以伤人，因为六三阴爻而居于阳位，所处不当。武人纂夺国政，这是僭越犯上，以六三之位而行九五之志，必遭祸殃。</p><p>北宋易学家邵雍解</p><p>凶：得此爻者，会有争诉，囚狱之扰，甚者家破人亡。做官的则会有被贬职之祸。</p><p>台湾国学大儒傅佩荣解</p><p>时运：退守为宜，妄动则凶。</p><p>财运：被人欺弄，货物滞销。</p><p>家宅：暗昧不明，以小凌大。</p><p>身体：保养眼睛与脚部。</p><p>六三变卦</p><p>六三爻动变得周易第1卦：乾为天。这个卦是同卦（下乾上乾）相叠。象征天，喻龙（德才的君子），又象征纯粹的阳和健，表明兴盛强健。乾卦是根据万物变通的道理，以“元、亨、利、贞”为卦辞，表示吉祥如意，教导人遵守天道的德行。</p><p>九三爻</p><p>的哲学含义：</p><p>六三这一爻辞告诉人们的道理就是：莫逞匹夫之勇。</p><p>从卦象上看，六三这一爻属于阴爻居于阳位，失位而且不居中。阴爻代表能力很弱，只宜顺守，不宜盲目亢进追随诸阳去冒险。</p><p>占得此卦者，切忌逞强，要安守本分，只做力所能及的事情。也不要过于悲观，你的处境还不是最坏，就像眼睛虽然有毛病，但是不影响看东西，腿脚有毛病，但是还能行走一样。这种时候，可选力所能及的事情来做，以避免凶险。</p><p>六三爻是履卦的唯一一个阴爻，可是它却没有小畜的唯一的阴爻运气好。为什么呢?因为首先它阴爻居于奇位，既不得位又不居中;其次，它凌驾于两个刚爻之上，以柔乘刚自然得不到下面阳爻的拥护。所以这个六三爻就像瞎了一只眼的人看东西，跋了一条腿还要走路一样，是不会走得长远的。所以会凶险。六三虽然也想统治五个阳爻，但却像武士想当天子一样可笑。这句受辞是告诫人们，自己的目标要与自己的能力及所处的地位相适宜，否则，只能是招致凶险。</p>",
    "bgtitle": "乾为天",
    "bgcontent": ""
}