{
    "gname": "天泽履",
    "gcontent": "<p>周易第十卦详解</p>\n<p>履卦原文</p>\n<p>履。履虎尾，不咥人，亨。</p>\n<p>象曰：上天下泽，履。君子以辨上下，定民志。</p>\n<p>白话文解释</p>\n<p>履卦：踩着虎尾巴，老虎不咬人，吉利。</p>\n<p>《象辞》说：本卦上卦为乾，为天，下卦为兑，为泽，上天下泽，尊卑显别，这是履卦的卦象。君子观此卦象，从而分别上下尊卑，使人民循规蹈矩，安份守纪。</p>\n<p>《断易天机》解</p>\n<p>履卦乾上兑下，为艮宫五世卦。履为履行之意，又寓意礼，提示占筮者要兢兢戒惧，遵守礼节，这样才有惊无险。</p>\n<p>北宋易学家邵雍解</p>\n<p>步履不安，困难危险；谦虚自重，敬慎事主。</p>\n<p>得此卦者，困难时期，多坎坷不顺，万事不宜急进，须循序渐进，谨慎行事。</p>\n<p>台湾国学大儒傅佩荣解</p>\n<p>时运：依序升进，不可攀缘。</p>\n<p>财运：明察货品，待时而售。</p>\n<p>家宅：门庭严整。</p>\n<p>身体：疏通气血。</p>\n<p>传统解卦</p>\n<p>这个卦是异卦（下兑上乾）相叠，乾为天，兑为泽，以天喻君，以泽喻民，原文：“履（踩）虎尾，不咥（咬）人”。因此，结果吉利。君上民下，各得其位。兑柔遇乾刚，所履危。履意为实践，卦义是脚踏实地的向前进取的意思。</p>\n<p>大象：柔弱遇刚强，欲行却难行之象，难且危也。</p>\n<p>运势：先劳而后逸，始惊而后安，百事不宜急进，须以和待人，有惊无险。</p>\n<p>事业：起初很不顺利，受到种种威胁，若能提高警惕，谨小慎微，脚踏实地，逐个地去克服困难，不改变自己的决心，一定可以达到目的。办事有自知之明，务必量力而行，不可不顾实际，尤其不得逞强，急于求成。</p>\n<p>经商：宜待观动静，勿为小利而动摇自己计划，尤其不得贪得无厌，遵循商业道德，了解全面信息。</p>\n<p>求名：务必有恒心，孜孜以求，不为财富利诱，不为世俗干扰，坚持自己的志向和理想，可以取得成功。</p>\n<p>婚恋：双方安贫乐道，可和睦相处，若一方为富贵所动，会发生婚变。</p>\n<p>决策：诸事必须小心慎重，不利的情况经常会出现，但若能处理得好，总会是有惊无险，化险为夷。为此，办事必须认认真真，遵循正道，虚心听取别人的建议，量力而行，切莫自负逞强，一定会有好的结果。</p>\n<p>第十卦</p>\n<p>的哲学含义：</p>\n<p>履卦，这个卦是异卦相叠，下卦为兑，上卦为乾。乾为天;兑为泽，以天喻君，以泽喻民。君上民下，各得其位。</p>\n<p>从卦像上看，履卦是兑下乾上。乾刚健，才德无比，这正是兑所不能及的。</p>\n<p>从卦形我们还能看出，乾为天在上，兑为泽在下，这意味着天在下雨，地则把雨水汇集为泽。这是顺乎自然、合乎事物存在和发展规律的。所以在学习和实践之中，还要遵循自然的规律。</p>\n<p>履卦是兑下乾上，传统称作天泽履。这一卦的卦形，恰好与“小畜”上下相反。彼此是相对卦，一停一进交互为用。《序卦传》说：“物畜然后有礼，故受之以履。履者，礼也。”这是说，物资蓄积后，就要制定礼节，将“履”解释为“礼”。“礼”与“履”同音，“礼”必须人来履行，所以这样解释。</p>\n<p>在易经之中，履这一卦主要是践履、履行的意思。《杂卦》说：“履，不处也。”履是行进而不停留。《说文》中指出：“履，足所依也。”履是脚上穿的鞋子。综上所述，履的本义是鞋子，引伸为践履，履进，礼节。古人认为，人的行动要受到礼的节制，不然就会乱来，故履有该怎样行动的意思，这就是礼。</p>\n<p>履卦与小畜互为综卦，这两卦的卦爻结构都是一阴对五阳，但是小畜卦的六四以阴居阴，当位得正，柔顺利贞，能够蓄止刚势力前进的势头，而履卦的六三以阴居阳，本身也带有一事实上的刚性，由此而形成的态势就不是如同小畜卦那样的以柔软蓄刚，而是以刚遇刚了。</p>\n<p>履卦的智慧之象，有笠，成立义;文书破，损义;女子乃好，有伞有所庇盖;卓旗官人边坐，门旗义;堠上有千里字，坐镇千里之侯伯。</p>",
    "title": "九四爻",
    "content": "<p>九四爻辞</p><p>九四。履虎尾，愬愬，终吉。</p><p>象曰：愬愬终吉，志行也。</p><p>白话文解释</p><p>九四：踩着虎尾巴，但能遇险知惧，最后仍吉利。</p><p>《象辞》说：恐惧警惕，终归于吉，说明虽历磨难，但志愿得行。</p><p>北宋易学家邵雍解</p><p>平：得此爻者，会有危险，宜温和自持，可免灾祸。做官的会有虎符将帅之兆。读书人将会取得不错的佳绩。</p><p>台湾国学大儒傅佩荣解</p><p>时运：温和笃实，终可免祸。</p><p>财运：不急求售，终获利益。</p><p>家宅：平稳持家。</p><p>身体：谨慎走路。</p><p>九四变卦</p><p>九四爻动变得周易第61卦：风泽中孚。这个卦是异卦（下兑上巽）相叠。孚本义孵，孵卵出壳的日期非常准确，有信的意义。卦形外实内虚，喻心中诚信，所以称中孚卦。这是立身处世的根本。</p><p>九四爻</p><p>的哲学含义：</p><p>从卦象上看，九四处于上卦乾的下位，紧挨着九五君主的位置，九四为近君大臣，有尾随虎君之象。但是，九四又表现出极为驯服，心怀恐惧之象。</p><p>《象》曰：“恝恝终吉”，志行也。这句话的意思是说，“感到恐惧害怕，但谨慎小心，终久获得吉祥”，说明小心遵循礼仪而行就能实现自己的志愿。</p><p>占得此卦的人，在做事和与人交往时，要有步履薄冰的感觉，小心谨慎，就能度过危险，而迎得圆满的结果。</p><p>九四位于九五君位之下，所以也会犯些错误——履虎尾，不过九四能够以恐惧之心对待这件事，明白自己的过失，内心反省，更加谨慎行事，所以最终吉祥。</p><p>“九四”不中不正而近君，有踩虎尾的危险。但居阴位，能恐惧小心地走在虎后，终会吉祥。</p>",
    "bgtitle": "风泽中孚",
    "bgcontent": "这个卦是异卦（下兑上巽）相叠。孚本义孵，孵卵出壳的日期非常准确，有信的意义。卦形外实内虚，喻心中诚信，所以称中孚卦。这是立身处世的根本。"
}