{
    "gname": "天泽履",
    "gcontent": "<p>周易第十卦详解</p>\n<p>履卦原文</p>\n<p>履。履虎尾，不咥人，亨。</p>\n<p>象曰：上天下泽，履。君子以辨上下，定民志。</p>\n<p>白话文解释</p>\n<p>履卦：踩着虎尾巴，老虎不咬人，吉利。</p>\n<p>《象辞》说：本卦上卦为乾，为天，下卦为兑，为泽，上天下泽，尊卑显别，这是履卦的卦象。君子观此卦象，从而分别上下尊卑，使人民循规蹈矩，安份守纪。</p>\n<p>《断易天机》解</p>\n<p>履卦乾上兑下，为艮宫五世卦。履为履行之意，又寓意礼，提示占筮者要兢兢戒惧，遵守礼节，这样才有惊无险。</p>\n<p>北宋易学家邵雍解</p>\n<p>步履不安，困难危险；谦虚自重，敬慎事主。</p>\n<p>得此卦者，困难时期，多坎坷不顺，万事不宜急进，须循序渐进，谨慎行事。</p>\n<p>台湾国学大儒傅佩荣解</p>\n<p>时运：依序升进，不可攀缘。</p>\n<p>财运：明察货品，待时而售。</p>\n<p>家宅：门庭严整。</p>\n<p>身体：疏通气血。</p>\n<p>传统解卦</p>\n<p>这个卦是异卦（下兑上乾）相叠，乾为天，兑为泽，以天喻君，以泽喻民，原文：“履（踩）虎尾，不咥（咬）人”。因此，结果吉利。君上民下，各得其位。兑柔遇乾刚，所履危。履意为实践，卦义是脚踏实地的向前进取的意思。</p>\n<p>大象：柔弱遇刚强，欲行却难行之象，难且危也。</p>\n<p>运势：先劳而后逸，始惊而后安，百事不宜急进，须以和待人，有惊无险。</p>\n<p>事业：起初很不顺利，受到种种威胁，若能提高警惕，谨小慎微，脚踏实地，逐个地去克服困难，不改变自己的决心，一定可以达到目的。办事有自知之明，务必量力而行，不可不顾实际，尤其不得逞强，急于求成。</p>\n<p>经商：宜待观动静，勿为小利而动摇自己计划，尤其不得贪得无厌，遵循商业道德，了解全面信息。</p>\n<p>求名：务必有恒心，孜孜以求，不为财富利诱，不为世俗干扰，坚持自己的志向和理想，可以取得成功。</p>\n<p>婚恋：双方安贫乐道，可和睦相处，若一方为富贵所动，会发生婚变。</p>\n<p>决策：诸事必须小心慎重，不利的情况经常会出现，但若能处理得好，总会是有惊无险，化险为夷。为此，办事必须认认真真，遵循正道，虚心听取别人的建议，量力而行，切莫自负逞强，一定会有好的结果。</p>\n<p>第十卦</p>\n<p>的哲学含义：</p>\n<p>履卦，这个卦是异卦相叠，下卦为兑，上卦为乾。乾为天;兑为泽，以天喻君，以泽喻民。君上民下，各得其位。</p>\n<p>从卦像上看，履卦是兑下乾上。乾刚健，才德无比，这正是兑所不能及的。</p>\n<p>从卦形我们还能看出，乾为天在上，兑为泽在下，这意味着天在下雨，地则把雨水汇集为泽。这是顺乎自然、合乎事物存在和发展规律的。所以在学习和实践之中，还要遵循自然的规律。</p>\n<p>履卦是兑下乾上，传统称作天泽履。这一卦的卦形，恰好与“小畜”上下相反。彼此是相对卦，一停一进交互为用。《序卦传》说：“物畜然后有礼，故受之以履。履者，礼也。”这是说，物资蓄积后，就要制定礼节，将“履”解释为“礼”。“礼”与“履”同音，“礼”必须人来履行，所以这样解释。</p>\n<p>在易经之中，履这一卦主要是践履、履行的意思。《杂卦》说：“履，不处也。”履是行进而不停留。《说文》中指出：“履，足所依也。”履是脚上穿的鞋子。综上所述，履的本义是鞋子，引伸为践履，履进，礼节。古人认为，人的行动要受到礼的节制，不然就会乱来，故履有该怎样行动的意思，这就是礼。</p>\n<p>履卦与小畜互为综卦，这两卦的卦爻结构都是一阴对五阳，但是小畜卦的六四以阴居阴，当位得正，柔顺利贞，能够蓄止刚势力前进的势头，而履卦的六三以阴居阳，本身也带有一事实上的刚性，由此而形成的态势就不是如同小畜卦那样的以柔软蓄刚，而是以刚遇刚了。</p>\n<p>履卦的智慧之象，有笠，成立义;文书破，损义;女子乃好，有伞有所庇盖;卓旗官人边坐，门旗义;堠上有千里字，坐镇千里之侯伯。</p>",
    "title": "九二爻",
    "content": "<p>九二爻辞</p><p>九二。履道坦坦，幽人贞吉。</p><p>象曰：幽人贞吉，中不自乱也。</p><p>白话文解释</p><p>九二：行道之人，胸怀坦荡；隐居之人，长逢吉兆。</p><p>《象辞》说：隐居之人洁身守正，因为他们秉性中正，不被世俗所惑。</p><p>北宋易学家邵雍解</p><p>平：得此爻者，安然自乐，修身养性。做官的会有全身而退之兆。</p><p>台湾国学大儒傅佩荣解</p><p>时运：高尚其志，修身以道。</p><p>财运：物价稳定，稍有小利。</p><p>家宅：分析财产，小心损耗。</p><p>身体：保养眼睛。</p><p>九二变卦</p><p>九二爻动变得周易第25卦：天雷无妄。这个卦是异卦（下震上乾）相叠。乾为天为刚为健；震为雷为刚为动。动而健，刚阳盛，人心振奋，必有所得，但唯循纯正，不可妄行。无妄必有获，必可致福。</p><p>九二爻</p><p>的哲学含义：</p><p>从卦象上看，九二位下卦之中，直道中行，以实才干事。但是其属于阳爻居于阴位，失位。从卦中所看九二的处境，可以说是进而有碍，强行有忧。以幽处守志为吉，幽处非无所作为，而是深自砥砺，不断增益。</p><p>《象》曰：“幽人贞吉”，中不自乱也。意思是说，“幽居的人可获吉祥”，说明自己内心平静自然毫不紊乱，循礼仪而行的信念坚固。</p><p>占得此卦的人，可能所处的形势对你不利，不能一展才华，大施身手，但是，可以趁这个机会来磨炼自己，比如清代富商胡雪岩在年轻时，因帮助朋友而被辞退在家，无事可做时，他就开始练习算盘，学习记账。他这就是在为以后的发展打基础。占得此卦者，可以趁这个机会学习知识，独善其身，增强自己的能力。</p><p>九二与九五爻不相应，所以得不到九五的支持，可是他能够居中守正，并且做事提前做好谋划，虽然不得位也会吉祥。大大方方走在平坦的大道上，可是内心却早已把应对各种危险的方法考虑周全了，怎么会不吉祥呢?这就好比拿破仑所说，作为一名合格的将领，应当随时考虑好发生意外时的解决办法。这位世界军事奇才正是在平时养成了战略部署习惯，所以他才能够成为常胜将军。</p><p>“九二”阳刚得中，似心怀坦荡的隐士，执者纯正，不求闻达，不被世俗所扰，当然吉祥。</p>",
    "bgtitle": "天雷无妄",
    "bgcontent": "这个卦是异卦（下震上乾）相叠。乾为天为刚为健；震为雷为刚为动。动而健，刚阳盛，人心振奋，必有所得，但唯循纯正，不可妄行。无妄必有获，必可致福。"
}