{
    "gname": "天火同人",
    "gcontent": "<p>周易第十三卦详解</p>\n<p>同人卦原文</p>\n<p>同人。同人于野，亨。利涉大川，利君子贞。</p>\n<p>象曰：天与火，同人；君子以类族辨物。</p>\n<p>白话文解释</p>\n<p>同人卦：聚众于郊外，将行大事，吉利。有利于涉水渡河，有利于君子的卜问。</p>\n<p>《象辞》说：同人之卦，上卦为乾为天为君王，下卦为离为火为臣民，上乾下离象征君王上情下达，臣民下情上达，君臣意志和同，这是同人的卦象。君子观此卦象，取法于火，明烛天地，照亮幽隐，从而去分析物类，辨明情状。</p>\n<p>《断易天机》解</p>\n<p>同人卦乾上离下，为离宫归魂卦。同人卦象征交结情深，两人契义，同心断金。主所求皆得，事事称心。</p>\n<p>北宋易学家邵雍解</p>\n<p>人类相亲，与人和同；所求皆得，无不称心。</p>\n<p>得此卦者，吉祥如意，与人合作共事更佳，上下同心，谋事有成。</p>\n<p>台湾国学大儒傅佩荣解</p>\n<p>时运：朋友支持，升迁顺利。</p>\n<p>财运：合资有利，可以进取。</p>\n<p>家宅：合家欢喜。</p>\n<p>身体：燥热之症，另求良医。</p>\n<p>传统解卦</p>\n<p>这个卦是异卦（下离上乾）相叠，乾为天，为君；离为火，为臣民百姓，上天下火，火性上升，同于天，上下和同，同舟共济，人际关系和谐，天下大同。</p>\n<p>大象：二人同心，其利断金，君子正心诚意，与人和同之象。</p>\n<p>运势：如意吉祥，与人共事，上下皆和，又得长辈提拔。</p>\n<p>事业：顺利、平安，尤其是在与他人的合作方面会十分成功，宜广泛开展人际活动，建立广泛的联系，克服狭隘的门户之见，照顾各方面的利益，求大同，存小异，坚持正确的原则，必能成就大事业。</p>\n<p>经商：以真诚合作、精诚团结的态度与同行共事，公平竞争，必可获得自己应得的利益。</p>\n<p>求名：自己必须刻苦努力，尤其要取得师长和志同道合的朋友指教、帮助，自己虚心进取，完全能够达到目的。</p>\n<p>婚恋：多情、善交际，认识的异性朋友多，故需慎重选择，注意维护双方关系和家庭和睦。</p>\n<p>决策：性格开朗、乐观，为人热情，人际关系好，社交能力强，要善于同他人合作，尤其要协调多方面的关系，要有原则性，与不良风气斗争，有魄力，敢作敢为，富有自我奉献精神，并具有统御能力，适于担任一定的负责。</p>\n<p>第十三卦的哲学含义</p>\n<p>天火同人卦是异卦相叠而成，下卦为离，上卦为乾。乾为天，为阳，高高在上，把光明洒向人间，给人带来光明，带来温暖。离为火，在下，火光熊熊，也能给人带来光明，带来温暖。由此可见，太阳和火两者的位置虽然不同，但是作用却是一样，可谓是志同道合，由此称为同人。</p>\n<p>《象》曰：天与火，同人；君子以类族辨物。这是告诉人们说，君子要明白物以类聚，人以群分的道理，明辨事物，求同存异，团结众人以治理天下。</p>\n<p>同人卦象征上下和同，属于中上卦。《象》中这样来断此卦：心中有事犯猜疑，谋望从前不着实，幸遇明人来指引，诸般忧闷自消之。</p>",
    "title": "九五爻",
    "content": "<p>九五爻辞</p><p>九五。同人，先号啕而后笑，大师克相遇。</p><p>象曰：同人之先，以中直也。大师相遇，言相克也。</p><p>白话文解释</p><p>九五：聚集起来的大众先哭嚎后欢笑，因为大军及时增援，大获胜仗。</p><p>《象辞》说：聚集起来的大众之所以先哭后笑（战斗转败为胜），因为筮遇此爻，九五居上卦之中位，像人得贞正之道，势必化凶为吉。大军会师，是说我军压倒了敌人。</p><p>北宋易学家邵雍解</p><p>平：得此爻者，先难后易，是非不一。做官的会先贬后升。</p><p>台湾国学大儒傅佩荣解</p><p>时运：辛苦有成，得偿心愿。</p><p>财运：小有挫折，终有大利。</p><p>家宅：不必惊惶，终于平安。</p><p>身体：先危后安。</p><p>九五变卦</p><p>九五爻动变得周易第30卦：离为火。这个卦是同卦（下离上离）相叠。离者丽也，附着之意，一阴附丽，上下二阳，该卦象征火，内空外明。离为火、为明，太阳反复升落，运行不息，柔顺为心。</p><p>九五爻</p><p>的哲学含义</p><p>同人卦第五爻，爻辞：九五：同人，先号眺，而后笑，大师克相遇。</p><p>《象》中这样解释本爻：同人之先，以中直也；大师相遇，天罔极上遇，言相克也。</p><p>这是在说，开始大声痛哭，说明这时内心中正诚信，因不知战事的胜败而焦急痛哭；大军遇到了志同道合者，终于获得了战争的胜利，于是欢笑起来。</p><p>在寻找志同道合的人时，肯定会有些阻力，不是轻易就能找到的，你可能为此深深痛苦过。但是只要你不放弃，克服这些阻力，终将会达到目的，露出笑颜。</p><p>占得此爻者，当与合作者的谈判正僵持不下时，可能意外地出现一个第三方，使事情向对你有利的方向发展。这个时候，你可以视第三方为“同人”，并想办法扩大自己的战果。</p>",
    "bgtitle": "离为火",
    "bgcontent": ""
}