{
    "gname": "天火同人",
    "gcontent": "<p>周易第十三卦详解</p>\n<p>同人卦原文</p>\n<p>同人。同人于野，亨。利涉大川，利君子贞。</p>\n<p>象曰：天与火，同人；君子以类族辨物。</p>\n<p>白话文解释</p>\n<p>同人卦：聚众于郊外，将行大事，吉利。有利于涉水渡河，有利于君子的卜问。</p>\n<p>《象辞》说：同人之卦，上卦为乾为天为君王，下卦为离为火为臣民，上乾下离象征君王上情下达，臣民下情上达，君臣意志和同，这是同人的卦象。君子观此卦象，取法于火，明烛天地，照亮幽隐，从而去分析物类，辨明情状。</p>\n<p>《断易天机》解</p>\n<p>同人卦乾上离下，为离宫归魂卦。同人卦象征交结情深，两人契义，同心断金。主所求皆得，事事称心。</p>\n<p>北宋易学家邵雍解</p>\n<p>人类相亲，与人和同；所求皆得，无不称心。</p>\n<p>得此卦者，吉祥如意，与人合作共事更佳，上下同心，谋事有成。</p>\n<p>台湾国学大儒傅佩荣解</p>\n<p>时运：朋友支持，升迁顺利。</p>\n<p>财运：合资有利，可以进取。</p>\n<p>家宅：合家欢喜。</p>\n<p>身体：燥热之症，另求良医。</p>\n<p>传统解卦</p>\n<p>这个卦是异卦（下离上乾）相叠，乾为天，为君；离为火，为臣民百姓，上天下火，火性上升，同于天，上下和同，同舟共济，人际关系和谐，天下大同。</p>\n<p>大象：二人同心，其利断金，君子正心诚意，与人和同之象。</p>\n<p>运势：如意吉祥，与人共事，上下皆和，又得长辈提拔。</p>\n<p>事业：顺利、平安，尤其是在与他人的合作方面会十分成功，宜广泛开展人际活动，建立广泛的联系，克服狭隘的门户之见，照顾各方面的利益，求大同，存小异，坚持正确的原则，必能成就大事业。</p>\n<p>经商：以真诚合作、精诚团结的态度与同行共事，公平竞争，必可获得自己应得的利益。</p>\n<p>求名：自己必须刻苦努力，尤其要取得师长和志同道合的朋友指教、帮助，自己虚心进取，完全能够达到目的。</p>\n<p>婚恋：多情、善交际，认识的异性朋友多，故需慎重选择，注意维护双方关系和家庭和睦。</p>\n<p>决策：性格开朗、乐观，为人热情，人际关系好，社交能力强，要善于同他人合作，尤其要协调多方面的关系，要有原则性，与不良风气斗争，有魄力，敢作敢为，富有自我奉献精神，并具有统御能力，适于担任一定的负责。</p>\n<p>第十三卦的哲学含义</p>\n<p>天火同人卦是异卦相叠而成，下卦为离，上卦为乾。乾为天，为阳，高高在上，把光明洒向人间，给人带来光明，带来温暖。离为火，在下，火光熊熊，也能给人带来光明，带来温暖。由此可见，太阳和火两者的位置虽然不同，但是作用却是一样，可谓是志同道合，由此称为同人。</p>\n<p>《象》曰：天与火，同人；君子以类族辨物。这是告诉人们说，君子要明白物以类聚，人以群分的道理，明辨事物，求同存异，团结众人以治理天下。</p>\n<p>同人卦象征上下和同，属于中上卦。《象》中这样来断此卦：心中有事犯猜疑，谋望从前不着实，幸遇明人来指引，诸般忧闷自消之。</p>",
    "title": "初九爻",
    "content": "<p>初九爻辞</p><p>初九。同人于门，无咎。</p><p>象曰：出门同人，又谁咎也。</p><p>白话文解释</p><p>初九：聚集大众于王门，将行大事，没有灾祸。</p><p>《象辞》说：君王走出王门与国人打成一片，谁又会遭受灾祸呢？</p><p>北宋易学家邵雍解</p><p>平：得此爻者，能与人合伙经营获利，或出家远行，或修造门户，或在他处学习。做官的或会受到重用，或有升迁之机。</p><p>台湾国学大儒傅佩荣解</p><p>时运：眼前平顺，外出经营。</p><p>财运：不宜开店，可以行商。</p><p>家宅：家人和睦。</p><p>身体：避地调养，可以无碍。</p><p>初九变卦</p><p>初九爻动变得周易第33卦：天山遁。这个卦是异卦（下艮上乾）相叠。乾为天，艮为山。天下有山，山高天退。阴长阳消，小人得势，君子退隐，明哲保身，伺机救天下。</p><p>初九爻</p><p>的哲学含义</p><p>初九这一爻为同人卦最初始的状态，这一爻属于阳爻居刚位，位正，得势。与“九四”同性相斥，不相应；但也象征他们中间没有私情存在，与人交往的公正与广阔。所以说，是在门外与人交往。虽然没有到达“卦辞”中的“野”那样的大同程度，但已超越在一门之内的狭隘的近亲关系。像这样交往广阔，当然不会有过失。</p><p>如果你在做事时，出于公心，不偏私，不护短，那么就能得志同道合的人，来一起开创事业。</p><p>走出家门，去与志同道合的人相聚，怎么会有过失呢？有了问题，到外面求众人的帮助，怎么会有过失呢？走出家门，脱离自己的小圈子，到民众中去，怎么会有过失呢？这就是“同人干门，无咎”。在我国古代，一般有了大事，君王不能解决的大事，便要贴皇榜，请天下有能力之人前来解决。</p><p>这皇榜一般贴在午门外或城门口，可以使更多的人看到。这就是“同人于门”。</p><p>所以说，“同人于门”即有求天下贤人辅佐的意思，又有与民众打成一片的意思。能做到这些，肯定不会有过失的。</p>",
    "bgtitle": "天山遁",
    "bgcontent": "这个卦是异卦（下艮上乾）相叠。乾为天，艮为山。天下有山，山高天退。阴长阳消，小人得势，君子退隐，明哲保身，伺机救天下。"
}