{
    "gname": "天火同人",
    "gcontent": "<p>周易第十三卦详解</p>\n<p>同人卦原文</p>\n<p>同人。同人于野，亨。利涉大川，利君子贞。</p>\n<p>象曰：天与火，同人；君子以类族辨物。</p>\n<p>白话文解释</p>\n<p>同人卦：聚众于郊外，将行大事，吉利。有利于涉水渡河，有利于君子的卜问。</p>\n<p>《象辞》说：同人之卦，上卦为乾为天为君王，下卦为离为火为臣民，上乾下离象征君王上情下达，臣民下情上达，君臣意志和同，这是同人的卦象。君子观此卦象，取法于火，明烛天地，照亮幽隐，从而去分析物类，辨明情状。</p>\n<p>《断易天机》解</p>\n<p>同人卦乾上离下，为离宫归魂卦。同人卦象征交结情深，两人契义，同心断金。主所求皆得，事事称心。</p>\n<p>北宋易学家邵雍解</p>\n<p>人类相亲，与人和同；所求皆得，无不称心。</p>\n<p>得此卦者，吉祥如意，与人合作共事更佳，上下同心，谋事有成。</p>\n<p>台湾国学大儒傅佩荣解</p>\n<p>时运：朋友支持，升迁顺利。</p>\n<p>财运：合资有利，可以进取。</p>\n<p>家宅：合家欢喜。</p>\n<p>身体：燥热之症，另求良医。</p>\n<p>传统解卦</p>\n<p>这个卦是异卦（下离上乾）相叠，乾为天，为君；离为火，为臣民百姓，上天下火，火性上升，同于天，上下和同，同舟共济，人际关系和谐，天下大同。</p>\n<p>大象：二人同心，其利断金，君子正心诚意，与人和同之象。</p>\n<p>运势：如意吉祥，与人共事，上下皆和，又得长辈提拔。</p>\n<p>事业：顺利、平安，尤其是在与他人的合作方面会十分成功，宜广泛开展人际活动，建立广泛的联系，克服狭隘的门户之见，照顾各方面的利益，求大同，存小异，坚持正确的原则，必能成就大事业。</p>\n<p>经商：以真诚合作、精诚团结的态度与同行共事，公平竞争，必可获得自己应得的利益。</p>\n<p>求名：自己必须刻苦努力，尤其要取得师长和志同道合的朋友指教、帮助，自己虚心进取，完全能够达到目的。</p>\n<p>婚恋：多情、善交际，认识的异性朋友多，故需慎重选择，注意维护双方关系和家庭和睦。</p>\n<p>决策：性格开朗、乐观，为人热情，人际关系好，社交能力强，要善于同他人合作，尤其要协调多方面的关系，要有原则性，与不良风气斗争，有魄力，敢作敢为，富有自我奉献精神，并具有统御能力，适于担任一定的负责。</p>\n<p>第十三卦的哲学含义</p>\n<p>天火同人卦是异卦相叠而成，下卦为离，上卦为乾。乾为天，为阳，高高在上，把光明洒向人间，给人带来光明，带来温暖。离为火，在下，火光熊熊，也能给人带来光明，带来温暖。由此可见，太阳和火两者的位置虽然不同，但是作用却是一样，可谓是志同道合，由此称为同人。</p>\n<p>《象》曰：天与火，同人；君子以类族辨物。这是告诉人们说，君子要明白物以类聚，人以群分的道理，明辨事物，求同存异，团结众人以治理天下。</p>\n<p>同人卦象征上下和同，属于中上卦。《象》中这样来断此卦：心中有事犯猜疑，谋望从前不着实，幸遇明人来指引，诸般忧闷自消之。</p>",
    "title": "九三爻",
    "content": "<p>九三爻辞</p><p>九三。伏戎于莽，升其高陵，三岁不兴。</p><p>象曰：伏戎于莽，敌刚也，三岁不兴，安行也。</p><p>白话文解释</p><p>九三：将军队隐蔽在深山密林，并且占领了制高点，但长时期不能取胜。</p><p>《象辞》说：将军队隐蔽在深山密林，因为敌人太强大。长时期不能取胜，怎能有所作为呢？</p><p>北宋易学家邵雍解</p><p>凶：得此爻者，或有丧亲，或有诉讼打官司之患。做官的须防被免职之忧。</p><p>台湾国学大儒傅佩荣解</p><p>时运：潜心三年，再谋其事。</p><p>财运：可开山林，三年获利。</p><p>家宅：须防盗贼。</p><p>身体：不良于行。</p><p>九三变卦</p><p>九三爻动变得周易第25卦：天雷无妄。这个卦是异卦（下震上乾）相叠。乾为天为刚为健；震为雷为刚为动。动而健，刚阳盛，人心振奋，必有所得，但唯循纯正，不可妄行。无妄必有获，必可致福。</p><p>九三爻</p><p>的哲学含义</p><p>九三：伏戎于莽，升其高陵，三岁不兴。爻辞释义</p><p>伏：指埋伏，潜伏，欲战而不出。戎：指军队，士兵。莽：指荒原草丛，丛林。升：登上。陵：山丘。</p><p>本句爻辞的意思是：把军队埋伏在密林草莽之中，占据附近的制高点守望着，过了三年，都不敢贸然出兵。</p><p>九三这一爻，从与其他爻的关系来看，可以这样打个比方：六二是阴爻代表女人，九三是阳爻居阳位，而且处于下卦的最上端，代表男人。而全卦之中，最强势的是九五这位，同样是阳爻居阳位，处于君主之位，是比九三更强一个男人。九三是一个小国的首领，一个比自己更强大的外帮首领看中了九三境内的一个美女。为了讨好比自己更强大的外帮首领，打算把这位美女派去和亲，可是九三自己看了这位美女，强行把美女留下来与自己成婚。他担心对方的首领一怒之下前来进犯，而自己又不是人家的对手，所以才出现了爻辞中所描绘的那样，带兵埋伏在林莽之中，时刻警惕着，好在盟国没有来犯，没有发生灾难。</p><p>占得此爻者，要注意维持与外界的关系，不要因为一己私利，而将与盟友的关系搞得剑拔弩张，让自己费尽了精力，给自己带来了恐惧与不安。</p><p>埋伏兵甲于草莽中，三年都不敢与敌人进行正面的交锋，这可真是够谨慎的。可是谨慎总不会犯大错误，虽然伏于草莽中日子清苦，但却可以保存实力。这里讲的可能仍是高宗讨伐鬼方的事情。鬼方是我国古代西北的一个部落。历来我国北部的民族勇猛好战，所以高宗这次征伐最初肯定是出师不利。敌人太强大，怎么办?只能等待时机。伏兵于草莽中，研究新的作战部署，寻找可以一举歼灭敌人的战机。“三年不兴”，其实也就是说三年后始兴。也就是说三年后打败了敌人。这是面对强敌必须采取的战略战术。</p>",
    "bgtitle": "天雷无妄",
    "bgcontent": "这个卦是异卦（下震上乾）相叠。乾为天为刚为健；震为雷为刚为动。动而健，刚阳盛，人心振奋，必有所得，但唯循纯正，不可妄行。无妄必有获，必可致福。"
}