{
    "gname": "天雷无妄",
    "gcontent": "<p>周易第二十五卦详解</p>\n<p>无妄卦原文</p>\n<p>无妄。元，亨，利，贞。其匪正有眚，不利有攸往。</p>\n<p>象曰：天下雷行，物与无妄。先王以茂对时，育万物。</p>\n<p>白话文解释</p>\n<p>无妄卦：嘉美通泰，卜问得吉兆。行为不正当，则有灾殃，有所往则不利。</p>\n<p>《象辞》说：本卦上卦为乾为天，下卦为震为雷，天宇之下，春雷滚动，万物萌发，孳生繁衍，这是无妄的卦象。先王观此卦象，从而奋勉努力，顺应时令，保育万物。</p>\n<p>《断易天机》解</p>\n<p>无妄卦乾上震下，为巽宫四世卦。无妄卦为天雷震响之象，表示事与愿违，可能会有小的灾祸，但先凶后吉。</p>\n<p>北宋易学家邵雍解</p>\n<p>不欺不妄，真实至诚；顺乎自然，福禄深宏。</p>\n<p>得此卦者，顺其自然，守正道者，诸事皆宜。但行为不检者，必招灾祸。</p>\n<p>台湾国学大儒傅佩荣解</p>\n<p>时运：正当好运，诸事皆宜。</p>\n<p>财运：货到财来，自然开心。</p>\n<p>家宅：屋运甚旺；门当户对。</p>\n<p>身体：保持运动，自可消化。</p>\n<p>传统解卦</p>\n<p>这个卦是异卦（下震上乾）相叠。乾为天为刚为健；震为雷为刚为动。动而健，刚阳盛，人心振奋，必有所得，但唯循纯正，不可妄行。无妄必有获，必可致福。</p>\n<p>大象：雷动于天，阳气舒发，为真实无虚妄之意。</p>\n<p>运势：凡事宜守正，若行为不检者，必招灾祸。</p>\n<p>事业：贵自知之明，从个人实际出发，不抱非分之想，脚踏实地，勤奋努力，检点行为，防意外灾祸。不计较得失，诚心追求，待机而动，事业必成。</p>\n<p>经商：切勿勉为其难，遵循市场规律，讲究商业道德，屏弃投机心理，勿贪暴利，经过辛勤努力，日积月累，必将成功。</p>\n<p>求名：以良好的动机，刻苦努力，丢弃幻想，但问耕耘，不问收获，终将有所获。</p>\n<p>婚恋：双方务以诚相待，绝不可抱以轻率的态度，亦不宜急于求成、顺其发展，水到渠成。</p>\n<p>决策：精力充沛，富有上进心，可有作为。但务必勤勉努力，诚心诚恳，奋发向上，刻苦钻研。不可因小有成就而得意忘形。不必追求所得，而应追求实干。遵循规律办事，等待时机再行动。尤其应清除非份的念头。这样，可实现自己的理想。</p>\n<p>第二十五卦的哲学含义</p>\n<p>无妄卦，这个卦是异卦相叠，震在下卦，乾在上卦。乾为天为刚为健；震为雷为刚为动。动而健，刚阳盛，人心振奋，必有所得，但唯循纯正，不可妄行。无妄必有获，必可致福。</p>\n<p>从卦象来分析，乾代表天，在上卦，震代表雷，在下卦。表示雷在天的领导下活动，震的活动必须遵循乾德，不准离开乾德而轻举乱动，也就是要遵循正确的思想原则办事，这样才能“无妄”。</p>\n<p>无妄卦位于复卦之后，《序卦》之中这样说道：“复则不妄矣，故受之以无妄。”能够返回正道，就不会虚妄了。此卦卦名为无妄。“妄”字的结构为“亡”字与“女”字相结合，本义是指女奴逃亡。《说文》中说：“妄，乱也。”《广韵》中说：“妄，虚妄。”可见“妄”的引申义为虚妄、极不真实、悖乱的意思。所以“无妄”便是不虚妄、不妄为的意思。《序卦传》中说：“复则不妄矣，故受之以无妄。”也就是说，阳气的复生使阴气不再妄为了，所以复卦之后便是无妄卦。而阳气的复生同时也是阴气的灾难开始，所以《杂卦传》中说：“大畜时也，无妄灾也。”</p>\n<p>天雷无妄卦乾为天，震为雷，天下雷行，万物不敢妄为，为无妄。无妄象杜不妄为，合乎客观规律，不违事实。什么事情均不妄为时，亨通顺利，否则就会发生祸患，不利于发展。</p>\n<p>《象》曰：天下雷行，物与无妄；先王以茂对时育万物。</p>\n<p>这句话指出了无妄卦的卦象是震下乾上，好比在天的下面有雷在运行之表象，象征着天用雷的威势警戒万物，并赋予万物以不妄动妄求的本性；从前的君主顺应天命，尽其所能地遵循天时以养育万物的生长。</p>\n<p>这便是无妄卦的卦象。从生活常识来讲，雷声很大的雷雨天不宜出门，因为容易遭受雷击。古人很早就发现这一点，于是认为天上打雷是在惩戒坏人，把雷声看作是法律的象征。所以古人会认为在政治局势不稳定而以严法治国的时期，不适合到处走动，以避免不必要的伤害。</p>",
    "title": "九四爻",
    "content": "<p>九四爻辞</p><p>九四。可贞，无咎。</p><p>象曰：可贞无咎，固有之也。</p><p>白话文解释</p><p>九四：称心的占问，没有灾难。</p><p>《象辞》说：具有贞正的品德，没有灾难，理应如此。</p><p>北宋易学家邵雍解</p><p>平：得此爻者，宜守旧，图谋有实，不致虚浮。做官的宜守职，勿妄动。</p><p>台湾国学大儒傅佩荣解</p><p>时运：气运平顺，妄动有咎。</p><p>财运：坚守旧业，可以获利。</p><p>家宅：保持祖业。</p><p>身体：安静调养，下月可愈。</p><p>九四变卦</p><p>九四爻动变得周易第42卦：风雷益。这个卦是异卦（下震上巽）相叠。巽为风；震为雷。风雷激荡，其势愈强，雷愈响，风雷相助互长，交相助益。此卦与损卦相反。它是损上以益下，后者是损下以益上。二卦阐述的是损益的原则。</p><p>九四爻</p><p>的哲学含义</p><p>无妄卦，第四爻爻辞：九四：可贞，无咎。</p><p>无妄卦爻辞释义：本爻辞的意思是：只要能够坚守正道，就不会有灾祸发生。</p><p>九四：可贞，无咎。</p><p>象曰：可贞无咎，固有之也。</p><p>经文意思是：可以保持正道，没有灾难。</p><p>象辞意思是：可以保持正道而没有灾难，是九四爻本身固有的品质。</p><p>这一爻告诉人们坚守正道，可以化解无妄之灾。这一点很容易理解，村边路旁拴了一头牛，被路过的人牵走了，村里的人都受到了怀疑。但是，那些平日里走得正行得端，品德高尚的人，自然会被排除在外。即使当时人们不太了解，但是根据其日后的行动，知其品行之后，也会将其排除在怀疑范围之外的。</p><p>《象》曰：“可贞，无咎”，固有之也。</p><p>《象》中指出：“坚守正道，没有灾祸”，是说坚守正道的品德是其本身所固有的，所以，自始至终牢固地坚守正道，才能使自己免遭灾害。</p><p>九四这一爻，属于阳爻居阴位，谦卑顺从，以德服人，所以能做到“无咎”。占得此爻者，要注意自己的道德品质，做到心地纯正，不起妄念，这样就不会有什么过错。</p><p>九四与初九不应而相敌，并且九四又以刚爻居于柔位，所以处境不是很好。但是九四是无妄卦下互卦艮卦的最上爻，同时又是上互卦巽卦的中爻，所以能够坚守正道以随顺之德而免于灾难。</p>",
    "bgtitle": "风雷益",
    "bgcontent": "这个卦是异卦（下震上巽）相叠。巽为风；震为雷。风雷激荡，其势愈强，雷愈响，风雷相助互长，交相助益。此卦与损卦相反。它是损上以益下，后者是损下以益上。二卦阐述的是损益的原则。"
}