{
    "gname": "天雷无妄",
    "gcontent": "<p>周易第二十五卦详解</p>\n<p>无妄卦原文</p>\n<p>无妄。元，亨，利，贞。其匪正有眚，不利有攸往。</p>\n<p>象曰：天下雷行，物与无妄。先王以茂对时，育万物。</p>\n<p>白话文解释</p>\n<p>无妄卦：嘉美通泰，卜问得吉兆。行为不正当，则有灾殃，有所往则不利。</p>\n<p>《象辞》说：本卦上卦为乾为天，下卦为震为雷，天宇之下，春雷滚动，万物萌发，孳生繁衍，这是无妄的卦象。先王观此卦象，从而奋勉努力，顺应时令，保育万物。</p>\n<p>《断易天机》解</p>\n<p>无妄卦乾上震下，为巽宫四世卦。无妄卦为天雷震响之象，表示事与愿违，可能会有小的灾祸，但先凶后吉。</p>\n<p>北宋易学家邵雍解</p>\n<p>不欺不妄，真实至诚；顺乎自然，福禄深宏。</p>\n<p>得此卦者，顺其自然，守正道者，诸事皆宜。但行为不检者，必招灾祸。</p>\n<p>台湾国学大儒傅佩荣解</p>\n<p>时运：正当好运，诸事皆宜。</p>\n<p>财运：货到财来，自然开心。</p>\n<p>家宅：屋运甚旺；门当户对。</p>\n<p>身体：保持运动，自可消化。</p>\n<p>传统解卦</p>\n<p>这个卦是异卦（下震上乾）相叠。乾为天为刚为健；震为雷为刚为动。动而健，刚阳盛，人心振奋，必有所得，但唯循纯正，不可妄行。无妄必有获，必可致福。</p>\n<p>大象：雷动于天，阳气舒发，为真实无虚妄之意。</p>\n<p>运势：凡事宜守正，若行为不检者，必招灾祸。</p>\n<p>事业：贵自知之明，从个人实际出发，不抱非分之想，脚踏实地，勤奋努力，检点行为，防意外灾祸。不计较得失，诚心追求，待机而动，事业必成。</p>\n<p>经商：切勿勉为其难，遵循市场规律，讲究商业道德，屏弃投机心理，勿贪暴利，经过辛勤努力，日积月累，必将成功。</p>\n<p>求名：以良好的动机，刻苦努力，丢弃幻想，但问耕耘，不问收获，终将有所获。</p>\n<p>婚恋：双方务以诚相待，绝不可抱以轻率的态度，亦不宜急于求成、顺其发展，水到渠成。</p>\n<p>决策：精力充沛，富有上进心，可有作为。但务必勤勉努力，诚心诚恳，奋发向上，刻苦钻研。不可因小有成就而得意忘形。不必追求所得，而应追求实干。遵循规律办事，等待时机再行动。尤其应清除非份的念头。这样，可实现自己的理想。</p>\n<p>第二十五卦的哲学含义</p>\n<p>无妄卦，这个卦是异卦相叠，震在下卦，乾在上卦。乾为天为刚为健；震为雷为刚为动。动而健，刚阳盛，人心振奋，必有所得，但唯循纯正，不可妄行。无妄必有获，必可致福。</p>\n<p>从卦象来分析，乾代表天，在上卦，震代表雷，在下卦。表示雷在天的领导下活动，震的活动必须遵循乾德，不准离开乾德而轻举乱动，也就是要遵循正确的思想原则办事，这样才能“无妄”。</p>\n<p>无妄卦位于复卦之后，《序卦》之中这样说道：“复则不妄矣，故受之以无妄。”能够返回正道，就不会虚妄了。此卦卦名为无妄。“妄”字的结构为“亡”字与“女”字相结合，本义是指女奴逃亡。《说文》中说：“妄，乱也。”《广韵》中说：“妄，虚妄。”可见“妄”的引申义为虚妄、极不真实、悖乱的意思。所以“无妄”便是不虚妄、不妄为的意思。《序卦传》中说：“复则不妄矣，故受之以无妄。”也就是说，阳气的复生使阴气不再妄为了，所以复卦之后便是无妄卦。而阳气的复生同时也是阴气的灾难开始，所以《杂卦传》中说：“大畜时也，无妄灾也。”</p>\n<p>天雷无妄卦乾为天，震为雷，天下雷行，万物不敢妄为，为无妄。无妄象杜不妄为，合乎客观规律，不违事实。什么事情均不妄为时，亨通顺利，否则就会发生祸患，不利于发展。</p>\n<p>《象》曰：天下雷行，物与无妄；先王以茂对时育万物。</p>\n<p>这句话指出了无妄卦的卦象是震下乾上，好比在天的下面有雷在运行之表象，象征着天用雷的威势警戒万物，并赋予万物以不妄动妄求的本性；从前的君主顺应天命，尽其所能地遵循天时以养育万物的生长。</p>\n<p>这便是无妄卦的卦象。从生活常识来讲，雷声很大的雷雨天不宜出门，因为容易遭受雷击。古人很早就发现这一点，于是认为天上打雷是在惩戒坏人，把雷声看作是法律的象征。所以古人会认为在政治局势不稳定而以严法治国的时期，不适合到处走动，以避免不必要的伤害。</p>",
    "title": "九二爻",
    "content": "<p>六二爻辞</p><p>六二。不耕获，不菑畲，则利有攸往。</p><p>象曰：不耕获，未富也。</p><p>白话文解释</p><p>六二：不耕种就想收获，不开荒地就想种熟地。这些妄谬的行径怎能有利?</p><p>《象辞》说：不耕种而想收获，这种空妄的念头不能带来财富。</p><p>北宋易学家邵雍解</p><p>吉：得此爻者，正当好运，不劳而获。富人进财多，商人出外获利。当官的会升官。读书人会取得佳绩。</p><p>台湾国学大儒傅佩荣解</p><p>时运：适得正运，意外之财。</p><p>财运：不谋而获，大利到手。</p><p>家宅：承继家产；招赘之亲。</p><p>身体：自然痊愈。</p><p>六二变卦</p><p>六二爻动变得周易第10卦：天泽履。这个卦是异卦（下兑上乾）相叠，乾为天，兑为泽，以天喻君，以泽喻民，原文：“履（踩）虎尾，不咥（咬）人”。因此，结果吉利。君上民下，各得其位。兑柔遇乾刚，所履危。履意为实践，卦义是脚踏实地的向前进取的意思。</p><p>九二爻</p><p>的哲学含义</p><p>无妄卦第二爻，爻辞：六二：不耕获，不菑畲，则利有攸往。</p><p>六二：不耕获，不菑畲，则利有攸往。</p><p>象曰：不耕获，未富也。</p><p>经文意思是：不耕种而有收获，不开荒而有熟田，那么有利于前往。象辞意思是：不耕而有收获，是因为还不富裕。</p><p>爻辞释义：耕：耕作。获：收获。菑：指垦荒。</p><p>本爻辞的意思是：不要在刚耕作时就期望立即获得丰收，不在刚开垦荒地时就期望它立即变成良田，若能这样，才有利于前去行事。</p><p>六二这一爻是告诉人们，做事要脚踏实地，“休妄想，且诚心”。凡事不要妄想坐收其利，也不要刚投入就立刻想获得高产出，这是不合规律的。</p><p>如果你想做事，尽管踏踏实实去做，不要刚一做，就想着如何发大财，发大财后如何扩大规模。有一句话叫“只顾耕耘，不问收获”，你去辛勤劳动，不企求非分的财富，不妄想通过违背规律来快速收到成效，这样坚持下去，对于事业的成功是很有利的。</p><p>不用耕耘就可以收获，不用开垦就能得到熟田，这当然是很有利的事情的。古代将第一年开星的田地称为菑，耕种两年的田地称为兴田，耕种三年的田地称为畲。刚开垦出来的荒地杂草丛生，不利于种植，成为畲之后，杂草便少了。可是不开垦荒地怎么会得到人家已经耕种了三年的土地呢？只能是主人的赏赐或用钱买才能得到。所以六二爻便是说前往会得到大的奖赏，所以“利有攸往”。</p><p>在古代没有土地的人属于穷人，所以象辞中说：“未富也。”</p>",
    "bgtitle": "天泽履",
    "bgcontent": "这个卦是异卦（下兑上乾）相叠，乾为天，兑为泽，以天喻君，以泽喻民，原文：“履（踩）虎尾，不咥（咬）人”。因此，结果吉利。君上民下，各得其位。兑柔遇乾刚，所履危。履意为实践，卦义是脚踏实地的向前进取的意思。"
}