{
    "gname": "天风姤",
    "gcontent": "<p>周易第四十四卦详解</p>\n<p>姤卦原文</p>\n<p>姤。女壮，勿用取女。</p>\n<p>象曰：天下有风，姤。后以施命诰四方。</p>\n<p>白话文解释</p>\n<p>姤卦：梦见女子受伤。筮遇此卦，不利于娶女。</p>\n<p>《象辞》说：本卦上卦为乾，乾为天；下卦为巽，巽为风，可见天下有风，是姤卦的卦象，君王观此卦象，从而效法于风之吹拂万物，施教化于天下，昭告四方。</p>\n<p>《断易天机》解</p>\n<p>姤卦乾上巽下，一阴五阳，为乾宫初世卦。姤卦以阴遇阳，以柔乘刚，含有不期而遇之意，但不宜娶女。遇此卦适宜谋事，如果遇火，还会有喜事。</p>\n<p>北宋易学家邵雍解</p>\n<p>阴长阳消，鸿运中衰；诸多阻滞，谨慎以防。</p>\n<p>得此卦者，阴长阳衰，诸事不顺，宜谨慎行事，更应注意桃色纠纷。</p>\n<p>台湾国学大儒傅佩荣解</p>\n<p>时运：正当好运，名扬四海。</p>\n<p>财运：到了远方，自可获利。</p>\n<p>家宅：小心狂风；婚姻得正。</p>\n<p>身体：小心中风。</p>\n<p>传统解卦</p>\n<p>这个卦是异卦（下巽上乾）相叠。乾为天，巽为风。天下有风，吹遍大地，阴阳交合，万物茂盛。姤（gǒu）卦与夬卦相反，互为“综卦”。姤即媾，阴阳相遇。但五阳一阴，不能长久相处。</p>\n<p>大象：风无孔不入，所吹到之处，暴露其间之物体，无一不与之相遇，为邂逅之意。</p>\n<p>运势：阴长阳消，注意桃色纠纷，诸事阻滞，宜慎重行事。</p>\n<p>事业：合时宜，循时序。但潜在着危机，阴阳不协调。务必依附于强者，多方联系，增强势力，防止小人渔利，争取形势好转。诸事宜及早准备，等待时机，一旦成熟立刻行动。</p>\n<p>经商：市场正从红火的状态走向衰危，及早脱身为妙，强行发展有危险。无正直的人相助，却有小人在暗中盘算。对此，务必保持清醒的头脑，寻求可靠的合作伙伴，隐忍待时，以图商业活动的再发展。</p>\n<p>求名：性格不很合群，内心自视过高，不免处于困境而不得志。应投靠真诚正直的人，在其支持下成功。</p>\n<p>婚恋：严格考察对方的道德品质，避免陷入“三角”纠纷。夫妻以诚相待，可转危为安。</p>\n<p>决策：吉利。可在有利的环境中顺利发展，但决不可冒险行事，以免适得其反。其次在于随时提防身边小人的陷害。为此，在邪恶未成势之前即应制止，宁可孤立也不可与小人结伴。</p>\n<p>第四十四卦的哲学含义</p>\n<p>姤卦卦象，天风姤卦的象征意义</p>\n<p>姤卦，这个卦是异卦相叠，下卦为巽，上卦为乾。乾为天，巽为风。天下有风，吹遍大地，阴阳交合，万物茂盛。</p>\n<p>姤，遇也。在姤卦中，乾为天在上，巽为风在下，象征着一个人的志愿和理想，只要能像风一样在普天之下流动，就会遇到实现的机会。</p>\n<p>姤卦位于夬卦之后，《序卦》中这样分析道：“决必有遇，故受之以姤。姤者，遇也。”决断而去之后，一定会有遇合，所以接着出现了姤卦。姤卦与夬卦相反，互为“综卦”。</p>\n<p>《象》中这样解释姤卦：天下有风，姤；后以施命诰四方。这里指出：姤卦的卦象是巽（风）下乾（天）上，为天底下刮着风，风吹遍天地间各个角落，与万物相依之表象，象征着“相遇”；正如风吹拂大地的情形一样，君王也应该颁布政令通告四面八方。</p>\n<p>姤卦代表男女相遇，这一卦是消息卦，代表五月。姤卦属于上卦。《象》中这样来断此卦：他乡遇友喜气欢，须知运气福重添，自今交了顺当运，向后管保不相干。</p>",
    "title": "九五爻",
    "content": "<p>九五爻辞</p><p>九五。以杞包瓜，含章，有陨自天。</p><p>象曰：九五含章，中正也；有陨自天，志不舍命也。</p><p>白话文解释</p><p>九五：匏瓜缠着杞树生长，隐印的瓜纹很好看。忽然从头顶上方掉下一个瓜来。</p><p>《象辞》说：</p><p>九五爻辞</p><p>讲的隐含文彩，即指九五之爻居上卦中位，像人秉含中正之德。自天上殒落，说明高尚的志行不得施行，故舍命而殉志。</p><p>北宋易学家邵雍解</p><p>平：得此爻者，会遇到贵人提携，有意外之喜，妇人有怀孕之喜。做官的会为栋梁之才。</p><p>台湾国学大儒傅佩荣解</p><p>时运：心胸开阔，功名自显。</p><p>财运：木类产品，应有大利。</p><p>家宅：中正之居；婚姻有吉。</p><p>身体：热中带寒，速求良医。</p><p>九五变卦</p><p>九五爻动变得周易第50卦：火风鼎。这个卦是异卦（下巽上离）相叠。燃木煮食，化生为熟，除旧布新的意思。鼎为重宝大器，三足稳重之象。煮食，喻食物充足，不再有困难和困扰。在此基础上宜变革，发展事业。</p><p>九五爻</p><p>的哲学含义</p><p>姤卦第五爻，爻辞：九五：以杞包瓜，含章，有陨自天。爻辞释义</p><p>杞：指杞树叶子。陨：陨落，降落。</p><p>本爻辞的意思是：用杞树枝叶包起瓜果，象征内心怀着美好的品德，吉祥自天而降。</p><p>从卦象上看，九五以阳爻居君位，得位守中，可以笼罩全卦，稳定大局。</p><p>《象》中这样解释本爻：九五含章，中正也；有陨自天，志不舍命也。这里指出：九五内心怀着美好的品德，表明尽管处在最尊贵的地位，却能够坚守中道，心地纯正。这样一来，其相遇的情形也是最完美的，用不着上下奔忙，就能与上天恩赐的福佑相遇。充分说明只要不违天命，就能有好的遇合。</p>",
    "bgtitle": "火风鼎",
    "bgcontent": "这个卦是异卦（下巽上离）相叠。燃木煮食，化生为熟，除旧布新的意思。鼎为重宝大器，三足稳重之象。煮食，喻食物充足，不再有困难和困扰。在此基础上宜变革，发展事业。"
}