{
    "gname": "天水讼",
    "gcontent": "<p>周易第六卦详解</p>\n<p>讼卦原文</p>\n<p>讼。有孚，窒惕，中吉，终凶。利见大人，不利涉大川。</p>\n<p>象曰：天与水违行，讼。君子以做事谋始。</p>\n<p>白话文解释</p>\n<p>讼卦：虽有利可图(获得俘虏)，但要警惕戒惧。其事中间吉利，后来凶险。占筮得此爻，有利于会见贵族王公，不利于涉水渡河。</p>\n<p>《象辞》说：上卦为乾，乾为天；下卦为坎，坎为水，天水隔绝，流向相背，事理乖舛，这是讼卦的卦象。君子观此卦象，以杜绝争讼为意，从而在谋事之初必须慎之又慎。</p>\n<p>《断易天机》解</p>\n<p>讼卦乾上坎下，为离宫游魂卦。上乾为刚，下坎为险，一方刚强，一方阴险，必然产生争论，因此多有不吉。</p>\n<p>北宋易学家邵雍解</p>\n<p>天高水深，达远不亲；慎谋退守，敬畏无凶。</p>\n<p>得此卦者，身心不安，事多不顺，与他人多争诉之事，宜修身养性，谨慎处事。</p>\n<p>台湾国学大儒傅佩荣解</p>\n<p>时运：功名受阻，不宜树敌。</p>\n<p>财运：开始谨慎，终可获利。</p>\n<p>家宅：君子必求淑女。</p>\n<p>身体：预防胜于治疗。</p>\n<p>传统解卦</p>\n<p>这个卦是异卦（下坎上乾）相叠。同需卦相反，互为“综卦”。乾为刚健，坎为险陷。刚与险，健与险，彼此反对，定生争讼。争讼非善事，务必慎重戒惧。</p>\n<p>大象：乾天升于上，坎水降于下，相背而行而起讼。</p>\n<p>运势：事与愿违，凡事不顺，小人加害，宜防陷阱。</p>\n<p>事业：起初顺利，有利可图，继而受挫，务必警惕，慎之又慎，不得固执已见，极力避免介入诉讼纠纷的争执之中。与其这样，不如退而让人，求得化解，安于正理，可免除意外之灾。陷入争讼，即使获胜，最后还得失去，得不偿失。</p>\n<p>经商：和气生财，吃亏是福，切勿追求不义之财。商业谈判应坚持公正、公平、互利的原则，尽量避免发生冲突。这样便会有好结果。</p>\n<p>求名：不利。自己尚缺乏竞争实力，应坚守纯正，隐忍自励，自强自勉，切莫逞强。依靠有地位的人的帮助，及早渡过难关。</p>\n<p>婚恋：虽不尽人意，倒也般配，彼此理解，未尝不可。双方应以温和的方式处理生活。</p>\n<p>决策：争强好胜，不安于现状，为改变命运和超越他人而奋斗。头脑聪颖，反应敏捷，有贵人相助。但缺乏持之以恒的毅力，容易露出锋芒，得罪他人，带来诉讼之灾。宜承认现实，顺其自然，知足，适可而止。接受教训，引以为戒，可功成名就。</p>\n<p>第六卦哲学含义</p>\n<p>讼卦，这个卦是异卦相叠，下卦为坎，上卦为乾。乾为刚健，坎为险陷。刚与险，健与陷，彼此反对，定生争讼。争讼非善事，务必慎重戒惧。</p>\n<p>讼卦位于需卦之后，同需卦相反，互为“综卦”。《序卦》之中这样说道：“饮食必有讼，故受之以讼。”人与人之间因为争取需求而发生诉讼。</p>\n<p>《象》曰：天与水违行，讼;君子以作事谋始。</p>\n<p>讼卦上卦为乾为天为阳，其性质向上，下卦为坎为水为阳，其性质向下，两卦同性相斥，并且天往上升，水往下流，目标相违背，这便是讼卦的卦象。这就好比人们各自怀着私心，都为自己的利益着想，思想不能统一起来。所以人们在争夺利益的同时，便会引发争斗，到头来只有通过沂讼进行解决了。</p>\n<p>讼卦之象，有口舌二字，为祸端起因;山下有睡虎，主有惊恐;文书在云中，主远而未兴讼;人立虎下，主到尾有惊。占者若得之，宜慎出入。此为俊鹰逐兔之卦。</p>",
    "title": "九三爻",
    "content": "<p>六三爻辞</p><p>六三。食旧德，贞厉，终吉。或从王事，无成。</p><p>象曰：食旧德，从上吉也。</p><p>白话文解释</p><p>六三：依赖先人遗业过活。卜问得险兆，但最后是吉利的。但是，如果服务于王事，谋取利禄，却不会成功。</p><p>《象辞》说：依赖先人遗业过活，因为六三爻象表明，居于九四之下，只有凭借祖上余荫才获吉利。</p><p>北宋易学家邵雍解</p><p>平：得此爻者，宜保持常态，则无灾难。做官的宜谨守常职，晋升无望。</p><p>台湾国学大儒傅佩荣解</p><p>时运：谨守旧业，求仕无成。</p><p>财运：固守家产，终可得利。</p><p>家宅：不宜另建新居。</p><p>身体：按原医师指示为宜。</p><p>六三变卦</p><p>六三爻动变得周易第44卦：天风姤。这个卦是异卦（下巽上乾）相叠。乾为天，巽为风。天下有风，吹遍大地，阴阳交合，万物茂盛。姤（gǒu）卦与夬卦相反，互为“综卦”。姤即媾，阴阳相遇。但五阳一阴，不能长久相处。</p><p>九三爻</p><p>的哲学含义</p><p>食：饮食之意，引申为喜好、保持。</p><p>旧德：指自己原有的功德，一种祖先留下的功德。“食旧德”是指保持旧有的功德，或者是指享用祖先的余荫，也就是“吃老本”之意。</p><p>这句爻辞有两种解释：一是指享用祖先的余荫，守住正固，会有危险，最后吉祥，或者跟君王做事，没有成就，二是指安享旧有俸禄，守正道，虽然占卜遇到危险的兆头，最终也是吉利的，即使为国家君王立下大功，也不自居其成。</p><p>占得此爻者，还要注意不可长久地吃老本，这种老本可能是指祖辈留下的财产或是功德，也可能是指你过去的人脉关系，应该认真地看一下当前的形势，严格地要求自己，在维持过去的财产和人脉关系的同时，还要去开创新的事业，建立新的人脉关系。</p><p>六三爻与世无争，可以靠祖宗留下的余荫生活，不与人争，自然吉祥了。六三爻与上九爻相应，上九为宗庙之位，所以有六三受益于宗庙的卦象。</p>",
    "bgtitle": "天风姤",
    "bgcontent": "这个卦是异卦（下巽上乾）相叠。乾为天，巽为风。天下有风，吹遍大地，阴阳交合，万物茂盛。姤（gǒu）卦与夬卦相反，互为“综卦”。姤即媾，阴阳相遇。但五阳一阴，不能长久相处。"
}