{
    "gname": "天山遁",
    "gcontent": "<p>周易第三十三卦详解</p>\n<p>遁卦原文</p>\n<p>遁。亨。小利贞。</p>\n<p>象曰：天下有山，遁。君子以远小人，不恶而严。</p>\n<p>白话文解释</p>\n<p>遁卦：通达。小有利之占问。</p>\n<p>《象辞》说：本卦上卦为乾，乾为天，下卦为艮，艮为山，天下有山，天高山远，是遁卦的卦象。君子观此卦象，从而不用以恶报恶的方法对付小人，而是采取严厉的态度，挂冠悬笏，自甘退隐，远离小人。</p>\n<p>《断易天机》解</p>\n<p>遁卦乾上艮下，为乾宫二世卦。卦下阴爻逐渐生长，是阳道将衰，恶事将起之兆，说明小人欲制君子，此时君子处于退避的状态。</p>\n<p>北宋易学家邵雍解</p>\n<p>逃避退隐，盛极必衰；言行严禁，待机再举。</p>\n<p>得此卦者，宜退不宜进。退守可以保身，若轻举妄动则会招灾。宜谨言慎行，待机行事。</p>\n<p>台湾国学大儒傅佩荣解</p>\n<p>时运：最好退隐，君子有吉。</p>\n<p>财运：物价涨跌，相去甚远。</p>\n<p>家宅：须防作祟；婚姻不宜。</p>\n<p>身体：避居吉地。</p>\n<p>传统解卦</p>\n<p>这个卦是异卦（下艮上乾）相叠。乾为天，艮为山。天下有山，山高天退。阴长阳消，小人得势，君子退隐，明哲保身，伺机救天下。</p>\n<p>大象：山在天之下，阴渐长，而阳渐消，宜退避三舍。</p>\n<p>运势：小人道长，君子道消，凡事宜退不宜进，穷则独善其身，修身养性。</p>\n<p>事业：时运不佳，应考虑退隐，勿与不正派的人同流合污。但不是消极逃避，而是为保存实力，总结经验，把握时机，待机而出。切忌贸然行事，造成不必要的损失。同时勿为眼前小利禄所诱惑。</p>\n<p>经商：市场进入衰落的状况，行情不佳。决不可执意追求，盲目投入，而应沉着冷静，坚持商业道德，远离小人、奸商，保存自己的实力，等待市场行情好转，再图发展。</p>\n<p>求名：明哲保身，甘居退隐。全力总结提高，为复出做准备。</p>\n<p>婚恋：勿急于解决，更不可妄动强求。时机成熟时，须以纯正的态度去正确对待。</p>\n<p>决策：处于衰败时期，小人得志。盲目行动必遭不利。虽不必以恶报恶，但更不可同流合污，因小失大，因权宜轻重，韬光养晦，保存实力，断然离去，不可犹豫不决。潜心发展个人实力，隐忍待机。只要能坚定正道，坚持中正，必可在时机成熟时复出，成就大业。</p>\n<p>第三十三卦的哲学含义</p>\n<p>遁卦卦象，天山遁卦的象征意义</p>\n<p>遁卦，是异卦相叠，下卦为艮，上卦为乾。从卦象来看，乾为天，艮为山。天下有山，山高天退。阴长阳消，小人得势，君子退隐，明哲保身，伺机救天若从另一个角度来看，艮为下卦，具有静止的意思，并不是隐退。而是喻指形势不利，要注意收敛自己的言行，与人和善相处。艮在乾卦之后，想要前进，被强大的乾卦挡住了去路，这时若是强行通过，肯定要经过一番拼杀，可是艮却不是乾的对手，明显会失利。所以为了保存实力，艮暂时停止，采取了回避的方遁卦在恒卦之后，《序卦》这样解释道：“物不可以久居其所，故受之以遁。遁者，退也。”恒卦以恒久为主旨，到了下一步则是退让，以便再度进取。</p>\n<p>《象》中这样解释道：天下有山，遁；君子以远小人，不恶而严。</p>\n<p>这里指出，遁卦的卦象是艮（山）下乾（天）上，为天下有山之表象，象征着隐让退避。因为山有多高，天就有多高，似乎山在逼天，而天在步步后退，但天无论怎样后退避让，却始终高踞在山之上。君子应同小人保持一定的距离，以傲然不可侵犯的态度截然划清彼此的界限，这样一来，就自然而然会生出一种震慑住小人的威严来。</p>\n<p>遁卦所要启示的道理是遁世救世，它不同于小蓄、大蓄中倡导的陷居蓄德，也不同于随卦之中的顺从为人，与谦卦所中所倡导的内修谦和的性格也不同，它倡导的是：人在特殊环境下的一种主动的生存方式，讲求和善下处，适时进退。暂时的停止或妥协，是为了日后能够成功，此时的遁世，目的是将来能更好地救世。</p>\n<p>遁卦象征退避，属于下下卦。遁也是消息卦，代表六月。《象》中这样来评断此卦：浓云蔽日不光明，劝君且莫出远行，婚姻求财皆不利，提防口舌到门</p>",
    "title": "九二爻",
    "content": "<p>六二爻辞</p><p>六二。执之用黄牛之革，莫之胜说。</p><p>象曰：执用黄牛，固志也。</p><p>白话文解释</p><p>六二：抓来用黄牛革绳紧紧捆绑，这样就不能解脱了。</p><p>《象辞》说：用黄牛革绳捆绑，表示意志坚固。</p><p>北宋易学家邵雍解</p><p>平：得此爻者，家中有争执，安常守分无忧，农人有进牛畜之喜 。</p><p>台湾国学大儒傅佩荣解</p><p>时运：虽有才华，功名难望。</p><p>财运：守住本金，脱售不及。</p><p>家宅：迁移有利；退婚不易。</p><p>身体：运动有恒。</p><p>六二变卦</p><p>六二爻动变得周易第44卦：天风姤。这个卦是异卦（下巽上乾）相叠。乾为天，巽为风。天下有风，吹遍大地，阴阳交合，万物茂盛。姤（gǒu）卦与夬卦相反，互为“综卦”。姤即媾，阴阳相遇。但五阳一阴，不能长久相处。</p><p>九二爻</p><p>的哲学含义</p><p>遁卦第二爻，爻辞：六二：执之用黄牛之革，莫之胜说。爻辞释义</p><p>执：指固结，捆住。革：指皮革。说：同“脱”，解脱。</p><p>本爻辞的意思是：用黄牛皮做成的绳子捆住，没有人能够逃脱。</p><p>六二这一爻所描述的是意志坚定，坚守不遁的情况。六二阴爻居柔位，属于：得位。执中守正，谨守静止之道。又上应九五君爻，坚韧而又有远见。</p><p>《象》中这样分析本爻：执用黄牛，固志也。</p><p>《象》中指出：“像用黄牛的皮捆绑起来那样”，意思是说，要坚定自己的志向，决不因任何情况而动摇。</p><p>占得此爻者，注意观察一下你周围的形势，虽然小人势力很强，情况对你不利，但是当有某种确定不移的原因要求你暂时不要退却时，那就要强化自己的意志，坚守下来，直到有所收获。</p><p>六二：执之用黃牛之革，莫之胜说。</p><p>象曰：执用黃牛，固志也。</p><p>经文意思是：用黄牛皮拧成的绳子拴住，没有人能够逃脱。</p><p>象辞意思是：用黄牛皮拧成的绳子拴住，是巩固他的意志。</p><p>中国有一句成语叫“心猿意马”，便是说人的心像在树上荡来荡去的猿猴一样，意念像脱缰的野马一样无法约束。这正是人的最大弱点，所以《西游记》中唐僧骑着白龙马则象征着他征服了“意马”，给孙悟空戴上紧箍咒则象征他战胜了“心猿”。这是中国古老的养生之道，既战胜心猿意马，使心志保持平静，调摄精神。这种理论便是来源于《周易》。此处六二用黄牛皮拧成的绳子拴住自己，不是拴住自己的身体，而是拴住自己的意志，使自己的意志不会动摇。</p>",
    "bgtitle": "天风姤",
    "bgcontent": "这个卦是异卦（下巽上乾）相叠。乾为天，巽为风。天下有风，吹遍大地，阴阳交合，万物茂盛。姤（gǒu）卦与夬卦相反，互为“综卦”。姤即媾，阴阳相遇。但五阳一阴，不能长久相处。"
}