{
    "gname": "天山遁",
    "gcontent": "<p>周易第三十三卦详解</p>\n<p>遁卦原文</p>\n<p>遁。亨。小利贞。</p>\n<p>象曰：天下有山，遁。君子以远小人，不恶而严。</p>\n<p>白话文解释</p>\n<p>遁卦：通达。小有利之占问。</p>\n<p>《象辞》说：本卦上卦为乾，乾为天，下卦为艮，艮为山，天下有山，天高山远，是遁卦的卦象。君子观此卦象，从而不用以恶报恶的方法对付小人，而是采取严厉的态度，挂冠悬笏，自甘退隐，远离小人。</p>\n<p>《断易天机》解</p>\n<p>遁卦乾上艮下，为乾宫二世卦。卦下阴爻逐渐生长，是阳道将衰，恶事将起之兆，说明小人欲制君子，此时君子处于退避的状态。</p>\n<p>北宋易学家邵雍解</p>\n<p>逃避退隐，盛极必衰；言行严禁，待机再举。</p>\n<p>得此卦者，宜退不宜进。退守可以保身，若轻举妄动则会招灾。宜谨言慎行，待机行事。</p>\n<p>台湾国学大儒傅佩荣解</p>\n<p>时运：最好退隐，君子有吉。</p>\n<p>财运：物价涨跌，相去甚远。</p>\n<p>家宅：须防作祟；婚姻不宜。</p>\n<p>身体：避居吉地。</p>\n<p>传统解卦</p>\n<p>这个卦是异卦（下艮上乾）相叠。乾为天，艮为山。天下有山，山高天退。阴长阳消，小人得势，君子退隐，明哲保身，伺机救天下。</p>\n<p>大象：山在天之下，阴渐长，而阳渐消，宜退避三舍。</p>\n<p>运势：小人道长，君子道消，凡事宜退不宜进，穷则独善其身，修身养性。</p>\n<p>事业：时运不佳，应考虑退隐，勿与不正派的人同流合污。但不是消极逃避，而是为保存实力，总结经验，把握时机，待机而出。切忌贸然行事，造成不必要的损失。同时勿为眼前小利禄所诱惑。</p>\n<p>经商：市场进入衰落的状况，行情不佳。决不可执意追求，盲目投入，而应沉着冷静，坚持商业道德，远离小人、奸商，保存自己的实力，等待市场行情好转，再图发展。</p>\n<p>求名：明哲保身，甘居退隐。全力总结提高，为复出做准备。</p>\n<p>婚恋：勿急于解决，更不可妄动强求。时机成熟时，须以纯正的态度去正确对待。</p>\n<p>决策：处于衰败时期，小人得志。盲目行动必遭不利。虽不必以恶报恶，但更不可同流合污，因小失大，因权宜轻重，韬光养晦，保存实力，断然离去，不可犹豫不决。潜心发展个人实力，隐忍待机。只要能坚定正道，坚持中正，必可在时机成熟时复出，成就大业。</p>\n<p>第三十三卦的哲学含义</p>\n<p>遁卦卦象，天山遁卦的象征意义</p>\n<p>遁卦，是异卦相叠，下卦为艮，上卦为乾。从卦象来看，乾为天，艮为山。天下有山，山高天退。阴长阳消，小人得势，君子退隐，明哲保身，伺机救天若从另一个角度来看，艮为下卦，具有静止的意思，并不是隐退。而是喻指形势不利，要注意收敛自己的言行，与人和善相处。艮在乾卦之后，想要前进，被强大的乾卦挡住了去路，这时若是强行通过，肯定要经过一番拼杀，可是艮却不是乾的对手，明显会失利。所以为了保存实力，艮暂时停止，采取了回避的方遁卦在恒卦之后，《序卦》这样解释道：“物不可以久居其所，故受之以遁。遁者，退也。”恒卦以恒久为主旨，到了下一步则是退让，以便再度进取。</p>\n<p>《象》中这样解释道：天下有山，遁；君子以远小人，不恶而严。</p>\n<p>这里指出，遁卦的卦象是艮（山）下乾（天）上，为天下有山之表象，象征着隐让退避。因为山有多高，天就有多高，似乎山在逼天，而天在步步后退，但天无论怎样后退避让，却始终高踞在山之上。君子应同小人保持一定的距离，以傲然不可侵犯的态度截然划清彼此的界限，这样一来，就自然而然会生出一种震慑住小人的威严来。</p>\n<p>遁卦所要启示的道理是遁世救世，它不同于小蓄、大蓄中倡导的陷居蓄德，也不同于随卦之中的顺从为人，与谦卦所中所倡导的内修谦和的性格也不同，它倡导的是：人在特殊环境下的一种主动的生存方式，讲求和善下处，适时进退。暂时的停止或妥协，是为了日后能够成功，此时的遁世，目的是将来能更好地救世。</p>\n<p>遁卦象征退避，属于下下卦。遁也是消息卦，代表六月。《象》中这样来评断此卦：浓云蔽日不光明，劝君且莫出远行，婚姻求财皆不利，提防口舌到门</p>",
    "title": "初九爻",
    "content": "<p>初六爻辞</p><p>初六。遁尾，厉。勿用有攸往。</p><p>象曰：遁尾之厉，不往何灾也。</p><p>白话文解释</p><p>初六：君子全部隐退，国家就危险了。不能有所作为了。</p><p>《象辞》说：逃遁隐藏仍未脱离危险，若能坚持苦斗，设法取胜，有什么灾难？</p><p>北宋易学家邵雍解</p><p>凶：得此爻者，宜安分守己，可无忧。做官的宜择机而退。</p><p>台湾国学大儒傅佩荣解</p><p>时运：深藏不露，不会有难。</p><p>财运：全部出手，可以免灾。</p><p>家宅：早迁为宜；婚姻不合。</p><p>身体：走路小心。</p><p>初六变卦</p><p>初六爻动变得周易第13卦：天火同人。这个卦是异卦（下离上乾）相叠，乾为天，为君；离为火，为臣民百姓，上天下火，火性上升，同于天，上下和同，同舟共济，人际关系和谐，天下大同。</p><p>初九爻的哲学含义</p><p>遁卦第一爻，爻辞：初六：遁尾；厉。勿用有攸往。爻辞释义</p><p>尾：指后面。厉：指危厉，危险。</p><p>本爻辞的意思是：遁退不及时而落在后面，将有危险。暂时不宜有所行动。</p><p>从卦象上看，初六为阴爻，阴爻居于柔位，具有优柔寡断、办事迟疑不决的特点。危机来临，本来应该早些撤退，可是由于迟疑贻误了时机，这时再做退避已经来不及了，定会有凶险。该走的时候没有走成，隐退避让错过时机落在了后边，这时就不避再退让了，可以镇定自若，沉着地坚守在安全的住所，应该静观待变而不要有所行动，否则将会更加不利。</p><p>《象》这样分析本爻：遁尾之厉，不往何灾也？</p><p>《象》中指出：错过隐退避让的时机却还要隐退就会带来祸患，但是静观不动就不会造成什么危害。这是因为初六以阴爻处于柔位，性格温和地位卑微，所以不会有太大的灾祸。</p><p>初六：遁尾，厉，勿用有攸往。</p><p>象曰：遁尾之厉，不往何灾也。</p><p>经文意思是：逃跑落在最后，危险，不要往前走。</p><p>象舌羊意思是：逃跑落在后面的危险，不前往怎么会有突难呢?</p><p>小人得势的时代，贤明的君子总是能够及早看出势态变化而及早归隐，而归隐得不够及时，落在了归隐的最后一个，那么肯定是会遭到凶险的。比如小人掌握了大权，结果贤臣一个个都不在朝中为官，这样做会受到小人的迫害。所以说，隐遁一定要掌握好时机。</p><p>“遁尾”还有另一层意思，便是动物界的生存法则。在动物界中，獅子以羚羊为食，獅子虽然凶猛，但不如羚羊跑得快，所以双方各存优势，谁也没有把谁灭掉。但是獅子也练习奔跑的速度，它的目的是只要比跑在最后的羚羊速度快，它就会得到食物而不至于饿死；羚羊们也不断在提高自己的奔跑速度，每只羚羊必须保证自己的速度不是最后一名，才能保存自己不被狮子吃掉。而跑在最后的一只羚羊，便属于“遁尾”，会有危险。</p>",
    "bgtitle": "天火同人",
    "bgcontent": "这个卦是异卦（下离上乾）相叠，乾为天，为君；离为火，为臣民百姓，上天下火，火性上升，同于天，上下和同，同舟共济，人际关系和谐，天下大同。"
}