{
    "gname": "天地否",
    "gcontent": "<p>周易第十二卦详解</p>\n<p>否卦原文</p>\n<p>否。否之匪人。不利君子贞。大往小来。</p>\n<p>象曰：天地不交，否。君子以俭德辟难，不可荣以禄。</p>\n<p>白话文解释</p>\n<p>否卦：为小人所隔阂，这是不利于君子的占卜，事业也将由盛转衰。</p>\n<p>《象辞》说：天地隔阂不能交感，万物咽窒不能畅釜，这是否卦的卦象。君子观此卦象，从而在国家政治否塞之时，应思隐居不仕，以崇尚俭约来躲避灾难，不要以利禄为荣。</p>\n<p>《断易天机》解</p>\n<p>否卦乾上坤下，为乾宫三世卦。否象征闭塞不通，是不吉之兆。否卦中，阴阳不交，是一切都不和谐之象。</p>\n<p>北宋易学家邵雍解</p>\n<p>大往小来，闭塞不通；否极泰来，修德避难。</p>\n<p>得此卦者，万物闭塞之象，上下不合，诸事不顺，凡事宜忍，须待时运好转而有为。</p>\n<p>台湾国学大儒傅佩荣解</p>\n<p>时运：诸事不顺，不可妄动。</p>\n<p>财运：适宜买入，后可获利。</p>\n<p>家宅：勤俭免祸；仳离之象。</p>\n<p>身体：气血不通，节制饮食。</p>\n<p>传统解卦</p>\n<p>这个卦是异卦（下坤上乾）相叠，其结构同泰卦相反，系阳气上升，阴气下降，天地不交，万物不通。它们彼此为“综卦”，表明泰极而否，否极泰来，互为因果。</p>\n<p>大象：天气上升，地气下降，天地之气不交，主闭塞不通。</p>\n<p>运势：上下不和，百事不通，凡事宜忍，须知否极泰来。</p>\n<p>事业：陷入逆境，事业处于衰退阶段，多有不顺利。受小人干扰而不得志，多挫折。应坚持正道，勿与小人合流，团结志同道合者，自保以等待时机。保持自信心，戒慎恐惧，形势定会好转，事业终能成功。</p>\n<p>经商：遇到强大的竞争对手，处于不利地位，信息不灵造成重大损失。应格外小心谨慎，坚持守势，等待有利时机到来，再努力发展自己的事业。</p>\n<p>求名：条件还不成熟，再努力一阵子，并得到他人的帮助，理想可以实现。</p>\n<p>婚恋：容易出现节外生枝的事情，甚至发生挫折和变故，双方若都充满信心，好的结果会出现。</p>\n<p>决策：本人聪慧，精明，勤奋努力，但不注意人际关系，加上小人的排斥，命运或遭厄运。意志坚强，具有奋斗精神，且克服了不足，尽管付出的代价很高，必能成全事业。</p>\n<p>第十二卦的哲学含义</p>\n<p>从卦形上看，乾在上，上为天，坤在下，下为地，各在各的位置上，这意味着互不交往，不与外界发生关系，位置固定不变，按着陈规陋习办事。“否”卦是不通畅、阻塞、恶化、贬斥的意思。是自己把自己封闭起来，阻塞了前进的道</p>\n<p>否卦是不利君子，小人就要得势，君子将要隐退的趋向。小人挡住了君子的道路，因为坤属于内卦，乾属于外卦，有小人主内政，君子靠外，小人得势，君子受排斥之像。</p>\n<p>否卦位于泰卦之后，《序卦》之中这样解释道：“物不可终通，故受之以否。”永远通达是不可能的，所以会有阻塞，所以接下来讲的就是否卦。</p>\n<p>《象》曰：天地不交，“否”；君子以俭德辟难，不可荣以禄。</p>\n<p>《象》中指出：否卦的卦象为坤（地）下乾（天）上，为天在地上之表象。天在极高之处，地在极低之处，天地阴阳之间因而不能互相交合，所以时世闭塞不通，这时候君子必须坚持勤俭节约的美德，以避开危险与灾难不能谋取高官及丰厚的俸禄，去追求荣华富贵。否卦象征闭塞，属于中中卦。《象》中这样来断此卦：虎落陷坑不堪言，进前容易退后难，谋望不遂自己便，疾病口舌事牵连。</p>",
    "title": "九四爻",
    "content": "<p>九四爻辞</p><p>九四。有命无咎，畴离祉。</p><p>象曰：有命无咎，志行也。</p><p>白话文解释</p><p>九四：君王有赏赐之命，没有灾害，谁能得到赏赐呢?</p><p>《象辞》说：君王有赏赐之命，没有灾害，说明君王论功行赏，臣下尽职效力，各行其志。</p><p>北宋易学家邵雍解</p><p>吉：得此爻者，家产日增，吉庆安乐。做官的会得到朋友和同僚之助，或升迁，或进财。</p><p>台湾国学大儒傅佩荣解</p><p>时运：好运来到，谋事可成。</p><p>财运：打定主意，转亏为盈。</p><p>家宅：家运转吉。</p><p>身体：体质尚强。</p><p>九四变卦</p><p>九四爻动变得周易第20卦：风地观。这个卦是异卦（下坤上巽）相叠，风行地上，喻德教遍施。观卦与临卦互为综卦，交相使用。在上者以道义观天下；在下者以敬仰瞻上，人心顺服归从。</p><p>九四爻</p><p>的哲学含义</p><p>九四：有命，无咎，畴尚祉。爻辞释义</p><p>畴：同“俦”，是指同类或众人。离：同“丽”，附丽或依附。</p><p>本爻的意思是：有所受命，没有灾难，众人依附而得福。</p><p>占得此爻者，意味着经过一段时间的隐忍，运气逐渐转好了，可以开始一展身手了。如果你原来的事业因为小人当道而停止不前，现在可以回到它原来的轨道了。如果你是农民，可以耕种自己的土地，如果有机会可以承包其他土地，自可以放心地去承包。如果你是职员，发现有更好的工作机会，可以离开现有的公司，去谋求更好的发展。当然，你所要做的事必须是正当的，对他人和社会有益的。你要寻找志同道合的人，大家相互依附，这样会谋求到幸福。</p>",
    "bgtitle": "风地观",
    "bgcontent": "这个卦是异卦（下坤上巽）相叠，风行地上，喻德教遍施。观卦与临卦互为综卦，交相使用。在上者以道义观天下；在下者以敬仰瞻上，人心顺服归从。"
}