{
    "gname": "泽天夬",
    "gcontent": "<p>周易第四十三卦详解</p>\n<p>夬卦原文</p>\n<p>夬。扬于王庭，孚号，有厉。告自邑，不利即戎，利有攸往。</p>\n<p>象曰：泽上于天，夬。君子以施禄及下，居德则忌。</p>\n<p>白话文解释</p>\n<p>夬卦：王庭里正跳舞作乐。有人呼告：“有敌人来犯。”邑中传来命令：“出击不利，要严阵以待。”筮遇此爻，出外旅行则吉利。</p>\n<p>《象辞》说：本卦上卦为兑，兑为泽；下卦为乾，乾为天，可见泽水上涨，浇灌大地，是夬卦的卦象。君子观此卦象，从而泽惠下施，不敢居功自傲，并以此为忌。</p>\n<p>《断易天机》解</p>\n<p>夬卦兑上乾下，为坤宫五世卦。此卦中的夬为决断、决裂，象征会有危险之事，利有攸往，往前有利。</p>\n<p>北宋易学家邵雍解</p>\n<p>排除决去，必须刚断；始吉终凶，谨慎自重。</p>\n<p>得此卦者，大运将过，困难将至，宜提高警惕，谨言慎行。</p>\n<p>台湾国学大儒傅佩荣解</p>\n<p>时运：气运过盛，散财为吉。</p>\n<p>财运：利己利人，财散人聚。</p>\n<p>家宅：须防水患；婚姻不成。</p>\n<p>身体：调养气息。</p>\n<p>传统解卦</p>\n<p>这个卦是异卦（下乾上兑）相叠。乾为天为健；兑为泽为悦。泽气上升，决注成雨，雨施大地，滋润万物。五阳去一阴，去之不难，决（去之意）即可，故名为夬（guài），夬即决。</p>\n<p>大象：泽水积满而泛滥成灾，滔天之势。又五阳爻之盛势必除去唯一阴爻，故一阴孤立。</p>\n<p>运势：目前虽吉，但困难及变动正在蕴酿中，宜提高警觉，忌骄傲，防口舌是非。</p>\n<p>事业：处在兴盛阶段，但已孕育着普遍的危险。务必施恩泽给他人，勿居功自傲，主动团结他人，不干冒险的事。时时提高警惕，防止小人的破坏。但不可莽撞，应持和缓的手段去决断小人，避免过犹不及。</p>\n<p>经商：市场正在走向衰落的状态，不宜大量活动，随时注意转向。开拓新领域时，加强同他人的合作。但务必充分注意别有用心的奸诈小人趁机捣乱和破坏。</p>\n<p>求名：虚心求教，充实自身实力。但应量力而行，不可盲目自大，更不可同小人合流，图虚名而败坏事业。</p>\n<p>婚恋：防止上介绍人的当，也应注意对方的目的。</p>\n<p>决策：性格矛盾，往往表面刚强而内心虚弱，在关键的时刻，败坏事业。虚心听取他人劝告，切勿鲁莽，多谋深思，用柔和的态度待人处世。</p>\n<p>第四十三卦的哲学含义</p>\n<p>夬卦卦象，泽天夬卦的象征意义</p>\n<p>夬卦，这个卦是异卦相叠，下卦为乾，上卦为兑。乾为天、为健；兑为泽、为悦。泽气上升，决注成雨，雨施大地，滋润万物。“五阳去一阴，去之不难，决即可，故名为夬（即又），夬即决。</p>\n<p>夬卦位于益卦之后，《序卦》中说：“益而不已必决，故受之以夬。夬者，决也。”这就是说，如果一直增益下去，最后一定会溃决。</p>\n<p>《象》中这样解释本卦：泽上于天，夬；君子以施禄及下，居德则忌。这里指出：夬卦的卦象是乾（天）下兑（泽）上，为湖水蒸发上天，即将化为雨倾注而下之表象，以此象征决断。君子从中得一启迪：应该自觉地向下层民众广施恩德，否则如果高高在上，不施恩德，就会遭到忌恨。</p>\n<p>夬卦象征决断，属于上上卦。象曰：蜘蛛脱网赛天军，粘住游蜂翅翎毛，幸有大风吹破网，脱离灾难又逍遥。</p>",
    "title": "初九爻",
    "content": "<p>初九爻辞</p><p>初九。壮于前趾，往不胜为咎。</p><p>象曰：不胜而往，咎也。</p><p>白话文解释</p><p>初九：脚趾受伤，仍然继续前进，将因为脚力不胜而遭致灾难。</p><p>《象辞》说：脚力不胜而继续行进，将遭灾难。</p><p>北宋易学家邵雍解</p><p>凶：得此爻者，会有无妄之灾，宜静守。做官的躁动者有损。</p><p>台湾国学大儒傅佩荣解</p><p>时运：躁进取败，动辄得咎。</p><p>财运：任意经营，伤财害己。</p><p>家宅：地势太低；门户不对。</p><p>身体：小心足疾。</p><p>初九变卦</p><p>初九爻动变得周易第28卦：泽风大过。这个卦是异卦（下巽上兑）相叠。兑为泽、为悦，巽为木、为顺，泽水淹舟，遂成大错。阴阳爻相反，阳大阴小，行动非常，有过度形象，内刚外柔。</p><p>初九爻的哲学含义</p><p>夬卦第一爻，爻辞：初九：壮于前趾，往不胜为咎。爻辞释义</p><p>壮：刚壮，冒进。趾：脚趾。前趾：指初步行进之时。</p><p>本爻辞的意思是：脚趾前端盛壮，贸然前行不能取胜，反而会招来灾祸。</p><p>从卦象上看，初九以阳爻居刚位，好动，容易冒进，但是上临四个阳爻，实在无力可施。并且初九与九四无应，表示无功而返，还会招来麻烦。</p><p>《象》中这样解释本爻：不胜而往，咎也。这里指出：初九爻地位最低下，本应该积蓄力量等待时机，却轻率急躁地前往，孤军深入只能遭到失败。不仅完不成制裁小人的使命，还会给自身带来灾祸。</p><p>占得此爻者，如果没有必胜的把握，不要去做事，这样不但做不成，反而会惹来麻烦。还要注意，做事时要多动脑子。有些人有强壮的身体，加上刚猛的性格，做事不用脑子用蛮力。有时一时冲动，不全面地衡量一下自己的能力，不考虑事情的真实情况，只凭热情和勇敢去做，结果常常会惹上麻烦。</p><p>初九：壮于前趾，往不胜为吝。</p><p>象曰：不胜而往，咎也。</p><p>经文意思是：前脚趾健壮，前往不能胜任而造成灾难。</p><p>象辞意思是：不能胜任而前往，自找灾难啊。</p><p>初九代表阳气渐生，相对于人体来说就好比脚趾，相对于人的能力来说表示能力较弱，所以前往会有不能胜任之忧。这就好比一个还在学校学习的大学生，品学兼优，但是凭这些就想承担某个企业的主要领导职位，显然是能力还有些欠缺。</p>",
    "bgtitle": "泽风大过",
    "bgcontent": "这个卦是异卦（下巽上兑）相叠。兑为泽、为悦，巽为木、为顺，泽水淹舟，遂成大错。阴阳爻相反，阳大阴小，行动非常，有过度形象，内刚外柔。"
}