{
    "gname": "泽天夬",
    "gcontent": "<p>周易第四十三卦详解</p>\n<p>夬卦原文</p>\n<p>夬。扬于王庭，孚号，有厉。告自邑，不利即戎，利有攸往。</p>\n<p>象曰：泽上于天，夬。君子以施禄及下，居德则忌。</p>\n<p>白话文解释</p>\n<p>夬卦：王庭里正跳舞作乐。有人呼告：“有敌人来犯。”邑中传来命令：“出击不利，要严阵以待。”筮遇此爻，出外旅行则吉利。</p>\n<p>《象辞》说：本卦上卦为兑，兑为泽；下卦为乾，乾为天，可见泽水上涨，浇灌大地，是夬卦的卦象。君子观此卦象，从而泽惠下施，不敢居功自傲，并以此为忌。</p>\n<p>《断易天机》解</p>\n<p>夬卦兑上乾下，为坤宫五世卦。此卦中的夬为决断、决裂，象征会有危险之事，利有攸往，往前有利。</p>\n<p>北宋易学家邵雍解</p>\n<p>排除决去，必须刚断；始吉终凶，谨慎自重。</p>\n<p>得此卦者，大运将过，困难将至，宜提高警惕，谨言慎行。</p>\n<p>台湾国学大儒傅佩荣解</p>\n<p>时运：气运过盛，散财为吉。</p>\n<p>财运：利己利人，财散人聚。</p>\n<p>家宅：须防水患；婚姻不成。</p>\n<p>身体：调养气息。</p>\n<p>传统解卦</p>\n<p>这个卦是异卦（下乾上兑）相叠。乾为天为健；兑为泽为悦。泽气上升，决注成雨，雨施大地，滋润万物。五阳去一阴，去之不难，决（去之意）即可，故名为夬（guài），夬即决。</p>\n<p>大象：泽水积满而泛滥成灾，滔天之势。又五阳爻之盛势必除去唯一阴爻，故一阴孤立。</p>\n<p>运势：目前虽吉，但困难及变动正在蕴酿中，宜提高警觉，忌骄傲，防口舌是非。</p>\n<p>事业：处在兴盛阶段，但已孕育着普遍的危险。务必施恩泽给他人，勿居功自傲，主动团结他人，不干冒险的事。时时提高警惕，防止小人的破坏。但不可莽撞，应持和缓的手段去决断小人，避免过犹不及。</p>\n<p>经商：市场正在走向衰落的状态，不宜大量活动，随时注意转向。开拓新领域时，加强同他人的合作。但务必充分注意别有用心的奸诈小人趁机捣乱和破坏。</p>\n<p>求名：虚心求教，充实自身实力。但应量力而行，不可盲目自大，更不可同小人合流，图虚名而败坏事业。</p>\n<p>婚恋：防止上介绍人的当，也应注意对方的目的。</p>\n<p>决策：性格矛盾，往往表面刚强而内心虚弱，在关键的时刻，败坏事业。虚心听取他人劝告，切勿鲁莽，多谋深思，用柔和的态度待人处世。</p>\n<p>第四十三卦的哲学含义</p>\n<p>夬卦卦象，泽天夬卦的象征意义</p>\n<p>夬卦，这个卦是异卦相叠，下卦为乾，上卦为兑。乾为天、为健；兑为泽、为悦。泽气上升，决注成雨，雨施大地，滋润万物。“五阳去一阴，去之不难，决即可，故名为夬（即又），夬即决。</p>\n<p>夬卦位于益卦之后，《序卦》中说：“益而不已必决，故受之以夬。夬者，决也。”这就是说，如果一直增益下去，最后一定会溃决。</p>\n<p>《象》中这样解释本卦：泽上于天，夬；君子以施禄及下，居德则忌。这里指出：夬卦的卦象是乾（天）下兑（泽）上，为湖水蒸发上天，即将化为雨倾注而下之表象，以此象征决断。君子从中得一启迪：应该自觉地向下层民众广施恩德，否则如果高高在上，不施恩德，就会遭到忌恨。</p>\n<p>夬卦象征决断，属于上上卦。象曰：蜘蛛脱网赛天军，粘住游蜂翅翎毛，幸有大风吹破网，脱离灾难又逍遥。</p>",
    "title": "九五爻",
    "content": "<p>九五爻辞</p><p>九五。苋陆夬夬，中行无咎。</p><p>象曰：中行无咎，中未光也。</p><p>白话文解释</p><p>九五：细角山羊在道路中间蹦蹦跳跳，筮遇此爻无灾难。</p><p>《象辞》说：行中正之道，仅称无灾难，大概是没有将中行之道推广施行。</p><p>北宋易学家邵雍解</p><p>平：得此爻者，营谋遂意，诉者伸，有病者愈。做官的须防奸邪之辈侵害。</p><p>台湾国学大儒傅佩荣解</p><p>时运：亲近君子，万事皆吉。</p><p>财运：尽速出手，不然有悔。</p><p>家宅：整理干净；婚姻合宜。</p><p>身体：调节气旺。</p><p>九五变卦</p><p>九五爻动变得周易第34卦：雷天大壮。这个卦是异卦（下乾上震）相叠。震为雷；乾为天。乾刚震动。天鸣雷，云雷滚，声势宏大，阳气盛壮，万物生长。刚壮有力故曰壮。大而且壮，故名大壮。四阳壮盛，积极而有所作为，上正下正，标正影直。</p><p>九五爻</p><p>的哲学含义</p><p>夬卦第五爻，爻辞：九五：苋陆夬夬，中行无咎。</p><p>从卦象上看，九五这一爻属于阳爻居刚位，处于君主之位，职高权重。若过于用刚虽然能取得一定的胜利，不过行为偏激也会走向相反的一面，而且敌对势力很难斩草除根。好在九五居于上卦中位，又与上六亲比，所以同时具有刚健和能行中道的美德，对待敌对势力能恩威并施，从而没有灾难。</p><p>《象》中这样解释本爻：“中行无咎”，中未光也。这里指出：“在行为上宜奉行中庸之道，这样就会减少麻烦。”表明尽管处在尊贵地位，要解决小人为乱易如反掌，却也不能做得太过分，要恰到好处才能避免灾祸。这也说明坚守正道的举动并未大放光彩，仅仅起到免除祸殃的作用而已。</p><p>占得此爻者，在工作上或生活中遇到了障碍或者是小人，对此你应该冷静处置，不要走极端。虽然你自己能力很强，或者有权有势，但是也要尽量采用中庸之道，这样对你才有利。若是已经做了偏激、冒失的事，也应该停下来认真地反</p><p>省一下自己。</p>",
    "bgtitle": "雷天大壮",
    "bgcontent": "这个卦是异卦（下乾上震）相叠。震为雷；乾为天。乾刚震动。天鸣雷，云雷滚，声势宏大，阳气盛壮，万物生长。刚壮有力故曰壮。大而且壮，故名大壮。四阳壮盛，积极而有所作为，上正下正，标正影直。"
}