{
    "gname": "泽天夬",
    "gcontent": "<p>周易第四十三卦详解</p>\n<p>夬卦原文</p>\n<p>夬。扬于王庭，孚号，有厉。告自邑，不利即戎，利有攸往。</p>\n<p>象曰：泽上于天，夬。君子以施禄及下，居德则忌。</p>\n<p>白话文解释</p>\n<p>夬卦：王庭里正跳舞作乐。有人呼告：“有敌人来犯。”邑中传来命令：“出击不利，要严阵以待。”筮遇此爻，出外旅行则吉利。</p>\n<p>《象辞》说：本卦上卦为兑，兑为泽；下卦为乾，乾为天，可见泽水上涨，浇灌大地，是夬卦的卦象。君子观此卦象，从而泽惠下施，不敢居功自傲，并以此为忌。</p>\n<p>《断易天机》解</p>\n<p>夬卦兑上乾下，为坤宫五世卦。此卦中的夬为决断、决裂，象征会有危险之事，利有攸往，往前有利。</p>\n<p>北宋易学家邵雍解</p>\n<p>排除决去，必须刚断；始吉终凶，谨慎自重。</p>\n<p>得此卦者，大运将过，困难将至，宜提高警惕，谨言慎行。</p>\n<p>台湾国学大儒傅佩荣解</p>\n<p>时运：气运过盛，散财为吉。</p>\n<p>财运：利己利人，财散人聚。</p>\n<p>家宅：须防水患；婚姻不成。</p>\n<p>身体：调养气息。</p>\n<p>传统解卦</p>\n<p>这个卦是异卦（下乾上兑）相叠。乾为天为健；兑为泽为悦。泽气上升，决注成雨，雨施大地，滋润万物。五阳去一阴，去之不难，决（去之意）即可，故名为夬（guài），夬即决。</p>\n<p>大象：泽水积满而泛滥成灾，滔天之势。又五阳爻之盛势必除去唯一阴爻，故一阴孤立。</p>\n<p>运势：目前虽吉，但困难及变动正在蕴酿中，宜提高警觉，忌骄傲，防口舌是非。</p>\n<p>事业：处在兴盛阶段，但已孕育着普遍的危险。务必施恩泽给他人，勿居功自傲，主动团结他人，不干冒险的事。时时提高警惕，防止小人的破坏。但不可莽撞，应持和缓的手段去决断小人，避免过犹不及。</p>\n<p>经商：市场正在走向衰落的状态，不宜大量活动，随时注意转向。开拓新领域时，加强同他人的合作。但务必充分注意别有用心的奸诈小人趁机捣乱和破坏。</p>\n<p>求名：虚心求教，充实自身实力。但应量力而行，不可盲目自大，更不可同小人合流，图虚名而败坏事业。</p>\n<p>婚恋：防止上介绍人的当，也应注意对方的目的。</p>\n<p>决策：性格矛盾，往往表面刚强而内心虚弱，在关键的时刻，败坏事业。虚心听取他人劝告，切勿鲁莽，多谋深思，用柔和的态度待人处世。</p>\n<p>第四十三卦的哲学含义</p>\n<p>夬卦卦象，泽天夬卦的象征意义</p>\n<p>夬卦，这个卦是异卦相叠，下卦为乾，上卦为兑。乾为天、为健；兑为泽、为悦。泽气上升，决注成雨，雨施大地，滋润万物。“五阳去一阴，去之不难，决即可，故名为夬（即又），夬即决。</p>\n<p>夬卦位于益卦之后，《序卦》中说：“益而不已必决，故受之以夬。夬者，决也。”这就是说，如果一直增益下去，最后一定会溃决。</p>\n<p>《象》中这样解释本卦：泽上于天，夬；君子以施禄及下，居德则忌。这里指出：夬卦的卦象是乾（天）下兑（泽）上，为湖水蒸发上天，即将化为雨倾注而下之表象，以此象征决断。君子从中得一启迪：应该自觉地向下层民众广施恩德，否则如果高高在上，不施恩德，就会遭到忌恨。</p>\n<p>夬卦象征决断，属于上上卦。象曰：蜘蛛脱网赛天军，粘住游蜂翅翎毛，幸有大风吹破网，脱离灾难又逍遥。</p>",
    "title": "上九爻",
    "content": "<p>上六爻辞</p><p>上六。无号，终有凶。</p><p>象曰：无号之凶，终不可长也。</p><p>白话文解释</p><p>上六：狗在哭叫，预兆着终将有凶险之事。</p><p>《象辞》说：国无号令，其势必遭凶险，说明国运衰微，终不可保。</p><p>北宋易学家邵雍解</p><p>凶：得此爻者，营谋不成，宜守常，不良者，骨肉刑克，是非缠绕。做官的难于久任，激流勇退为佳。</p><p>台湾国学大儒傅佩荣解</p><p>时运：声名大损，警惕免祸。</p><p>财运：再立新约，否则无利。</p><p>家宅：寂静不安；媒妁未成。</p><p>身体：无声可呼，已至险境。</p><p>上六变卦</p><p>上六爻动变得周易第1卦：乾为天。这个卦是同卦（下乾上乾）相叠。象征天，喻龙（德才的君子），又象征纯粹的阳和健，表明兴盛强健。乾卦是根据万物变通的道理，以“元、亨、利、贞”为卦辞，表示吉祥如意，教导人遵守天道的德行。</p><p>上九爻</p><p>的哲学含义</p><p>夬卦第六爻，爻辞：上六：无号，终有凶。</p><p>从卦象上看，上六处于卦的顶端，阴爻居柔位，才质柔弱，又心怀阴险，行为非光明正大。上六以阴乘阳，下与九三有应，又在九五周围制造矛盾，不利团结。当阳长阴消之时，上六处于即将消亡的境地，非常凶险。</p><p>《象》中这样解释本爻：“晚号之凶”，终不可长也。这里指出：“嚎啕大哭也没有用，最终必然有凶险临头”，表明上六以阴柔小人凌驾于阳刚君子特别是君王之上，是众矢之的。其倒行逆施的状况不会持续很长时间，最终难以逃脱被制裁的命运。</p><p>占得此爻者，在做事时，可能是没有行正道，采取不正当的手段，在与人交往时，也没有以诚相待，而是拉帮结派，挑拔离间。这样，你最终会被朋友抛弃，做事也非常不顺，结果会令你失望。</p><p>占得此爻者，可能是退居二线的人物，失去了以往的尊贵的位置，没有下级的支持，也没有发布命令的权力，但是却不甘心于此，经常捣乱，搞破坏，最终会有凶事发生。</p><p>大势已去，上六的灭亡已不可避免。人在最悲伤的时候反而没有眼泪了，上六就是这样。他只能等待着凶险的来临，却没有一点办法。因为众阳的势力太强大了，自己无法与之抗衡。</p>",
    "bgtitle": "乾为天",
    "bgcontent": ""
}