{
    "gname": "兑为泽",
    "gcontent": "<p>周易第五十八卦详解</p>\n<p>兑卦原文</p>\n<p>兑。亨，利，贞。</p>\n<p>象曰：丽泽，兑。君子以朋友讲习。</p>\n<p>白话文解释</p>\n<p>兑卦：亨通。吉利的贞卜。</p>\n<p>《象辞》说：本卦为两兑相叠，兑为泽，两泽相连，两水交流是兑卦的卦象。君子观此卦象，从而广交朋友，讲习探索，推广见闻。</p>\n<p>《断易天机》解</p>\n<p>兑卦兑上兑下，为兑宫本位卦。兑为喜悦、取悦，又为泽，泽中之水可以滋润万物，所占的人会很吉利。</p>\n<p>北宋易学家邵雍解</p>\n<p>泽润万物，双重喜悦；和乐群伦，确守正道。</p>\n<p>得此卦者，多喜庆之事，人情和合，但应坚守正道，否则犯灾。</p>\n<p>台湾国学大儒傅佩荣解</p>\n<p>时运：朋友支持，好好珍惜。</p>\n<p>财运：有人扶助，获利不难。</p>\n<p>家宅：友朋同住；因友成亲。</p>\n<p>身体：熟医可治。</p>\n<p>传统解卦</p>\n<p>这个卦是同卦（下泽上泽）相叠。泽为水。两泽相连，两水交流，上下相和，团结一致，朋友相助，欢欣喜悦。兑为悦也。同秉刚健之德，外抱柔和之姿，坚行正道，导民向上。</p>\n<p>大象：两泽相依，更得泽中映月，美景良辰，令人怡悦。</p>\n<p>运势：悲喜交集，有誉有讥，守正道，诸事尚可称意。</p>\n<p>事业：由于善长人际关系，能团结他人，获得援助。因此，各项事业都十分顺利。只要本人坚持中正之道，动机纯正，是非分明，以诚心与人和悦，前途光明。</p>\n<p>经商：很有利，可以取得多种渠道的支持。但在顺利时切莫忘记谨慎小心的原则，尤其警惕上小人的当。</p>\n<p>求名：只要自己目的纯正，并有真才实学，一定可以受到多方面的热情帮助和资助，达到目的。</p>\n<p>婚恋：彼此满意，成功的可能性很大。但千万不要过于坚持己见。</p>\n<p>决策：为人聪颖，性格开朗，头脑灵活，心地善良，热心为公众服务，富有组织才能。因此，可以比较顺利地走上领导岗位。但一定要坚持中正原则，秉公办事，不得诌媚讨好上级，更不可欺压民众。永远保持谦虚品德，尤其不可过分自信，否则很容易为坏人包围。</p>",
    "title": "九二爻",
    "content": "<p>九二爻辞</p><p>九二。孚兑，吉，悔亡。</p><p>象曰：孚兑之吉，信志也。</p><p>白话文解释</p><p>九二：优待俘虏，吉利，没有悔恨。</p><p>《象辞》说：以诚信待人，人亦热忱待之，之所以吉利，因为互相之间有了信任。</p><p>北宋易学家邵雍解</p><p>吉：得此爻者，正当好运，事事和顺。做官的有升迁之兆。</p><p>台湾国学大儒傅佩荣解</p><p>时运：上下同心，自然吉祥。</p><p>财运：以信为本，可长可远。</p><p>家宅：与邻共富；阴阳相合。</p><p>身体：疑病得解。</p><p>九二变卦</p><p>九二爻动变得周易第17卦：泽雷随。这个卦是异卦（下震上兑）相叠，震为雷，为动；兑为悦，动而悦就是“随”。随指相互顺从，己有随物，物能随己，彼此沟通。随必依时顺势，有原则和条件，以坚贞为前提。</p><p>九二爻</p><p>的哲学含义</p><p>兑卦第二爻，爻辞：九二：孚兑，吉，悔亡。爻辞释义</p><p>孚：指诚实可信，真心交往。</p><p>本爻辞的意思是：诚信而喜悦，吉祥，悔恨消失。</p><p>从卦象上看，九二以阳爻居刚位，虽然失位，但是具备刚柔相济的美德，表明其资质刚进又能怀柔执中。《象》中这样解释本爻：“孚兑之吉”，信志也。这里指出：“心中诚信与人和悦，故而得到吉祥”，说明心志诚信、笃实，能获得好的结果。</p><p>在你得到了一个真诚的朋友，或者是一份爱情，非常吉祥，你可以享受这种喜悦，不会有后悔之事。</p><p>九二：孚兑，吉，悔亡。</p><p>象曰：孚兑之吉，信志也。</p><p>经文意思是：诚信而喜悦,吉祥，没有悔恨。</p><p>象辞意思是：诚信与喜悦的吉祥，是由于心志诚信。</p>",
    "bgtitle": "泽雷随",
    "bgcontent": "这个卦是异卦（下震上兑）相叠，震为雷，为动；兑为悦，动而悦就是“随”。随指相互顺从，己有随物，物能随己，彼此沟通。随必依时顺势，有原则和条件，以坚贞为前提。"
}