{
    "gname": "兑为泽",
    "gcontent": "<p>周易第五十八卦详解</p>\n<p>兑卦原文</p>\n<p>兑。亨，利，贞。</p>\n<p>象曰：丽泽，兑。君子以朋友讲习。</p>\n<p>白话文解释</p>\n<p>兑卦：亨通。吉利的贞卜。</p>\n<p>《象辞》说：本卦为两兑相叠，兑为泽，两泽相连，两水交流是兑卦的卦象。君子观此卦象，从而广交朋友，讲习探索，推广见闻。</p>\n<p>《断易天机》解</p>\n<p>兑卦兑上兑下，为兑宫本位卦。兑为喜悦、取悦，又为泽，泽中之水可以滋润万物，所占的人会很吉利。</p>\n<p>北宋易学家邵雍解</p>\n<p>泽润万物，双重喜悦；和乐群伦，确守正道。</p>\n<p>得此卦者，多喜庆之事，人情和合，但应坚守正道，否则犯灾。</p>\n<p>台湾国学大儒傅佩荣解</p>\n<p>时运：朋友支持，好好珍惜。</p>\n<p>财运：有人扶助，获利不难。</p>\n<p>家宅：友朋同住；因友成亲。</p>\n<p>身体：熟医可治。</p>\n<p>传统解卦</p>\n<p>这个卦是同卦（下泽上泽）相叠。泽为水。两泽相连，两水交流，上下相和，团结一致，朋友相助，欢欣喜悦。兑为悦也。同秉刚健之德，外抱柔和之姿，坚行正道，导民向上。</p>\n<p>大象：两泽相依，更得泽中映月，美景良辰，令人怡悦。</p>\n<p>运势：悲喜交集，有誉有讥，守正道，诸事尚可称意。</p>\n<p>事业：由于善长人际关系，能团结他人，获得援助。因此，各项事业都十分顺利。只要本人坚持中正之道，动机纯正，是非分明，以诚心与人和悦，前途光明。</p>\n<p>经商：很有利，可以取得多种渠道的支持。但在顺利时切莫忘记谨慎小心的原则，尤其警惕上小人的当。</p>\n<p>求名：只要自己目的纯正，并有真才实学，一定可以受到多方面的热情帮助和资助，达到目的。</p>\n<p>婚恋：彼此满意，成功的可能性很大。但千万不要过于坚持己见。</p>\n<p>决策：为人聪颖，性格开朗，头脑灵活，心地善良，热心为公众服务，富有组织才能。因此，可以比较顺利地走上领导岗位。但一定要坚持中正原则，秉公办事，不得诌媚讨好上级，更不可欺压民众。永远保持谦虚品德，尤其不可过分自信，否则很容易为坏人包围。</p>",
    "title": "初九爻",
    "content": "<p>初九爻辞</p><p>初九。和兑，吉。</p><p>象曰：和兑之吉，行未疑也。</p><p>白话文解释</p><p>初九：和睦欢喜，吉利。</p><p>《象辞》说：和睦欢喜之所以吉利，因为人际邦交无所猜疑。</p><p>北宋易学家邵雍解</p><p>吉：得此爻者，人情和合，百谋皆遂。</p><p>台湾国学大儒傅佩荣解</p><p>时运：以和为贵，诸事皆吉。</p><p>财运：秋实可收，自然有利。</p><p>家宅：和乐融融；室家得宜。</p><p>身体：宽心无忧。</p><p>初九变卦</p><p>初九爻动变得周易第47卦：泽水困。这个卦是异卦（下坎上兑）相叠。兑为阴为泽喻悦；坎为阳为水喻险。泽水困，陷入困境，才智难以施展，仍坚守正道，自得其乐，必可成事，摆脱困境。</p><p>初九爻的哲学含义</p><p>兑卦第一爻，爻辞：初九：和兑，吉。爻辞释义</p><p>本爻辞的意思是：能以平和喜悦的态度待人，获得吉祥。</p><p>从卦象上看，初九以阳爻居刚位，得位守正，并有动向。它在下卦兑中，兑为口，为悦。上卦也是兑卦，形成上下互唱的局面。象征着初九和颜悦色地主动去和上面沟通，上面也和颜悦色地应和，所以很吉利。</p><p>《象》中这样分析本爻：和兑之吉，行未疑也。这里指出：用平和喜悦的态度待人，获得吉祥，是因为行为诚信端正，不被人猜疑。</p><p>占得此爻者，位置很低，没有什么地位，应该主动去与人结交。但是，要注意，不要谄媚于上，要心无所求地与人真诚地交往。注意在第一次与人见面时，应该表现得亲切、大方、得体，不要给人留下巴结或有心机的印像，这样以后的相处就会轻松而又愉快。</p><p>初九：和兑，吉。</p><p>象曰：和兑之吉，行未疑也。</p>",
    "bgtitle": "泽水困",
    "bgcontent": "这个卦是异卦（下坎上兑）相叠。兑为阴为泽喻悦；坎为阳为水喻险。泽水困，陷入困境，才智难以施展，仍坚守正道，自得其乐，必可成事，摆脱困境。"
}