{
    "gname": "兑为泽",
    "gcontent": "<p>周易第五十八卦详解</p>\n<p>兑卦原文</p>\n<p>兑。亨，利，贞。</p>\n<p>象曰：丽泽，兑。君子以朋友讲习。</p>\n<p>白话文解释</p>\n<p>兑卦：亨通。吉利的贞卜。</p>\n<p>《象辞》说：本卦为两兑相叠，兑为泽，两泽相连，两水交流是兑卦的卦象。君子观此卦象，从而广交朋友，讲习探索，推广见闻。</p>\n<p>《断易天机》解</p>\n<p>兑卦兑上兑下，为兑宫本位卦。兑为喜悦、取悦，又为泽，泽中之水可以滋润万物，所占的人会很吉利。</p>\n<p>北宋易学家邵雍解</p>\n<p>泽润万物，双重喜悦；和乐群伦，确守正道。</p>\n<p>得此卦者，多喜庆之事，人情和合，但应坚守正道，否则犯灾。</p>\n<p>台湾国学大儒傅佩荣解</p>\n<p>时运：朋友支持，好好珍惜。</p>\n<p>财运：有人扶助，获利不难。</p>\n<p>家宅：友朋同住；因友成亲。</p>\n<p>身体：熟医可治。</p>\n<p>传统解卦</p>\n<p>这个卦是同卦（下泽上泽）相叠。泽为水。两泽相连，两水交流，上下相和，团结一致，朋友相助，欢欣喜悦。兑为悦也。同秉刚健之德，外抱柔和之姿，坚行正道，导民向上。</p>\n<p>大象：两泽相依，更得泽中映月，美景良辰，令人怡悦。</p>\n<p>运势：悲喜交集，有誉有讥，守正道，诸事尚可称意。</p>\n<p>事业：由于善长人际关系，能团结他人，获得援助。因此，各项事业都十分顺利。只要本人坚持中正之道，动机纯正，是非分明，以诚心与人和悦，前途光明。</p>\n<p>经商：很有利，可以取得多种渠道的支持。但在顺利时切莫忘记谨慎小心的原则，尤其警惕上小人的当。</p>\n<p>求名：只要自己目的纯正，并有真才实学，一定可以受到多方面的热情帮助和资助，达到目的。</p>\n<p>婚恋：彼此满意，成功的可能性很大。但千万不要过于坚持己见。</p>\n<p>决策：为人聪颖，性格开朗，头脑灵活，心地善良，热心为公众服务，富有组织才能。因此，可以比较顺利地走上领导岗位。但一定要坚持中正原则，秉公办事，不得诌媚讨好上级，更不可欺压民众。永远保持谦虚品德，尤其不可过分自信，否则很容易为坏人包围。</p>",
    "title": "九三爻",
    "content": "<p>六三爻辞</p><p>六三。来兑，凶。</p><p>象曰：来兑之凶，位不当也</p><p>白话文解释</p><p>六三：以使人归服为乐，蕴藏着凶险。</p><p>《象辞》说：以使人归服为乐，蕴藏着凶险，因为力小而任大，德薄而欲多，所行必不当。</p><p>北宋易学家邵雍解</p><p>凶：得此爻者，会有意外之祸，甚者则失道忘身。做官的有听信谗言而遭辱之忧。</p><p>台湾国学大儒傅佩荣解</p><p>时运：奔走营求，虽成亦辱。</p><p>财运：无信之商，未来堪虑。</p><p>家宅：去伪存诚；先合后离。</p><p>身体：小心外祸。</p><p>六三变卦</p><p>六三爻动变得周易第43卦：泽天夬。这个卦是异卦（下乾上兑）相叠。乾为天为健；兑为泽为悦。泽气上升，决注成雨，雨施大地，滋润万物。五阳去一阴，去之不难，决（去之意）即可，故名为夬（guài），夬即决。</p><p>九三爻</p><p>的哲学含义</p><p>兑卦第三爻，爻辞：六二：来兑，凶。爻辞释义</p><p>本爻辞的意思是：前来寻求欣悦，有凶险。</p><p>从卦象上看，六三以阴爻居刚位，失位，不中不正，又处于两个阳爻之间，意味着无原则地上下迎合，有奉诚之嫌。</p><p>《象》中这样解释本爻：“来兑之凶”，位不当也。这里指出：“前来寻求欣悦，有凶险”，是因为居位不中不正的缘故。</p><p>占得此爻，你可能是缺乏自制力的人，主动去寻欢，因为选错了时间或选错了对象，结果是凶险的。也有可能你自己有一定的地位和名声，有小人来前来献媚，若是听从了他们讨好、献媚的话，结果是很凶险的。</p><p>六三：来兑，凶。</p><p>象曰：来兑之凶，位不当也。</p><p>经文意思是：来求喜悦，凶险。</p><p>象辞意思是：来求喜悦的凶险，是因为有把自己摆正位置。</p>",
    "bgtitle": "泽天夬",
    "bgcontent": "这个卦是异卦（下乾上兑）相叠。乾为天为健；兑为泽为悦。泽气上升，决注成雨，雨施大地，滋润万物。五阳去一阴，去之不难，决（去之意）即可，故名为夬（guài），夬即决。"
}