{
    "gname": "兑为泽",
    "gcontent": "<p>周易第五十八卦详解</p>\n<p>兑卦原文</p>\n<p>兑。亨，利，贞。</p>\n<p>象曰：丽泽，兑。君子以朋友讲习。</p>\n<p>白话文解释</p>\n<p>兑卦：亨通。吉利的贞卜。</p>\n<p>《象辞》说：本卦为两兑相叠，兑为泽，两泽相连，两水交流是兑卦的卦象。君子观此卦象，从而广交朋友，讲习探索，推广见闻。</p>\n<p>《断易天机》解</p>\n<p>兑卦兑上兑下，为兑宫本位卦。兑为喜悦、取悦，又为泽，泽中之水可以滋润万物，所占的人会很吉利。</p>\n<p>北宋易学家邵雍解</p>\n<p>泽润万物，双重喜悦；和乐群伦，确守正道。</p>\n<p>得此卦者，多喜庆之事，人情和合，但应坚守正道，否则犯灾。</p>\n<p>台湾国学大儒傅佩荣解</p>\n<p>时运：朋友支持，好好珍惜。</p>\n<p>财运：有人扶助，获利不难。</p>\n<p>家宅：友朋同住；因友成亲。</p>\n<p>身体：熟医可治。</p>\n<p>传统解卦</p>\n<p>这个卦是同卦（下泽上泽）相叠。泽为水。两泽相连，两水交流，上下相和，团结一致，朋友相助，欢欣喜悦。兑为悦也。同秉刚健之德，外抱柔和之姿，坚行正道，导民向上。</p>\n<p>大象：两泽相依，更得泽中映月，美景良辰，令人怡悦。</p>\n<p>运势：悲喜交集，有誉有讥，守正道，诸事尚可称意。</p>\n<p>事业：由于善长人际关系，能团结他人，获得援助。因此，各项事业都十分顺利。只要本人坚持中正之道，动机纯正，是非分明，以诚心与人和悦，前途光明。</p>\n<p>经商：很有利，可以取得多种渠道的支持。但在顺利时切莫忘记谨慎小心的原则，尤其警惕上小人的当。</p>\n<p>求名：只要自己目的纯正，并有真才实学，一定可以受到多方面的热情帮助和资助，达到目的。</p>\n<p>婚恋：彼此满意，成功的可能性很大。但千万不要过于坚持己见。</p>\n<p>决策：为人聪颖，性格开朗，头脑灵活，心地善良，热心为公众服务，富有组织才能。因此，可以比较顺利地走上领导岗位。但一定要坚持中正原则，秉公办事，不得诌媚讨好上级，更不可欺压民众。永远保持谦虚品德，尤其不可过分自信，否则很容易为坏人包围。</p>",
    "title": "九五爻",
    "content": "<p>九五爻辞</p><p>九五。孚于剥，有厉。</p><p>象曰：孚于剥，位正当也。</p><p>白话文解释</p><p>九五：被剥国俘虏。剥国无理挑衅，必遭惩罚（对我方而言，坏事将变为好事）。</p><p>《象辞》说：当被侵剥之时，仍以诚信待人，正如九五阳爻所象，其人秉行中正之道，必能逢凶化吉。</p><p>北宋易学家邵雍解</p><p>凶：得此爻者，时运不佳，多意外之祸。做官的会受到小人的诽谤。</p><p>台湾国学大儒傅佩荣解</p><p>时运：居安思危，常得其昌。</p><p>财运：虽有小损，信心仍在。</p><p>家宅：诚信为上。</p><p>身体：皮肤有疾，速治可愈。</p><p>九五变卦</p><p>九五爻动变得周易第54卦：雷泽归妹。这个卦是异卦（下兑上震）相叠。震为动、为长男；兑为悦、为少女。以少女从长男，产生爱慕之情，有婚姻之动，有嫁女之象，故称归妹。</p><p>九五爻</p><p>的哲学含义</p><p>兑卦第五爻，爻辞：九五：孚于剥，有厉。爻辞释义</p><p>孚：指诚信。剥：剥取，指小人道长，君子道消，以阴剥阳。</p><p>本爻辞的意思是：沉迷于小人的巧言令色之中，诚实守信被剥除，必有危。</p><p>从卦象上看，九五这一爻以阳爻居君位，执中得正，但是其与近君大臣九四相敌，却亲近于上六，这意味着君主沉迷于声乐欢悦之中，拒不接受阳刚君子的忠言，却听信于阴极小人，所以会有危险的。</p><p>《象》中这样解释本爻：“孚于剥”，位正当也！这里指出：“沉迷于小人的巧言令色之中”，只可惜它所居的正当之位了。</p><p>占得此爻者，一定要检点一下自己近期的所作所为，如果你不加选择地寻求感官的满足，沉迷于吃喝玩乐之中，或者信任那些你并不了解的人，你将为此付出惨痛的代价。</p><p>九五：孚于剝，有厉。</p><p>象曰：孚于剝，位正当也。</p>",
    "bgtitle": "雷泽归妹",
    "bgcontent": "这个卦是异卦（下兑上震）相叠。震为动、为长男；兑为悦、为少女。以少女从长男，产生爱慕之情，有婚姻之动，有嫁女之象，故称归妹。"
}