{
    "gname": "泽火革",
    "gcontent": "<p>周易第四十九卦详解</p>\n<p>革卦原文</p>\n<p>革。己日乃孚。元亨利贞。悔亡。</p>\n<p>象曰：泽中有火，革。君子以治历明时。</p>\n<p>白话文解释</p>\n<p>革卦：祭祀之日用俘虏作人牲，亨通，吉利的卜问。没有悔恨。</p>\n<p>《象辞》说：本卦外卦为兑，兑为泽；内卦为离，离为火。内蒸外煏，水涸草枯，如同水泽之中，大火燃烧，这是革卦的卦象。君子观此卦象，了解到泽水涨落，草木枯荣的周期变化，从而修治历法，明确时令。</p>\n<p>《断易天机》解</p>\n<p>革卦兑上离下，为坎宫四世卦。革就是需要变革，提醒占筮者需要变革才会更进一步。</p>\n<p>北宋易学家邵雍解</p>\n<p>事多变动，坚守正道；顺天应人，实施变革。</p>\n<p>得此卦者，凡事均在变动之中，宜去旧立新，以应革新之象，则会吉祥。</p>\n<p>台湾国学大儒傅佩荣解</p>\n<p>时运：改变之时，顺时而动。</p>\n<p>财运：消耗过多，迁地贸易。</p>\n<p>家宅：小心防火；改娶之象。</p>\n<p>身体：肾水干枯，肝火上升。</p>\n<p>传统解卦</p>\n<p>这个卦是异卦（下离上兑）相叠。离为火、兑为泽，泽内有水。水在上而下浇，火在下而上升。火旺水干，水大火熄。二者相生亦相克，必然出现变革。变革是宇宙的基本规律。</p>\n<p>大象：兑为金，被离火所烧，变革之象。</p>\n<p>运势：凡事均在变动之中，宜去旧立新，以应革新之象。</p>\n<p>事业：正处在转折的关键时刻，必须密切注意各种信息，认真思考。首先巩固自己的地位，完善个人的行为。时机成熟后，立即行动，积极进行变革。但应注意动机纯正，手段正当，不保守也不妄进，事业必定发达。</p>\n<p>经商：市场竞争十分激烈。为了立于不败之地，一定要敢于大胆求新，适时改变自己的经营方向，受到挫败，马上总结经验，重新奋起，拓展商业活动，但要注意竞争方式。</p>\n<p>求名：首先要努力提高自己，完善个人的学识和品德。同时，服从上级指挥搞好工作，二者的关系一定要得到妥善处理。</p>\n<p>婚恋：可能会出现一些节外生枝的麻烦事，应冷静处理，感情专注。</p>\n<p>决策：十分吉利、顺利。以自己的聪明才智，顺应形势，根据时代特点，依理而动，变革渐合时宜的事物，壮大自己的事业。但应谨慎，时机不成熟不可妄动，尤忌急功近利。行动之前应三思而行。</p>\n<p>第四十九卦的哲学含义</p>\n<p>革卦卦象，泽火革卦的象征意义</p>\n<p>革卦，这个卦是异卦相叠，下卦为离，上卦为兑。离为火，兑为泽，泽内有水。水在上，火在下，表明火在下可以把泽水烤干，失去水的泽就变成了其他性质的东西。从另一个角度来说，如果泽水四溢，就会把下面的火浇灭。火灭之后，也就不再是火了，而变成其他性质的东西。火旺水干；水大火熄。二者相生亦相克，必然出现变革，所以本卦命名为“革”。</p>\n<p>同时，离具有光明之意，兑又指喜悦。这又告诉人们，革的目的是消灭旧的，产生新的光明，给人们带来喜悦。</p>\n<p>革卦位于井卦之后，《序卦》中这样解释道：“井道不可不革，故受之以革。”一口井使用久了，必须定期清理，所以井卦之后要求变革。《杂卦》中说道：“革，去故也。”，因此，革卦指变革，指除旧布新。</p>\n<p>《象》中这样解释革卦：泽中有火，革；君子以治历明时。这里指出：革卦的卦象是离（火）下兑（泽）上，为泽中有火之表象。大水可以使火熄灭；大火也可以使水蒸发，如此，水火相克相生，从而产生变革。君子根据变革的规律制定历法以明辨春、夏、秋、冬四季的变化。</p>\n<p>革卦象征变革，所要表达的道理就是顺天应人，属于上上卦。《象》曰：苗逢旱天渐渐衰，幸得天恩降雨来，忧去喜来能变化，求谋干事遂心怀。</p>",
    "title": "九五爻",
    "content": "<p>九五爻辞</p><p>九五。大人虎变，未占有孚。</p><p>象曰：大人虎变，其文炳也。</p><p>白话文解释</p><p>九五：王公大人赫然斯怒，化柔弱为威猛，不用卜占，即知将大获胜仗。</p><p>《象辞》说：王公赫然斯怒，威猛如虎，说明其人仪表威严，光采照人。</p><p>北宋易学家邵雍解</p><p>吉：得此爻者，时运转好，多吉利之事。做官的晋升有望。</p><p>台湾国学大儒傅佩荣解</p><p>时运：大运来到，得意非凡。</p><p>财运：订好价钱，自可获利。</p><p>家宅：不利迁动；须防不贞。</p><p>身体：肝火浮动，不药可愈。</p><p>九五变卦</p><p>九五爻动变得周易第55卦：雷火丰。这个卦是异卦（下离上震）相叠，电闪雷鸣，成就巨大，喻达到顶峰，如日中天。告戒：务必注意事物向相反方面发展，盛衰无常，不可不警惕。</p><p>九五爻</p><p>的哲学含义</p><p>革卦第五爻，爻辞：九五：大人虎变，未占有孚。爻辞释义</p><p>本爻辞的意思是：伟大的人物像猛虎一般进行变革，不必置疑一定能光大诚信的美德。</p><p>从卦象上看，九五以阳爻居刚位，为既中且正的得位大人。在革卦中，其变如虎。虎是就其皮革的毛色亮丽美妙而言的。</p><p>《象》中这样解释本爻：“大人虎变”，其文炳也。这里指出：“伟大的人物像猛虎一般进行变革”，表明变革必然成功，其美德光照天下。</p><p>占得此爻者，应该明白，在改革之时，依靠的并不完全是你的领导地位和职权，还要依靠自己的人格力量去唤起他人的信任和热情，这样人们自然就会拥护你，所做的事也非常容易成功。</p><p>九五：大人虎变，未占有孚。</p><p>象曰：大人虎变，其文炳也。</p><p>经文意思是：大人物像老虎换毛一样改变自己，不用占卜也会得到人们的信任。</p><p>象辞意思是：大人物像老虎换毛一样改变自己，是文采炳耀。</p>",
    "bgtitle": "雷火丰",
    "bgcontent": "这个卦是异卦（下离上震）相叠，电闪雷鸣，成就巨大，喻达到顶峰，如日中天。告戒：务必注意事物向相反方面发展，盛衰无常，不可不警惕。"
}