{
    "gname": "泽火革",
    "gcontent": "<p>周易第四十九卦详解</p>\n<p>革卦原文</p>\n<p>革。己日乃孚。元亨利贞。悔亡。</p>\n<p>象曰：泽中有火，革。君子以治历明时。</p>\n<p>白话文解释</p>\n<p>革卦：祭祀之日用俘虏作人牲，亨通，吉利的卜问。没有悔恨。</p>\n<p>《象辞》说：本卦外卦为兑，兑为泽；内卦为离，离为火。内蒸外煏，水涸草枯，如同水泽之中，大火燃烧，这是革卦的卦象。君子观此卦象，了解到泽水涨落，草木枯荣的周期变化，从而修治历法，明确时令。</p>\n<p>《断易天机》解</p>\n<p>革卦兑上离下，为坎宫四世卦。革就是需要变革，提醒占筮者需要变革才会更进一步。</p>\n<p>北宋易学家邵雍解</p>\n<p>事多变动，坚守正道；顺天应人，实施变革。</p>\n<p>得此卦者，凡事均在变动之中，宜去旧立新，以应革新之象，则会吉祥。</p>\n<p>台湾国学大儒傅佩荣解</p>\n<p>时运：改变之时，顺时而动。</p>\n<p>财运：消耗过多，迁地贸易。</p>\n<p>家宅：小心防火；改娶之象。</p>\n<p>身体：肾水干枯，肝火上升。</p>\n<p>传统解卦</p>\n<p>这个卦是异卦（下离上兑）相叠。离为火、兑为泽，泽内有水。水在上而下浇，火在下而上升。火旺水干，水大火熄。二者相生亦相克，必然出现变革。变革是宇宙的基本规律。</p>\n<p>大象：兑为金，被离火所烧，变革之象。</p>\n<p>运势：凡事均在变动之中，宜去旧立新，以应革新之象。</p>\n<p>事业：正处在转折的关键时刻，必须密切注意各种信息，认真思考。首先巩固自己的地位，完善个人的行为。时机成熟后，立即行动，积极进行变革。但应注意动机纯正，手段正当，不保守也不妄进，事业必定发达。</p>\n<p>经商：市场竞争十分激烈。为了立于不败之地，一定要敢于大胆求新，适时改变自己的经营方向，受到挫败，马上总结经验，重新奋起，拓展商业活动，但要注意竞争方式。</p>\n<p>求名：首先要努力提高自己，完善个人的学识和品德。同时，服从上级指挥搞好工作，二者的关系一定要得到妥善处理。</p>\n<p>婚恋：可能会出现一些节外生枝的麻烦事，应冷静处理，感情专注。</p>\n<p>决策：十分吉利、顺利。以自己的聪明才智，顺应形势，根据时代特点，依理而动，变革渐合时宜的事物，壮大自己的事业。但应谨慎，时机不成熟不可妄动，尤忌急功近利。行动之前应三思而行。</p>\n<p>第四十九卦的哲学含义</p>\n<p>革卦卦象，泽火革卦的象征意义</p>\n<p>革卦，这个卦是异卦相叠，下卦为离，上卦为兑。离为火，兑为泽，泽内有水。水在上，火在下，表明火在下可以把泽水烤干，失去水的泽就变成了其他性质的东西。从另一个角度来说，如果泽水四溢，就会把下面的火浇灭。火灭之后，也就不再是火了，而变成其他性质的东西。火旺水干；水大火熄。二者相生亦相克，必然出现变革，所以本卦命名为“革”。</p>\n<p>同时，离具有光明之意，兑又指喜悦。这又告诉人们，革的目的是消灭旧的，产生新的光明，给人们带来喜悦。</p>\n<p>革卦位于井卦之后，《序卦》中这样解释道：“井道不可不革，故受之以革。”一口井使用久了，必须定期清理，所以井卦之后要求变革。《杂卦》中说道：“革，去故也。”，因此，革卦指变革，指除旧布新。</p>\n<p>《象》中这样解释革卦：泽中有火，革；君子以治历明时。这里指出：革卦的卦象是离（火）下兑（泽）上，为泽中有火之表象。大水可以使火熄灭；大火也可以使水蒸发，如此，水火相克相生，从而产生变革。君子根据变革的规律制定历法以明辨春、夏、秋、冬四季的变化。</p>\n<p>革卦象征变革，所要表达的道理就是顺天应人，属于上上卦。《象》曰：苗逢旱天渐渐衰，幸得天恩降雨来，忧去喜来能变化，求谋干事遂心怀。</p>",
    "title": "九二爻",
    "content": "<p>六二爻辞</p><p>六二。己日乃革之。征吉，无咎。</p><p>象曰：己日革之，行有嘉也。</p><p>白话文解释</p><p>六二：祭祀的日期要改变。随之要重新卜问征战的日期，结果卜得吉兆，没有灾难。</p><p>《象辞》说：祭祀的日期要改变，大概是因为将有喜庆之事。</p><p>北宋易学家邵雍解</p><p>吉：得此爻者，多喜庆之事，做官的会升迁。</p><p>台湾国学大儒傅佩荣解</p><p>时运：配合吉日，建立功名。</p><p>财运：择吉开张，生意畅旺。</p><p>家宅：择日修宅；可称佳偶。</p><p>身体：即将痊愈。</p><p>六二变卦</p><p>六二爻动变得周易第43卦：泽天夬。这个卦是异卦（下乾上兑）相叠。乾为天为健；兑为泽为悦。泽气上升，决注成雨，雨施大地，滋润万物。五阳去一阴，去之不难，决（去之意）即可，故名为夬（guài），夬即决。</p><p>九二爻</p><p>的哲学含义</p><p>革卦第二爻，爻辞：六二：己日乃革之，征吉，无咎。</p><p>“己、庚、辛、壬、癸”的第六位，若按太阳上午、中午、下午的计时看，它当值日过中午偏西下斜之势；故“己日”当按日己过极盛转衰之时讲。此处有喻国势由盛转衰之迹象，是改革条件成熟的时候。</p><p>本爻辞的意思是：到了己日断然进行变革，前途必获吉祥，不会有灾祸。</p><p>从卦象上看，六二以阳爻居柔位，得中且正。上应九五，又与初九、九三成乘刚承阳之势。既有下面的拥护，又有上面的支持，已具备改革的条件了。</p><p>《象》中这样分析本爻：“己日革之”，行有佳也。这里指出：“在己日进行变革”，必然会有好的功效。</p><p>占得此爻，如果你想在事业上做些变革，或是在生活上做些变动，现在可以行动了。不过要经过长时间的论证之后才能进行的，你得到了上下级或是家人的支持，注意在变革时要循序渐进地进行，不可进展过快，这样做起来才会顺利。</p><p>六二：己日乃革之，征吉，无咎。</p><p>象曰：己日革之，行有嘉也。</p>",
    "bgtitle": "泽天夬",
    "bgcontent": "这个卦是异卦（下乾上兑）相叠。乾为天为健；兑为泽为悦。泽气上升，决注成雨，雨施大地，滋润万物。五阳去一阴，去之不难，决（去之意）即可，故名为夬（guài），夬即决。"
}