{
    "gname": "泽风大过",
    "gcontent": "<p>周易第二十八卦详解</p>\n<p>大过卦原文</p>\n<p>大过。栋桡。利有攸往，亨。</p>\n<p>象曰：泽灭木，大过。君子以独立不惧，遁世无闷。</p>\n<p>白话文解释</p>\n<p>大过卦：屋粱压得弯曲了。有所往则有利，通泰。</p>\n<p>《象辞》说：本卦上卦为兑为泽，下卦为巽为木，上兑下巽，泽水淹没木舟，这是大过的卦象。君子观此卦象，以舟重则覆为戒，领悟到遭逢祸变，应守节不屈，稳居不仕，清静淡泊。</p>\n<p>《断易天机》解</p>\n<p>大过卦兑上巽下，为震宫游魂卦。大过即太过，事情过头了，但大过卦仍是中庸顺从之象，主其人得协助、能前进。</p>\n<p>北宋易学家邵雍解</p>\n<p>阳多阴少，势将颠覆；本未俱弱，量力而为。</p>\n<p>得此卦者，身心不安，事不如意，却又强意而行，大有后悔之时，谨防官非及水险。</p>\n<p>台湾国学大儒傅佩荣解</p>\n<p>时运：收敛自省，未可求名。</p>\n<p>财运：低价高涨，不易把握。</p>\n<p>家宅：防止倾斜；老少配婚。</p>\n<p>身体：肝肾皆累，不易治好。</p>\n<p>传统解卦</p>\n<p>这个卦是异卦（下巽上兑）相叠。兑为泽、为悦，巽为木、为顺，泽水淹舟，遂成大错。阴阳爻相反，阳大阴小，行动非常，有过度形象，内刚外柔。</p>\n<p>大象：中间四阳爻，为结实之梁，但初末为阴爻，力弱不支，则势将摧折。</p>\n<p>运势：有力不从心，负担过重之象，多烦恼，防官非及水险。</p>\n<p>事业：事业出现隐患，甚至危机四伏，务必十分小心谨慎，唯有坚守中道，以谦虚和悦的手段，胆大心细，求助他人相助。必要时可采取非常手段，不拘常规，予以冒险。</p>\n<p>经商：操之过急，发展过快，宜收缩调整。竞争处于不利地步，切勿过度自信，更不得刚愎自用，宜随时观测风向，待机行动。在有确切把握之下，不妨冒险，争取时机的好转。</p>\n<p>求名：最忌不务实际，追求不切实际的虚名，以致盛名不符。唯以谦逊态度，谨慎行动，潜心努力，不怕世人眼舌，一往直前，追求最初的目标。</p>\n<p>婚恋：自知之明最为重要，不可急于求成，应慎重考虑，并以正当手段，促成事情的成功。但也不排除必要的精明手段。</p>\n<p>决策：处在非常时期，若不能妥善处置，则极为不利，针对实际情况，既不可轻举妄动，也不可优柔寡断，而应刚柔相济，虚心征求他人意见，慎重行动，大胆追求，却又不怕流言，争取时局好转。</p>\n<p>第二十八卦的哲学含义</p>\n<p>大过卦，是异卦相叠，巽在下卦，兑在上卦。兑为泽、为悦，巽为木、为顺，泽水淹舟，遂成大错。阴阳爻相反，阳大阴小，行动非常，有过度之意，内刚外柔。</p>\n<p>过，是指过度，超过界限。大过卦位于颐卦之后，《序卦》之中这样说道：“不养则不可动，故受之以大过。”养育有成，才可以行动，一行动就可能过当。</p>\n<p>《象》曰：泽灭木，大过。君子以独立不惧，遁世无闷。《象》中这段话的意思是说：本卦上卦为兑为泽，下卦为巽为木，上兑下巽，泽水淹没木舟，这是大过的卦象。君子观此卦象，以舟重则覆为戒，领悟到遭逢祸变，应守节不屈，稳居不仕，清静淡泊。</p>\n<p>大过卦象征极为过分，属于中下卦。《象》中这样来断此卦：夜晚梦里梦金银，醒来仍不见一文，目下只宜求本分，思想络是空劳神。</p>\n<p>此卦卦名为大过。《说文》中说：“过，度也。”可见“过”的意思便是经过、度过的意思。其引申义便是过度、超越的意思。人们生活富裕了，就会追求饮食文化，可是这样会造成人们过度追求享乐，怎么才能避免继续这样呢？这就需要思想与行为的大超越。所以顿卦之后是大过卦。《序卦传》中说：“不养则不可动，故受之以大过。”这是从另一个角度对颐卦的卦序进行解释，也就是说人只有吃好了，干活才有力气。</p>",
    "title": "九五爻",
    "content": "<p>九五爻辞</p><p>九五。枯杨生花，老妇得其士夫，无咎无誉。</p><p>象曰：枯杨生花，何可久也。老妇土夫，亦可丑也。</p><p>白话文解释</p><p>九五：枯杨开花，老妇人嫁给一个年轻人，这件事不好也不坏。</p><p>《象辞》说：枯杨开花，其花怎能长开不谢。老妇人嫁给年轻人，这种事总不大光彩。</p><p>北宋易学家邵雍解</p><p>平：得此爻者，营谋不利，或喜中生忧，美事成丑；先逆后顺之象。做官的不可久任。</p><p>台湾国学大儒傅佩荣解</p><p>时运：晚年得意，求其平顺。</p><p>财运：小心多情，名利皆失。</p><p>家宅：闺房不正；女大男小。</p><p>身体：不好不坏。</p><p>九五变卦</p><p>九五爻动变得周易第32卦：雷风恒。这个卦是异卦（下巽上震）相叠。震为男、为雷；巽为女、为风。震刚在上，巽柔在下。刚上柔下，造化有常，相互助长。阴阳相应，常情，故称为恒。</p><p>九五爻</p><p>的哲学含义</p><p>九五：枯杨生华，老妇得其士夫，无咎无誉。爻辞释义</p><p>华：同“花”。“生华”，指上部荣盛。</p><p>本爻辞的意思是：已经枯萎的杨树重新开花，已经衰老的妇人嫁给了年轻的男人，没有过错，也不值得称誉。</p><p>这一爻给人的启示是不要追求短期的、虚假的繁荣。</p><p>《象》中这样分析道：“枯杨生华”，何可久也？“老妇士夫”，亦可丑也。</p><p>这里指出：“已经枯萎的杨树重新又开花”，表面现象又怎么可以长久保持下去呢？“已经衰老的妇人嫁给了年轻男子”，这种婚配是会令人深感羞耻的。</p><p>同是老少配，九二这一爻，老夫少妻，就是“无咎”，而本爻老妻配少夫，就阴阳相济而言，可说是“无咎”，但是“生华（花）”无法持久，旋即凋零，所以说是“无誉”。另外认为老妇不能生育，所以古人对这种婚姻持否定态度。</p><p>九五是君王之位，指一个单位的领导。作为领导不要贪求象枯杨生花般短期的荣盛，而要彻底地重生，长出新枝叶，才能改掉衰落的局面。比如有的单位领导，为了扭转公司的亏损，借钱来弥补，这是短期的方法。真正有用的做法是改革公司的制度，让公司来创造利润，这样才能取得真正长久的荣盛。</p><p>九五：枯杨生华，老妇得其士夫，无咎无誉。</p><p>象曰：枯杨生华，何可久也。老妇士夫，亦可丑也。</p><p>经文意思是：枯萎的杨树长了花，老妇人得到了少壮的男子为丈夫。没有灾难也没有荣誉。</p><p>象辞意思是：枯萎的杨树生出了杨树花，怎么会长久呢？老女人得了个少壮的男士为夫，也是件丢人的事情。</p><p>在这里，九五指的是“士夫”，而“老妇”指的是他上面的上六。从整体卦象来说,下卦为異为木，而上卦为兑为花，所以会有“枯杨生华”的爻辞。而九五阳爻与上面的上六阴阳相合，所以有“老妇得其士夫”的形象，即上六这个老妇得到九五这个丈夫。</p>",
    "bgtitle": "雷风恒",
    "bgcontent": "这个卦是异卦（下巽上震）相叠。震为男、为雷；巽为女、为风。震刚在上，巽柔在下。刚上柔下，造化有常，相互助长。阴阳相应，常情，故称为恒。"
}