{
    "gname": "泽风大过",
    "gcontent": "<p>周易第二十八卦详解</p>\n<p>大过卦原文</p>\n<p>大过。栋桡。利有攸往，亨。</p>\n<p>象曰：泽灭木，大过。君子以独立不惧，遁世无闷。</p>\n<p>白话文解释</p>\n<p>大过卦：屋粱压得弯曲了。有所往则有利，通泰。</p>\n<p>《象辞》说：本卦上卦为兑为泽，下卦为巽为木，上兑下巽，泽水淹没木舟，这是大过的卦象。君子观此卦象，以舟重则覆为戒，领悟到遭逢祸变，应守节不屈，稳居不仕，清静淡泊。</p>\n<p>《断易天机》解</p>\n<p>大过卦兑上巽下，为震宫游魂卦。大过即太过，事情过头了，但大过卦仍是中庸顺从之象，主其人得协助、能前进。</p>\n<p>北宋易学家邵雍解</p>\n<p>阳多阴少，势将颠覆；本未俱弱，量力而为。</p>\n<p>得此卦者，身心不安，事不如意，却又强意而行，大有后悔之时，谨防官非及水险。</p>\n<p>台湾国学大儒傅佩荣解</p>\n<p>时运：收敛自省，未可求名。</p>\n<p>财运：低价高涨，不易把握。</p>\n<p>家宅：防止倾斜；老少配婚。</p>\n<p>身体：肝肾皆累，不易治好。</p>\n<p>传统解卦</p>\n<p>这个卦是异卦（下巽上兑）相叠。兑为泽、为悦，巽为木、为顺，泽水淹舟，遂成大错。阴阳爻相反，阳大阴小，行动非常，有过度形象，内刚外柔。</p>\n<p>大象：中间四阳爻，为结实之梁，但初末为阴爻，力弱不支，则势将摧折。</p>\n<p>运势：有力不从心，负担过重之象，多烦恼，防官非及水险。</p>\n<p>事业：事业出现隐患，甚至危机四伏，务必十分小心谨慎，唯有坚守中道，以谦虚和悦的手段，胆大心细，求助他人相助。必要时可采取非常手段，不拘常规，予以冒险。</p>\n<p>经商：操之过急，发展过快，宜收缩调整。竞争处于不利地步，切勿过度自信，更不得刚愎自用，宜随时观测风向，待机行动。在有确切把握之下，不妨冒险，争取时机的好转。</p>\n<p>求名：最忌不务实际，追求不切实际的虚名，以致盛名不符。唯以谦逊态度，谨慎行动，潜心努力，不怕世人眼舌，一往直前，追求最初的目标。</p>\n<p>婚恋：自知之明最为重要，不可急于求成，应慎重考虑，并以正当手段，促成事情的成功。但也不排除必要的精明手段。</p>\n<p>决策：处在非常时期，若不能妥善处置，则极为不利，针对实际情况，既不可轻举妄动，也不可优柔寡断，而应刚柔相济，虚心征求他人意见，慎重行动，大胆追求，却又不怕流言，争取时局好转。</p>\n<p>第二十八卦的哲学含义</p>\n<p>大过卦，是异卦相叠，巽在下卦，兑在上卦。兑为泽、为悦，巽为木、为顺，泽水淹舟，遂成大错。阴阳爻相反，阳大阴小，行动非常，有过度之意，内刚外柔。</p>\n<p>过，是指过度，超过界限。大过卦位于颐卦之后，《序卦》之中这样说道：“不养则不可动，故受之以大过。”养育有成，才可以行动，一行动就可能过当。</p>\n<p>《象》曰：泽灭木，大过。君子以独立不惧，遁世无闷。《象》中这段话的意思是说：本卦上卦为兑为泽，下卦为巽为木，上兑下巽，泽水淹没木舟，这是大过的卦象。君子观此卦象，以舟重则覆为戒，领悟到遭逢祸变，应守节不屈，稳居不仕，清静淡泊。</p>\n<p>大过卦象征极为过分，属于中下卦。《象》中这样来断此卦：夜晚梦里梦金银，醒来仍不见一文，目下只宜求本分，思想络是空劳神。</p>\n<p>此卦卦名为大过。《说文》中说：“过，度也。”可见“过”的意思便是经过、度过的意思。其引申义便是过度、超越的意思。人们生活富裕了，就会追求饮食文化，可是这样会造成人们过度追求享乐，怎么才能避免继续这样呢？这就需要思想与行为的大超越。所以顿卦之后是大过卦。《序卦传》中说：“不养则不可动，故受之以大过。”这是从另一个角度对颐卦的卦序进行解释，也就是说人只有吃好了，干活才有力气。</p>",
    "title": "九二爻",
    "content": "<p>九二爻辞</p><p>九二。枯杨生稊，老夫得其女妻，无不利。</p><p>象曰：老夫女妻，过以相与也。</p><p>白话文解释</p><p>九二：枯杨发芽，老头子娶少女为妻，并无不吉利。</p><p>《象辞》说：夫老妻少，年龄不当，这是错误的婚配。</p><p>北宋易学家邵雍解</p><p>吉：得此爻者，或娶妻纳妾，或生子，君子得少妻义子。做官的去位者会复职。</p><p>台湾国学大儒傅佩荣解</p><p>时运：晚年成名，反败为胜。</p><p>财运：林木生意，应可获利。</p><p>家宅：枯树开花；老夫少妻，得以生育。</p><p>身体：虽危得安。</p><p>九二变卦</p><p>九二爻动变得周易第31卦：泽山咸。这个卦是异卦（下艮上兑）相叠。艮为山；泽为水。兑柔在上，艮刚在下，水向下渗，柔上而刚下，交相感应。感则成。</p><p>九二爻</p><p>的哲学含义</p><p>大过卦第二爻，爻辞：九二：枯杨生梯，老夫得其女妻，无不利。爻辞释义</p><p>杨：指杨树。梯：是树的根部，生梯指树的根部长出了嫩苗。</p><p>本爻辞的意思是：已经枯萎的杨树林根部又长出了新的枝叶，老年男子娶了位年轻的妻子，没有什么不利的。</p><p>这一爻有枯木逢春之象。从卦象上看，本卦阳气过重，阳爻需要阴爻来调和，九二上无对应，只能回顾初六，以求阴阳相合。九二居中，又与初六承比，充满生机。</p><p>占得此爻者，若是男士，在婚姻上可能遇到一个比自己年轻的女人，与之结合并无过错，还可以生儿育女。</p><p>在事业上可能遇到了一个好项目，或是得到了一个好助手，枯木逢春，原本衰落的事业又重新充满了生机，也可以从中获利。</p><p>九二爻处于大过卦下互卦乾卦的最下爻，乾卦有老夫的含义，并且九二与初六阴阳相合，所以说有老夫得少妻之象。古代社会是男权社会，所以男人岁数大却娶到了年少的妻子，是一件值得髙兴的事。所以“无不利”。</p>",
    "bgtitle": "泽山咸",
    "bgcontent": "这个卦是异卦（下艮上兑）相叠。艮为山；泽为水。兑柔在上，艮刚在下，水向下渗，柔上而刚下，交相感应。感则成。"
}