{
    "gname": "泽风大过",
    "gcontent": "<p>周易第二十八卦详解</p>\n<p>大过卦原文</p>\n<p>大过。栋桡。利有攸往，亨。</p>\n<p>象曰：泽灭木，大过。君子以独立不惧，遁世无闷。</p>\n<p>白话文解释</p>\n<p>大过卦：屋粱压得弯曲了。有所往则有利，通泰。</p>\n<p>《象辞》说：本卦上卦为兑为泽，下卦为巽为木，上兑下巽，泽水淹没木舟，这是大过的卦象。君子观此卦象，以舟重则覆为戒，领悟到遭逢祸变，应守节不屈，稳居不仕，清静淡泊。</p>\n<p>《断易天机》解</p>\n<p>大过卦兑上巽下，为震宫游魂卦。大过即太过，事情过头了，但大过卦仍是中庸顺从之象，主其人得协助、能前进。</p>\n<p>北宋易学家邵雍解</p>\n<p>阳多阴少，势将颠覆；本未俱弱，量力而为。</p>\n<p>得此卦者，身心不安，事不如意，却又强意而行，大有后悔之时，谨防官非及水险。</p>\n<p>台湾国学大儒傅佩荣解</p>\n<p>时运：收敛自省，未可求名。</p>\n<p>财运：低价高涨，不易把握。</p>\n<p>家宅：防止倾斜；老少配婚。</p>\n<p>身体：肝肾皆累，不易治好。</p>\n<p>传统解卦</p>\n<p>这个卦是异卦（下巽上兑）相叠。兑为泽、为悦，巽为木、为顺，泽水淹舟，遂成大错。阴阳爻相反，阳大阴小，行动非常，有过度形象，内刚外柔。</p>\n<p>大象：中间四阳爻，为结实之梁，但初末为阴爻，力弱不支，则势将摧折。</p>\n<p>运势：有力不从心，负担过重之象，多烦恼，防官非及水险。</p>\n<p>事业：事业出现隐患，甚至危机四伏，务必十分小心谨慎，唯有坚守中道，以谦虚和悦的手段，胆大心细，求助他人相助。必要时可采取非常手段，不拘常规，予以冒险。</p>\n<p>经商：操之过急，发展过快，宜收缩调整。竞争处于不利地步，切勿过度自信，更不得刚愎自用，宜随时观测风向，待机行动。在有确切把握之下，不妨冒险，争取时机的好转。</p>\n<p>求名：最忌不务实际，追求不切实际的虚名，以致盛名不符。唯以谦逊态度，谨慎行动，潜心努力，不怕世人眼舌，一往直前，追求最初的目标。</p>\n<p>婚恋：自知之明最为重要，不可急于求成，应慎重考虑，并以正当手段，促成事情的成功。但也不排除必要的精明手段。</p>\n<p>决策：处在非常时期，若不能妥善处置，则极为不利，针对实际情况，既不可轻举妄动，也不可优柔寡断，而应刚柔相济，虚心征求他人意见，慎重行动，大胆追求，却又不怕流言，争取时局好转。</p>\n<p>第二十八卦的哲学含义</p>\n<p>大过卦，是异卦相叠，巽在下卦，兑在上卦。兑为泽、为悦，巽为木、为顺，泽水淹舟，遂成大错。阴阳爻相反，阳大阴小，行动非常，有过度之意，内刚外柔。</p>\n<p>过，是指过度，超过界限。大过卦位于颐卦之后，《序卦》之中这样说道：“不养则不可动，故受之以大过。”养育有成，才可以行动，一行动就可能过当。</p>\n<p>《象》曰：泽灭木，大过。君子以独立不惧，遁世无闷。《象》中这段话的意思是说：本卦上卦为兑为泽，下卦为巽为木，上兑下巽，泽水淹没木舟，这是大过的卦象。君子观此卦象，以舟重则覆为戒，领悟到遭逢祸变，应守节不屈，稳居不仕，清静淡泊。</p>\n<p>大过卦象征极为过分，属于中下卦。《象》中这样来断此卦：夜晚梦里梦金银，醒来仍不见一文，目下只宜求本分，思想络是空劳神。</p>\n<p>此卦卦名为大过。《说文》中说：“过，度也。”可见“过”的意思便是经过、度过的意思。其引申义便是过度、超越的意思。人们生活富裕了，就会追求饮食文化，可是这样会造成人们过度追求享乐，怎么才能避免继续这样呢？这就需要思想与行为的大超越。所以顿卦之后是大过卦。《序卦传》中说：“不养则不可动，故受之以大过。”这是从另一个角度对颐卦的卦序进行解释，也就是说人只有吃好了，干活才有力气。</p>",
    "title": "九四爻",
    "content": "<p>九四爻辞</p><p>九四。栋隆，吉。有它吝。</p><p>象曰：栋隆之吉，不桡乎下也。</p><p>白话文解释</p><p>九四：屋梁挺直，吉利。但有意外之患则不好应付。</p><p>《象辞》说：屋梁挺直之所以吉利，因为屋梁不弯曲则房屋不倾倒。</p><p>北宋易学家邵雍解</p><p>吉：得此爻者，多有修造之事，可做大事，勿谋小事。做官的必能受到重用。读书人进取成名。</p><p>台湾国学大儒傅佩荣解</p><p>时运：可担大任，勿图小事。</p><p>财运：木材生意，可以得利。</p><p>家宅：门户宏伟。</p><p>身体：胸胀无碍。</p><p>九四变卦</p><p>九四爻动变得周易第48卦：水风井。这个卦是异卦（下巽上坎）相叠。坎为水；巽为木。树木得水而蓬勃生长。人靠水井生活，水井由人挖掘而成。相互为养，井以水养人，经久不竭，人应取此德而勤劳自勉。</p><p>九四爻</p><p>的哲学含义</p><p>大过卦第四爻，爻辞：九四：栋隆，吉；有它，吝。爻辞释义</p><p>隆：朝上拱起或中央部分向上桡起。</p><p>本爻辞的意思是：房屋的栋梁向上隆起，可获得吉祥；如果发生其他变故，或生虫的话还是会出问题。</p><p>九四爻紧临九五之尊，是近君大臣，栋梁之材。</p><p>《象》中分析道：“栋隆之吉”，不桡乎下也。这里指出了“房屋的栋梁向上隆起，克服了弯曲，可以获得吉祥”，是由于九四爻本身能使栋梁不再向下弯曲。</p><p>九四阴爻居阳位，刚柔适中，既具阳刚之才，又具有柔顺之德。处于大过卦之中，阳爻多是急于冒进、一意孤行，九四爻显得难能可贵，所以会获吉。</p><p>占得此爻者，虽然工作任务重，甚至累弯了腰，但是要打起精神来，保持高昂的精神状态，改掉自身的小毛病，要防止意外变故使自己蒙受羞辱。同时要刚柔相济，在才能过人的同时，保持谦虚的态度，这样才能吉祥。</p><p>同九二一样，九四也相当于一段受潮的栋梁。因为他与初六相应，所以也有受潮而弯曲或因女人变节的形象。不过庆幸的是九四处于上卦，所以他只会向上弯曲，而不会向下弯曲。对于一间房子来说，栋梁朝上弯曲不会引起房屋顶部的塌陷，所以吉祥。但会有其他的忧吝，这是为什么呢？因为他受潮了呀。其引申义是说，他听信女人的话，会因女人而变节，所以会有忧吝的事情。</p>",
    "bgtitle": "水风井",
    "bgcontent": "这个卦是异卦（下巽上坎）相叠。坎为水；巽为木。树木得水而蓬勃生长。人靠水井生活，水井由人挖掘而成。相互为养，井以水养人，经久不竭，人应取此德而勤劳自勉。"
}