{
    "gname": "泽水困",
    "gcontent": "<p>周易第四十七卦详解</p>\n<p>困卦原文</p>\n<p>困。亨，贞，大人吉，无咎。有言不信。</p>\n<p>象曰：泽无水，困。君子以致命遂志。</p>\n<p>白话文解释</p>\n<p>困卦：通泰。卜问王公贵族之事吉利，没有灾难。筮遇此爻，有罪之人无法申辩清楚。</p>\n<p>《象辞》说：本卦上卦为兑，兑为泽；下卦为坎，坎为水，水渗泽底，泽中干涸，是困卦的卦象。君子观此卦象，以处境艰难自励，穷且益坚，舍身捐命，以行其夙志。</p>\n<p>《断易天机》解</p>\n<p>困卦兑上坎下，为兑宫初世卦。此卦君子受困于小人，阳为阴蔽，大人则吉而无咎。所闻之言没有诚信。</p>\n<p>北宋易学家邵雍解</p>\n<p>泽上无水，受困穷之；万物不生，修德静守。</p>\n<p>得此卦者，陷入困境，事事不如意，宜坚守正道，等待时机。</p>\n<p>台湾国学大儒傅佩荣解</p>\n<p>时运：身名皆困，不如安命。</p>\n<p>财运：财乏势危，不如归去。</p>\n<p>家宅：安全第一；女寡之象。</p>\n<p>身体：肾水已亏，险在眼前。</p>\n<p>传统解卦</p>\n<p>这个卦是异卦（下坎上兑）相叠。兑为阴为泽喻悦；坎为阳为水喻险。泽水困，陷入困境，才智难以施展，仍坚守正道，自得其乐，必可成事，摆脱困境。</p>\n<p>大象：水在泽下，万物不生，喻君子困穷，小人滥盈之象。</p>\n<p>运势：诸事不如意，所谓龙游浅水遭虾戏。</p>\n<p>事业：境况十分不佳，遭受到很大的困难。人生面临巨大的考验，如采取不正当的手段，会愈陷愈深。相反，如身陷困逆境地而不失节操，自勉自坚，泰然处之，不失其志，终能成事。</p>\n<p>经商：面临激烈竞争，很有破产的可能。切勿失望，而应在困境中奋斗。为此，只能靠平日加强修养。认真反省自己的行为，总结教训，重新奋起，但也不宜浮躁，应缓慢而进。同时，更要警惕因致富发财，得意忘形而陷入新的困境。</p>\n<p>求名：欲速则不达。应以谦虚的态度，缓慢前进，应有坚定的志向，唯有志才能促成事业的成功。</p>\n<p>婚恋：以乐观态度冷静处理，尤应注重人品。</p>\n<p>决策：聪明智慧，但怀才不遇。若不因困境而失去信心，坚持努力上进，放弃侥幸心理，锲而不舍，虽不一定能守全实现自己的理想，但终会有所成。</p>\n<p>第四十七卦的哲学含义</p>\n<p>困卦卦象，泽水困卦的象征意义</p>\n<p>困卦，这个卦是异卦相叠，下卦为坎，上卦为兑。坎为水在下，兑为泽在上。泽水落入坎水，泽水减少；坎水流入东海，坎水减少，水势越来越少就会遭受穷困。从另一个角度来分析，两水合一，水势增大而成灾，灾难就会给天下人带来穷困。</p>\n<p>从卦象上看，坎为险在下，兑为悦在上。这又意味着先遇危险而后受困，后因困难克服而喜悦。这意味着陷入困境，才智难以施展，仍坚守正道，自得其乐，必可成事，摆脱困境。</p>\n<p>困卦位于升卦之后，《序卦》之中这样解释道：“升而不已必困，故受之以困。”一直升进，最后总会遇到困境。在困境之中，正好可以考验人格，并且会出现转向通达的契机。</p>\n<p>《象》中这样解释困卦：泽无水，困；君子以致命遂志。这里指出：困卦的卦象是坎（水）下兑（泽）上，为泽中无水之表象，象征困顿；作为君子应该身处穷困而不气馁，为实现自己的志向，不惜牺牲生命。</p>\n<p>困卦象征着困顿，告诫人们困境求通的道理，属于中上卦。《象》曰：时运不来好伤怀，撮上押去把梯抬，一筒虫翼无到手，转了上去下不来。</p>",
    "title": "九二爻",
    "content": "<p>九二爻辞</p><p>九二。困于洒食，朱绂方来，利用享祀。征凶，无咎。</p><p>象曰：困于洒食，中有庆也。</p><p>白话文解释</p><p>九二：酒醉未醒，穿着红色服装的蛮夷前来进犯，忧患猝临，宜急祭神求佑。至于占问出征，则有危险。其他事无大的灾祸。</p><p>《象辞》说：酒醉未醒，天予命赐公卿之服，因为九二之爻居下卦中位，这是将有喜庆之事的兆头。</p><p>北宋易学家邵雍解</p><p>平：得此爻者，得贵人提携，营谋获利，静吉动凶。做官的有晋升之机。</p><p>台湾国学大儒傅佩荣解</p><p>时运：有名有利，反为利用。</p><p>财运：由商起家，往前则凶。</p><p>家宅：富贵祭拜；婚姻即成。</p><p>身体：饮食无度，收心祷告。</p><p>九二变卦</p><p>九二爻动变得周易第45卦：泽地萃。这个卦是异卦（下坤上兑）相叠。坤为地、为顺；兑为泽、为水。泽泛滥淹没大地，人众多相互斗争，危机必四伏，务必顺天任贤，未雨绸缪，柔顺而又和悦，彼此相得益彰，安居乐业。萃，聚集、团结。</p><p>九二爻</p><p>的哲学含义</p><p>困卦第二爻，爻辞：九二：困于酒食，朱绂方来，利用享祀；征凶，无咎。爻辞释义</p><p>朱绂：“朱”为大红色，“绂”为蔽膝的下裳，合称则为古代贵族的官服。</p><p>从卦象上看，九二在下卦坎中，以阳爻居阴位，群阴陷阳，大志难伸，又与九五无应。难以得到君主的信任。如若急功近利，则有“征凶”的危险。但是若是持中守正，静等时机，反而会有好事出现。</p><p>《象》中这样解释本爻道：“困于酒食”，中有庆也。这里指出：“困于酒食”，并不是很可怕的事，只要内心坚持中道，纯正而有主见，就会有喜庆之事到来。</p><p>九二这一爻给人的启示是：当自己的的才华不能施展时，不要绝望，要耐心地等待时机。若是有了时机，刚刚出山，也不要锋芒太露。</p><p>占得此爻者，此时正处于困顿之中，你不必为自己的志向未伸而愁眉苦脸，也没必要四处求人，你可以饮酒，可以去结交朋友，也可以看书充实自己，专心做好手边的事情，很快就会有喜庆之事到来。</p><p>九二：困于酒食，朱绂方来，利用亨祀，征凶，无咎。</p><p>象曰：困于酒食，中有庆也。</p><p>经文意思是:因酒食过量而受苦，富贵刚来，有利于祭祀先祖，征伐凶险，没有灾难。</p><p>象辞意思是:因酒食过量而受苦，是居中位而有喜庆。</p>",
    "bgtitle": "泽地萃",
    "bgcontent": "这个卦是异卦（下坤上兑）相叠。坤为地、为顺；兑为泽、为水。泽泛滥淹没大地，人众多相互斗争，危机必四伏，务必顺天任贤，未雨绸缪，柔顺而又和悦，彼此相得益彰，安居乐业。萃，聚集、团结。"
}