{
    "gname": "泽水困",
    "gcontent": "<p>周易第四十七卦详解</p>\n<p>困卦原文</p>\n<p>困。亨，贞，大人吉，无咎。有言不信。</p>\n<p>象曰：泽无水，困。君子以致命遂志。</p>\n<p>白话文解释</p>\n<p>困卦：通泰。卜问王公贵族之事吉利，没有灾难。筮遇此爻，有罪之人无法申辩清楚。</p>\n<p>《象辞》说：本卦上卦为兑，兑为泽；下卦为坎，坎为水，水渗泽底，泽中干涸，是困卦的卦象。君子观此卦象，以处境艰难自励，穷且益坚，舍身捐命，以行其夙志。</p>\n<p>《断易天机》解</p>\n<p>困卦兑上坎下，为兑宫初世卦。此卦君子受困于小人，阳为阴蔽，大人则吉而无咎。所闻之言没有诚信。</p>\n<p>北宋易学家邵雍解</p>\n<p>泽上无水，受困穷之；万物不生，修德静守。</p>\n<p>得此卦者，陷入困境，事事不如意，宜坚守正道，等待时机。</p>\n<p>台湾国学大儒傅佩荣解</p>\n<p>时运：身名皆困，不如安命。</p>\n<p>财运：财乏势危，不如归去。</p>\n<p>家宅：安全第一；女寡之象。</p>\n<p>身体：肾水已亏，险在眼前。</p>\n<p>传统解卦</p>\n<p>这个卦是异卦（下坎上兑）相叠。兑为阴为泽喻悦；坎为阳为水喻险。泽水困，陷入困境，才智难以施展，仍坚守正道，自得其乐，必可成事，摆脱困境。</p>\n<p>大象：水在泽下，万物不生，喻君子困穷，小人滥盈之象。</p>\n<p>运势：诸事不如意，所谓龙游浅水遭虾戏。</p>\n<p>事业：境况十分不佳，遭受到很大的困难。人生面临巨大的考验，如采取不正当的手段，会愈陷愈深。相反，如身陷困逆境地而不失节操，自勉自坚，泰然处之，不失其志，终能成事。</p>\n<p>经商：面临激烈竞争，很有破产的可能。切勿失望，而应在困境中奋斗。为此，只能靠平日加强修养。认真反省自己的行为，总结教训，重新奋起，但也不宜浮躁，应缓慢而进。同时，更要警惕因致富发财，得意忘形而陷入新的困境。</p>\n<p>求名：欲速则不达。应以谦虚的态度，缓慢前进，应有坚定的志向，唯有志才能促成事业的成功。</p>\n<p>婚恋：以乐观态度冷静处理，尤应注重人品。</p>\n<p>决策：聪明智慧，但怀才不遇。若不因困境而失去信心，坚持努力上进，放弃侥幸心理，锲而不舍，虽不一定能守全实现自己的理想，但终会有所成。</p>\n<p>第四十七卦的哲学含义</p>\n<p>困卦卦象，泽水困卦的象征意义</p>\n<p>困卦，这个卦是异卦相叠，下卦为坎，上卦为兑。坎为水在下，兑为泽在上。泽水落入坎水，泽水减少；坎水流入东海，坎水减少，水势越来越少就会遭受穷困。从另一个角度来分析，两水合一，水势增大而成灾，灾难就会给天下人带来穷困。</p>\n<p>从卦象上看，坎为险在下，兑为悦在上。这又意味着先遇危险而后受困，后因困难克服而喜悦。这意味着陷入困境，才智难以施展，仍坚守正道，自得其乐，必可成事，摆脱困境。</p>\n<p>困卦位于升卦之后，《序卦》之中这样解释道：“升而不已必困，故受之以困。”一直升进，最后总会遇到困境。在困境之中，正好可以考验人格，并且会出现转向通达的契机。</p>\n<p>《象》中这样解释困卦：泽无水，困；君子以致命遂志。这里指出：困卦的卦象是坎（水）下兑（泽）上，为泽中无水之表象，象征困顿；作为君子应该身处穷困而不气馁，为实现自己的志向，不惜牺牲生命。</p>\n<p>困卦象征着困顿，告诫人们困境求通的道理，属于中上卦。《象》曰：时运不来好伤怀，撮上押去把梯抬，一筒虫翼无到手，转了上去下不来。</p>",
    "title": "九五爻",
    "content": "<p>九五爻辞</p><p>九五。劓刖，困于赤绂。乃徐，有说，利用祭祀。</p><p>象曰：劓刖，志未得也。乃徐有说，以中直也。利用祭祀，受福也。</p><p>白话文解释</p><p>九五：割了鼻子，断了腿，被身着红色服装的蛮夷虏去。后来慢慢找到脱身的机会，终于逃脱回家。宜急祭神酬谢。</p><p>《象辞》说：割了鼻子，断了腿，是说其人不得志，身处险境。后来慢慢地脱离了险境，因为九五之爻居上卦中位，像人立身正直，自能化险为夷。宜祭祀鬼神，因为爻象指示：祈求鬼神保佑，承受其福荫。</p><p>北宋易学家邵雍解</p><p>凶：得此爻者，先难后易，不良者有诉刑之扰，丧服之忧。做官的先阻后顺。</p><p>台湾国学大儒傅佩荣解</p><p>时运：过刚必折，小心免祸。</p><p>财运：货物清理，慢慢售出。</p><p>家宅：鼻足之患；先疑后成。</p><p>身体：头脚之病，调养祷告。</p><p>九五变卦</p><p>九五爻动变得周易第40卦：雷水解。这个卦是异卦（下坎上震）相叠。震为雷、为动；坎为水、为险。险在内，动在外。严冬天地闭塞，静极而动。万象更新，冬去春来，一切消除，是为解。</p><p>九五爻</p><p>的哲学含义</p><p>困卦第五爻，爻辞：九五：劓刖，困于赤绂；乃徐有说，利用祭祀。爻辞释义</p><p>劓：是古代的刑罚之一，指割去鼻子。削：指砍去脚踝以下的部分。赤绂：指大臣的官服。说：同“脱”。</p><p>这一爻给人的启示是：要守正持中，心地纯正，才能走出困境。九五这一爻处于全卦的君主之位，君王之困在于言路闭塞，上下不通，若是施暴政，更是会使众叛亲离。</p><p>《象》中这样分析本爻：“劓刖”，志未得也；“乃徐有说”，以中直也；“利用祭祀”，受福也。这里指出“用割鼻子剁脚的酷刑治理天下”，表明作为最高的领导者，如果不体恤下级，滥施酷刑，就会落得个孤家寡人、众叛亲离的结果。“慢慢地又会走困境”，完全是由于坚守中庸、保持正直品德的结果；“走出困境，是因为虔诚地祭祀神灵”，就是说诚心敬神，可以时时接受神灵恩赐的福分，求得吉祥顺利。</p><p>占得此爻者，可能是一个单位的领导人，由于自己的狂自尊大，把下级的忠言看成恶语，从而造成是非不分，引起别人的不满。由于自己对下级过于严厉，别人不敢给你提意见，都躲着你走，也不能跟你志同道合。这个时候，你要转变自己的做法，采取怀柔策略，笼络人心，这样才可能走出困境。</p><p>九五：劓刖，困于赤绂，乃徐有说，利用祭祀。</p><p>象曰：劓刖，定未得也。乃徐有说，以中直也。利用祭祀，受福也。</p>",
    "bgtitle": "雷水解",
    "bgcontent": "这个卦是异卦（下坎上震）相叠。震为雷、为动；坎为水、为险。险在内，动在外。严冬天地闭塞，静极而动。万象更新，冬去春来，一切消除，是为解。"
}