{
    "gname": "泽山咸",
    "gcontent": "<p>周易第三十一卦详解</p>\n<p>咸卦原文</p>\n<p>咸。亨，利贞。取女吉。</p>\n<p>象曰：山上有泽，咸。君子以虚受人。</p>\n<p>白话文解释</p>\n<p>咸卦：通达，吉利的贞卜。娶女，吉利。</p>\n<p>《象辞》说：本卦下卦为艮，艮为山，上卦为兑，兑为泽，山中有泽，山气水息，互相感应，是咸卦的卦象。君子观此卦象，取法于深邃的山谷，深广的大泽，从而虚怀若谷，以谦虚的态度，接受他人的教益。</p>\n<p>《断易天机》解</p>\n<p>咸卦兑上艮下，为兑宫三世卦。咸为感应，万物皆有感应，男女感应，夫妇康宁，感应之事，无有不亨。</p>\n<p>北宋易学家邵雍解</p>\n<p>两性交感，正道感应；物击则鸣，识时知机。</p>\n<p>得此卦者，宜谦虚待人，则会吉祥如意，谋事可成。但勿为不正当感情而意乱情迷。</p>\n<p>台湾国学大儒傅佩荣解</p>\n<p>时运：谦虚待人，可保功名。</p>\n<p>财运：转运贩卖，必可图利。</p>\n<p>家宅：知其所止；两性合好。</p>\n<p>身体：虚弱宜补。</p>\n<p>传统解卦</p>\n<p>这个卦是异卦（下艮上兑）相叠。艮为山；泽为水。兑柔在上，艮刚在下，水向下渗，柔上而刚下，交相感应。感则成。</p>\n<p>大象：少男在少女之下，彼此感应，象征新婚，两性交感。</p>\n<p>运势：如意吉祥，但勿为不正当感情而意乱情迷。</p>\n<p>事业：和为贵，和则万事兴，务以诚感人，以诚待人。广泛交往朋友，谦虚礼让。树立大志向，坚持主见，不可盲目随大流。不利时应安居待机，不可妄动强求。</p>\n<p>经商：有利可图。但应以纯正之心，以诚待人，加强合作。市场若不景气，决不可妄动，不可强求，而应静待发展，虚心听取不同意见。</p>\n<p>求名：志向应宏大，脚踏实地，虚心请教他人，使人悦而应，帮助、重用自己。切莫自我封闭，更不得冷漠孤僻，以广阔的胸怀发展自身。</p>\n<p>婚恋：成功的可能性极大。双方很有感情，但动机务必纯正，婚姻方可幸福、永久。</p>\n<p>决策：吉祥如意。人际关系好，善于交际。以真诚的态度，无私的心去处世，不会有不利的地方。与他人合作应坚持原则。办事不可优柔寡断。不顺利时，应停止行动，总结经验，以图发展。待人诚恳，但不可与玩弄口舌的小人交往，防止受骗。</p>\n<p>第三十一卦的哲学含义</p>\n<p>咸卦，本卦是异卦相叠，艮卦在下，兑卦在上。艮为山，为刚；兑为泽，为柔。兑柔在上，艮刚在下，就像山上的水向下渗透，滋养山上生长的万物，反过来山承载着泽。</p>\n<p>《象》这样解释咸卦：山上有泽，咸；君子以虚受人。</p>\n<p>《象》中指出：咸卦的卦象是艮（山）下兑（泽）上，为山上有泽之表象，即上方的水泽滋润下面的山体，下面的山体承托上方的水泽并吸收其水分的形象，因而象征感应；君子效法山水相连这一现象，以虚怀若谷的精神容纳感化他咸卦所要表达的是泽润山，山承泽，柔上而刚下，交相感应，像一对默契和谐的夫妻一样。所以历代文人多把咸卦解释为夫妻卦，认为咸卦是“恒明夫妇”之理。</p>\n<p>咸卦由艮卦和兑卦相叠而成，艮代表少男，兑代表少女。从卦形上看，兑在上面，像温柔多情的少女在前面奔跑一般；艮为山在下，像壮实的小伙子在后面追赶着，一幅男亲女爱的相戏画面。咸卦所喻示的就是相互感应，属于中上卦。《象》中这样评断此卦：运去黄金失色，时来棒槌发芽，月令极好无差，且喜心宽意大。</p>",
    "title": "九四爻",
    "content": "<p>九四爻辞</p><p>九四。贞吉悔亡，憧憧往来，朋从尔思。</p><p>象曰：贞吉悔亡，未感害也。憧憧往来，未光大也。</p><p>白话文解释</p><p>九四：贞卜吉利，无所悔恨。纷沓往来，朋友们都顺从你的意旨。</p><p>《象辞》说：贞正，吉利，无所悔恨，因为没有蒙受损害。虽然有几个朋友纷沓往来，但还是要耗费不少心思。</p><p>北宋易学家邵雍解</p><p>平：得此爻者，朋友相助，可谋小事，大事有困难，心绪不定。做官的秉公执政，升迁有望。</p><p>台湾国学大儒傅佩荣解</p><p>时运：功名显达，不正则恶。</p><p>财运：见利忘义，争夺不休。</p><p>家宅：谨慎交际；须防不贞。</p><p>身体：心神恍惚，最好静养。</p><p>九四变卦</p><p>九四爻动变得周易第39卦：水山蹇。这个卦是异卦（下艮上坎）相叠。坎为水，艮为山。山高水深，困难重重，人生险阻，见险而止，明哲保身，可谓智慧。蹇，跋行艰难。</p><p>九四爻</p><p>的哲学含义</p><p>咸卦第四爻，爻辞：九四：贞吉，悔亡；憧憧往来，朋从尔思。爻辞释义</p><p>贞：正固，这里指诚心诚意，真诚待人。悔亡：无怨无悔。憧憧往来：往来不定，频繁交往。从：随着，相应的意思。</p><p>本爻辞的意思是：可获吉祥，危难困窘将会消失。即使你心意不安，思绪不绝，朋友最后会顺从你的意愿。</p><p>从卦象上看，九四居上卦，如同人体心的位置，指心灵之交。九四虽然阳交居于阴位，不得位，但是其心诚志坚，以上应下，恭谦礼下。从卦象上，九四与初六保持交往，九四不计自我得失，与初六保持频繁的交往，这种真诚必然会收到以心换心的效果。</p><p>占得此爻者，在男女感情方面，意味着与对方的感应终于到位了，你可以主动出击，不顾别人的阻挠。只要你真诚地去频繁交往，肯定能打动对方，使对方能倾心于你。</p><p>九四：贞吉悔亡，憧憧往来，朋从尔思。</p><p>象曰：贞吉悔亡，朱感害也。憧憧注来，未光大也。</p><p>经文意思是：守正道没有忧悔，心神不定地来往，朋友与你的想法一样。象辞意思是：守正道没有忧悔，是还没感受到伤害。心神不定地来往，还不够光明正大。</p><p>这里的爻辞描述得很形象，把初恋男女的心理刻画得很细致而到位。“憧憧往来，朋从尔思”则是初恋男女的普遍心理，心里有些心神不定，怕被别人发现，行动较为诡秘。当然，现在人们搞对象不会这么小心了。不过那种心神不定的感觉还是有的。</p><p>双方怀着这种心情交往，说明感应已达到了较为成熟的阶段了。所以双方交往只要守于正道，便会吉祥而不会有悔恨。</p>",
    "bgtitle": "水山蹇",
    "bgcontent": "这个卦是异卦（下艮上坎）相叠。坎为水，艮为山。山高水深，困难重重，人生险阻，见险而止，明哲保身，可谓智慧。蹇，跋行艰难。"
}