{
    "gname": "泽山咸",
    "gcontent": "<p>周易第三十一卦详解</p>\n<p>咸卦原文</p>\n<p>咸。亨，利贞。取女吉。</p>\n<p>象曰：山上有泽，咸。君子以虚受人。</p>\n<p>白话文解释</p>\n<p>咸卦：通达，吉利的贞卜。娶女，吉利。</p>\n<p>《象辞》说：本卦下卦为艮，艮为山，上卦为兑，兑为泽，山中有泽，山气水息，互相感应，是咸卦的卦象。君子观此卦象，取法于深邃的山谷，深广的大泽，从而虚怀若谷，以谦虚的态度，接受他人的教益。</p>\n<p>《断易天机》解</p>\n<p>咸卦兑上艮下，为兑宫三世卦。咸为感应，万物皆有感应，男女感应，夫妇康宁，感应之事，无有不亨。</p>\n<p>北宋易学家邵雍解</p>\n<p>两性交感，正道感应；物击则鸣，识时知机。</p>\n<p>得此卦者，宜谦虚待人，则会吉祥如意，谋事可成。但勿为不正当感情而意乱情迷。</p>\n<p>台湾国学大儒傅佩荣解</p>\n<p>时运：谦虚待人，可保功名。</p>\n<p>财运：转运贩卖，必可图利。</p>\n<p>家宅：知其所止；两性合好。</p>\n<p>身体：虚弱宜补。</p>\n<p>传统解卦</p>\n<p>这个卦是异卦（下艮上兑）相叠。艮为山；泽为水。兑柔在上，艮刚在下，水向下渗，柔上而刚下，交相感应。感则成。</p>\n<p>大象：少男在少女之下，彼此感应，象征新婚，两性交感。</p>\n<p>运势：如意吉祥，但勿为不正当感情而意乱情迷。</p>\n<p>事业：和为贵，和则万事兴，务以诚感人，以诚待人。广泛交往朋友，谦虚礼让。树立大志向，坚持主见，不可盲目随大流。不利时应安居待机，不可妄动强求。</p>\n<p>经商：有利可图。但应以纯正之心，以诚待人，加强合作。市场若不景气，决不可妄动，不可强求，而应静待发展，虚心听取不同意见。</p>\n<p>求名：志向应宏大，脚踏实地，虚心请教他人，使人悦而应，帮助、重用自己。切莫自我封闭，更不得冷漠孤僻，以广阔的胸怀发展自身。</p>\n<p>婚恋：成功的可能性极大。双方很有感情，但动机务必纯正，婚姻方可幸福、永久。</p>\n<p>决策：吉祥如意。人际关系好，善于交际。以真诚的态度，无私的心去处世，不会有不利的地方。与他人合作应坚持原则。办事不可优柔寡断。不顺利时，应停止行动，总结经验，以图发展。待人诚恳，但不可与玩弄口舌的小人交往，防止受骗。</p>\n<p>第三十一卦的哲学含义</p>\n<p>咸卦，本卦是异卦相叠，艮卦在下，兑卦在上。艮为山，为刚；兑为泽，为柔。兑柔在上，艮刚在下，就像山上的水向下渗透，滋养山上生长的万物，反过来山承载着泽。</p>\n<p>《象》这样解释咸卦：山上有泽，咸；君子以虚受人。</p>\n<p>《象》中指出：咸卦的卦象是艮（山）下兑（泽）上，为山上有泽之表象，即上方的水泽滋润下面的山体，下面的山体承托上方的水泽并吸收其水分的形象，因而象征感应；君子效法山水相连这一现象，以虚怀若谷的精神容纳感化他咸卦所要表达的是泽润山，山承泽，柔上而刚下，交相感应，像一对默契和谐的夫妻一样。所以历代文人多把咸卦解释为夫妻卦，认为咸卦是“恒明夫妇”之理。</p>\n<p>咸卦由艮卦和兑卦相叠而成，艮代表少男，兑代表少女。从卦形上看，兑在上面，像温柔多情的少女在前面奔跑一般；艮为山在下，像壮实的小伙子在后面追赶着，一幅男亲女爱的相戏画面。咸卦所喻示的就是相互感应，属于中上卦。《象》中这样评断此卦：运去黄金失色，时来棒槌发芽，月令极好无差，且喜心宽意大。</p>",
    "title": "九三爻",
    "content": "<p>九三爻辞</p><p>九三。咸其股，执其随，往吝。</p><p>象曰：咸其股，亦不处也。志在随人，所执下也。</p><p>白话文解释</p><p>九三：伤其股，并伤及股下之肉。带伤出行，定遭灾难。</p><p>《象辞》说：挪动其大腿说明他不安所处。但是其志向不过是追随他人，可见他所持的主张也卑下，不足取。</p><p>北宋易学家邵雍解</p><p>平：得此爻者，最好退守，做官的谨防被贬。</p><p>台湾国学大儒傅佩荣解</p><p>时运：最好退守，声名不彰。</p><p>财运：合资困难，主事不力。</p><p>家宅：随人他迁不宜；所处非佳偶。</p><p>身体：勿陷情欲。</p><p>九三变卦</p><p>九三爻动变得周易第45卦：泽地萃。这个卦是异卦（下坤上兑）相叠。坤为地、为顺；兑为泽、为水。泽泛滥淹没大地，人众多相互斗争，危机必四伏，务必顺天任贤，未雨绸缪，柔顺而又和悦，彼此相得益彰，安居乐业。萃，聚集、团结。</p><p>九三爻</p><p>的哲学含义</p><p>咸卦第三爻，爻辞：九三：咸其股，执其随，往吝。爻辞释义</p><p>股：是指大腿。执：执意、盲从。随：追随。</p><p>本爻辞的意思是：感应发生在大腿上，不要跟随别人妄动，前往会有困难。</p><p>《象》对九三爻解释道：“咸其股”，亦不处也；“志在随人”，所执下</p><p>《象》中指出：“感应发生在大腿上”，说明不能安居静处，自我克制，而是性情急躁，随心所欲地任意妄为；“不要跟随别人妄动”，是因为它所执意追求的过于低下卑劣了。</p><p>占得此爻要注意，如果对方向你表示一点好感，你就整天围着对方转，这只会使你陷入被动的处境。如果不改变这种方式，你将处境艰难。无论在男女感情上，还是在其他事情上，注意不要出于急于求成的心理而刻意盲目追随他人，如此发展下去必有危难。</p><p>九三：成其股，执其随，往吝。</p><p>象曰：成其股，亦不处也。志在随人，所执下也。</p><p>经文意思是：感应到大腿上，想随着别人行动却被控制住了，前往有忧吝。</p><p>象辞意思是：感应到大腿上，也是安静不下来的意思。心里想随别人去行动，却受下边所控制。</p><p>九三与上六相互感应。他们的感应比前两爻有更进一步的发展，已经感应到了大腿上。九三因处于下互卦巽卦的中位，所以他也有随人走的卦象。但九三的处境是既与上六相感应，又与下面的六二阴阳相合，所以他是鱼与熊掌不可兼得，急于行动会有忧吝。</p>",
    "bgtitle": "泽地萃",
    "bgcontent": "这个卦是异卦（下坤上兑）相叠。坤为地、为顺；兑为泽、为水。泽泛滥淹没大地，人众多相互斗争，危机必四伏，务必顺天任贤，未雨绸缪，柔顺而又和悦，彼此相得益彰，安居乐业。萃，聚集、团结。"
}