{
    "gname": "泽山咸",
    "gcontent": "<p>周易第三十一卦详解</p>\n<p>咸卦原文</p>\n<p>咸。亨，利贞。取女吉。</p>\n<p>象曰：山上有泽，咸。君子以虚受人。</p>\n<p>白话文解释</p>\n<p>咸卦：通达，吉利的贞卜。娶女，吉利。</p>\n<p>《象辞》说：本卦下卦为艮，艮为山，上卦为兑，兑为泽，山中有泽，山气水息，互相感应，是咸卦的卦象。君子观此卦象，取法于深邃的山谷，深广的大泽，从而虚怀若谷，以谦虚的态度，接受他人的教益。</p>\n<p>《断易天机》解</p>\n<p>咸卦兑上艮下，为兑宫三世卦。咸为感应，万物皆有感应，男女感应，夫妇康宁，感应之事，无有不亨。</p>\n<p>北宋易学家邵雍解</p>\n<p>两性交感，正道感应；物击则鸣，识时知机。</p>\n<p>得此卦者，宜谦虚待人，则会吉祥如意，谋事可成。但勿为不正当感情而意乱情迷。</p>\n<p>台湾国学大儒傅佩荣解</p>\n<p>时运：谦虚待人，可保功名。</p>\n<p>财运：转运贩卖，必可图利。</p>\n<p>家宅：知其所止；两性合好。</p>\n<p>身体：虚弱宜补。</p>\n<p>传统解卦</p>\n<p>这个卦是异卦（下艮上兑）相叠。艮为山；泽为水。兑柔在上，艮刚在下，水向下渗，柔上而刚下，交相感应。感则成。</p>\n<p>大象：少男在少女之下，彼此感应，象征新婚，两性交感。</p>\n<p>运势：如意吉祥，但勿为不正当感情而意乱情迷。</p>\n<p>事业：和为贵，和则万事兴，务以诚感人，以诚待人。广泛交往朋友，谦虚礼让。树立大志向，坚持主见，不可盲目随大流。不利时应安居待机，不可妄动强求。</p>\n<p>经商：有利可图。但应以纯正之心，以诚待人，加强合作。市场若不景气，决不可妄动，不可强求，而应静待发展，虚心听取不同意见。</p>\n<p>求名：志向应宏大，脚踏实地，虚心请教他人，使人悦而应，帮助、重用自己。切莫自我封闭，更不得冷漠孤僻，以广阔的胸怀发展自身。</p>\n<p>婚恋：成功的可能性极大。双方很有感情，但动机务必纯正，婚姻方可幸福、永久。</p>\n<p>决策：吉祥如意。人际关系好，善于交际。以真诚的态度，无私的心去处世，不会有不利的地方。与他人合作应坚持原则。办事不可优柔寡断。不顺利时，应停止行动，总结经验，以图发展。待人诚恳，但不可与玩弄口舌的小人交往，防止受骗。</p>\n<p>第三十一卦的哲学含义</p>\n<p>咸卦，本卦是异卦相叠，艮卦在下，兑卦在上。艮为山，为刚；兑为泽，为柔。兑柔在上，艮刚在下，就像山上的水向下渗透，滋养山上生长的万物，反过来山承载着泽。</p>\n<p>《象》这样解释咸卦：山上有泽，咸；君子以虚受人。</p>\n<p>《象》中指出：咸卦的卦象是艮（山）下兑（泽）上，为山上有泽之表象，即上方的水泽滋润下面的山体，下面的山体承托上方的水泽并吸收其水分的形象，因而象征感应；君子效法山水相连这一现象，以虚怀若谷的精神容纳感化他咸卦所要表达的是泽润山，山承泽，柔上而刚下，交相感应，像一对默契和谐的夫妻一样。所以历代文人多把咸卦解释为夫妻卦，认为咸卦是“恒明夫妇”之理。</p>\n<p>咸卦由艮卦和兑卦相叠而成，艮代表少男，兑代表少女。从卦形上看，兑在上面，像温柔多情的少女在前面奔跑一般；艮为山在下，像壮实的小伙子在后面追赶着，一幅男亲女爱的相戏画面。咸卦所喻示的就是相互感应，属于中上卦。《象》中这样评断此卦：运去黄金失色，时来棒槌发芽，月令极好无差，且喜心宽意大。</p>",
    "title": "初九爻",
    "content": "<p>初六爻辞</p><p>初六。咸其拇。</p><p>象曰：咸其拇，志在外也。</p><p>白话文解释</p><p>初六：伤其大脚趾。</p><p>《象辞》说：大脚趾在动，说明其志在于出行。</p><p>北宋易学家邵雍解</p><p>平：得此爻者，行事过急，多难成就。做官的须修身养性，等待机会，京官出，闲官起。</p><p>台湾国学大儒傅佩荣解</p><p>时运：捷足先登，一举成名。</p><p>财运：货物已办，尚未发行。</p><p>家宅：迁居外地；结亲之始。</p><p>身体：足疾医治。</p><p>初六变卦</p><p>初六爻动变得周易第49卦：泽火革。这个卦是异卦（下离上兑）相叠。离为火、兑为泽，泽内有水。水在上而下浇，火在下而上升。火旺水干，水大火熄。二者相生亦相克，必然出现变革。变革是宇宙的基本规律。</p><p>初九爻的哲学含义</p><p>咸卦第一爻，爻辞：初六：咸其拇。爻辞释义</p><p>拇：这里指脚的大拇趾。本爻辞的意思是：感应发生在脚的大拇趾上。</p><p>咸卦讲的是相互感应，初六作为卦的初始，感应从脚上的大拇趾开始。这意味着两个人只是初交。从卦象上看，初六属于阴爻居于阳位，位不正，但与九四相感应，是阴阳交感的初始，这种情感只是一种初步的印象，尚未发展到谈婚论嫁的地步，也没有涉及到吉凶。</p><p>占得此爻，指两个人一开始见面对方就对你有好感，有和你进一步发展关系的愿望，但是现在时机尚不成熟，你暂时不宜采取主动。因为此时感应最浅，还不足以付诸行动。</p><p>初六：成其拇。</p><p>象曰：成其姆，志在外也。</p><p>经文意思是：感应到脚的大趾上。</p><p>象辞意思是：感应到脚的大处上，是心里想着向外走。</p><p>爻辞按照从下到上的感应顺序，分别阐明了不同阶段的感应特点。这种感应即可以理解为男女之间的感应，也可以理解为天地之间的感应，以及人对万物的感应。</p><p>此处的“拇”指的是人的足大趾。从卦象上看，与初六相感应的是九四爻。“咸其拇”则是说明事物的感应有一个由浅及深的阶段，此时处于初级阶段，所以只能得到较肤浅的感应。</p><p>人与人之间是存在心灵感应的。曾子是大圣人，由于他非常有孝心，所以在很远的地方便可以感应到母亲的召唤。</p>",
    "bgtitle": "泽火革",
    "bgcontent": "这个卦是异卦（下离上兑）相叠。离为火、兑为泽，泽内有水。水在上而下浇，火在下而上升。火旺水干，水大火熄。二者相生亦相克，必然出现变革。变革是宇宙的基本规律。"
}