{
    "gname": "泽山咸",
    "gcontent": "<p>周易第三十一卦详解</p>\n<p>咸卦原文</p>\n<p>咸。亨，利贞。取女吉。</p>\n<p>象曰：山上有泽，咸。君子以虚受人。</p>\n<p>白话文解释</p>\n<p>咸卦：通达，吉利的贞卜。娶女，吉利。</p>\n<p>《象辞》说：本卦下卦为艮，艮为山，上卦为兑，兑为泽，山中有泽，山气水息，互相感应，是咸卦的卦象。君子观此卦象，取法于深邃的山谷，深广的大泽，从而虚怀若谷，以谦虚的态度，接受他人的教益。</p>\n<p>《断易天机》解</p>\n<p>咸卦兑上艮下，为兑宫三世卦。咸为感应，万物皆有感应，男女感应，夫妇康宁，感应之事，无有不亨。</p>\n<p>北宋易学家邵雍解</p>\n<p>两性交感，正道感应；物击则鸣，识时知机。</p>\n<p>得此卦者，宜谦虚待人，则会吉祥如意，谋事可成。但勿为不正当感情而意乱情迷。</p>\n<p>台湾国学大儒傅佩荣解</p>\n<p>时运：谦虚待人，可保功名。</p>\n<p>财运：转运贩卖，必可图利。</p>\n<p>家宅：知其所止；两性合好。</p>\n<p>身体：虚弱宜补。</p>\n<p>传统解卦</p>\n<p>这个卦是异卦（下艮上兑）相叠。艮为山；泽为水。兑柔在上，艮刚在下，水向下渗，柔上而刚下，交相感应。感则成。</p>\n<p>大象：少男在少女之下，彼此感应，象征新婚，两性交感。</p>\n<p>运势：如意吉祥，但勿为不正当感情而意乱情迷。</p>\n<p>事业：和为贵，和则万事兴，务以诚感人，以诚待人。广泛交往朋友，谦虚礼让。树立大志向，坚持主见，不可盲目随大流。不利时应安居待机，不可妄动强求。</p>\n<p>经商：有利可图。但应以纯正之心，以诚待人，加强合作。市场若不景气，决不可妄动，不可强求，而应静待发展，虚心听取不同意见。</p>\n<p>求名：志向应宏大，脚踏实地，虚心请教他人，使人悦而应，帮助、重用自己。切莫自我封闭，更不得冷漠孤僻，以广阔的胸怀发展自身。</p>\n<p>婚恋：成功的可能性极大。双方很有感情，但动机务必纯正，婚姻方可幸福、永久。</p>\n<p>决策：吉祥如意。人际关系好，善于交际。以真诚的态度，无私的心去处世，不会有不利的地方。与他人合作应坚持原则。办事不可优柔寡断。不顺利时，应停止行动，总结经验，以图发展。待人诚恳，但不可与玩弄口舌的小人交往，防止受骗。</p>\n<p>第三十一卦的哲学含义</p>\n<p>咸卦，本卦是异卦相叠，艮卦在下，兑卦在上。艮为山，为刚；兑为泽，为柔。兑柔在上，艮刚在下，就像山上的水向下渗透，滋养山上生长的万物，反过来山承载着泽。</p>\n<p>《象》这样解释咸卦：山上有泽，咸；君子以虚受人。</p>\n<p>《象》中指出：咸卦的卦象是艮（山）下兑（泽）上，为山上有泽之表象，即上方的水泽滋润下面的山体，下面的山体承托上方的水泽并吸收其水分的形象，因而象征感应；君子效法山水相连这一现象，以虚怀若谷的精神容纳感化他咸卦所要表达的是泽润山，山承泽，柔上而刚下，交相感应，像一对默契和谐的夫妻一样。所以历代文人多把咸卦解释为夫妻卦，认为咸卦是“恒明夫妇”之理。</p>\n<p>咸卦由艮卦和兑卦相叠而成，艮代表少男，兑代表少女。从卦形上看，兑在上面，像温柔多情的少女在前面奔跑一般；艮为山在下，像壮实的小伙子在后面追赶着，一幅男亲女爱的相戏画面。咸卦所喻示的就是相互感应，属于中上卦。《象》中这样评断此卦：运去黄金失色，时来棒槌发芽，月令极好无差，且喜心宽意大。</p>",
    "title": "九二爻",
    "content": "<p>六二爻辞</p><p>六二。咸其腓，凶，居吉。</p><p>象曰：虽凶居吉，顺不害也。</p><p>白话文解释</p><p>六二：伤其腿肚子，这是凶兆。小腿负伤，不宜出门，安居不动，自然平安。</p><p>《象辞》说：虽遇凶兆，但安居不动，则可以转凶为吉。顺从贞卜之象可以避免灾害。</p><p>北宋易学家邵雍解</p><p>平：得此爻者，奔波徒劳，宜静不宜动。做官的在位者吉，出差者有险。</p><p>台湾国学大儒傅佩荣解</p><p>时运：退守为要，依人成事。</p><p>财运：不宜行商，可以坐贾。</p><p>家宅：婚事有变；顺守则吉。</p><p>身体：无法步行。</p><p>六二变卦</p><p>六二爻动变得周易第28卦：泽风大过。这个卦是异卦（下巽上兑）相叠。兑为泽、为悦，巽为木、为顺，泽水淹舟，遂成大错。阴阳爻相反，阳大阴小，行动非常，有过度形象，内刚外柔。</p><p>九二爻</p><p>的哲学含义</p><p>咸卦第二爻，爻辞：六二：咸其腓，凶；居吉。爻辞释义腓：指小腿肚。</p><p>本爻辞的意思是：感应发生在小腿肚上，有凶祸，安居就会吉祥。</p><p>从卦象上看，六二属于阴爻居柔位，得正。其上与九五君爻正应，表明上下感应。求取上进本是好事，但是六二位居下卦中位，以守中为正，只能等九五提拔才能获吉。若是以卑位之身冒昧妄进，强求出头反而会遭受众多的打击和阻挠而至凶。</p><p>占得此爻者，如果没有耐心，想主动出击去获得对方的好感，可能会事与愿违。要知道，你与人合作交往尚在起步阶段，若心浮气躁地急于求成，是很难达成目的的，最好安静自守，循序渐进，这样才会吉祥。</p><p>六二：成其腓，凶，居吉。</p><p>象曰：虽凶，居吉，顺不害也。</p><p>经文意思是：感应到了小腿上，凶险，安于居所则吉祥。</p><p>象辞意思是：虽然凶险，但安守于屋中则吉，顺应不会受到伤害。</p><p>六二与九五相感应。此时的感应已经到了小腿上了，说明感应有了进一步的发展。但爻辞说“凶”，这是怎么回事呢？原来，六二与九五的感应虽然到了小腿上，但感应的程度还没有达到最火热的地步。而六二却想急于跟随九五而去，这种举动，由于时机不成熟，当然会凶险了。所以爻辞又补充说：“居吉”，意思是在家里不要外出才会吉祥。六二为什么有外出之象呢？因为六二是咸卦下互卦巽卦的最下爻，巽为随为入，所以有随人走之象。</p>",
    "bgtitle": "泽风大过",
    "bgcontent": "这个卦是异卦（下巽上兑）相叠。兑为泽、为悦，巽为木、为顺，泽水淹舟，遂成大错。阴阳爻相反，阳大阴小，行动非常，有过度形象，内刚外柔。"
}