{
    "gname": "泽地萃",
    "gcontent": "<p>周易第四十五卦详解</p>\n<p>萃卦原文</p>\n<p>萃。亨，王假有庙。利见大人，亨，利贞。用大牲吉。利有攸往。</p>\n<p>象曰：泽上于地，萃。君子以除戎器，戒不虞。</p>\n<p>白话文解释</p>\n<p>萃卦：通泰。王到宗庙举行祭祀。占得此卦，利于会见贵族王公，亨通，这是吉利的贞兆。用牛牲祭祀，也很吉利，并且出行吉利。</p>\n<p>《象辞》说：本卦上卦为兑，兑为泽；下卦为坤，坤为地。泽水淹地，是萃卦的卦象。君子观此卦象，以洪水横流，祸乱丛聚为戒，从而修治兵器，戒备意外的变乱。</p>\n<p>《断易天机》解</p>\n<p>萃卦兑上坤下，为兑宫二世卦。此卦指水在地上聚集成泽以滋润万物，造福于民。占得此卦，利于见大人，祭祀用大牲畜则吉利。</p>\n<p>北宋易学家邵雍解</p>\n<p>物产丰富，聚合丰盛；得贵接引，无往不利。</p>\n<p>得此卦者，运气大好，能得到贵人的帮助，获利丰厚，无往不利。</p>\n<p>台湾国学大儒傅佩荣解</p>\n<p>时运：安不忘危，自可无忧。</p>\n<p>财运：财聚之象，有聚有散。</p>\n<p>家宅：防水入屋；洁身自爱。</p>\n<p>身体：胸腹水涨，早些调理。</p>\n<p>传统解卦</p>\n<p>这个卦是异卦（下坤上兑）相叠。坤为地、为顺；兑为泽、为水。泽泛滥淹没大地，人众多相互斗争，危机必四伏，务必顺天任贤，未雨绸缪，柔顺而又和悦，彼此相得益彰，安居乐业。萃，聚集、团结。</p>\n<p>大象：泽在地上，水聚于泥土中，滋养草木，生长茂盛。</p>\n<p>运势：吉运昌盛，又得长辈提携，事业大利，但须防财务纠纷。</p>\n<p>事业：兴旺发达，团结和睦。正在蒸蒸日上，但水多泛滥，人多竞争必然激烈。盛则必衰，切勿骄傲，谨慎小心为好。但也不得犹豫不决，宜勇往直前，开拓新的业务。务必以高尚的品德服众。</p>\n<p>经商：真诚合作，团结互助。鼓励是事业兴旺发达的标志。大胆开拓市场，稳妥前进，有备无患，必可取得不断发展。</p>\n<p>求名：光靠个人努力，建树不会很大，定要取得他人的帮助，加上个人的条件方可达到理想的境界。</p>\n<p>第四十五卦的哲学含义</p>\n<p>萃卦卦象，泽地萃卦的象征意义</p>\n<p>萃卦，这个卦是异卦相叠，下卦为坤，上卦为兑。兑为泽、为水在上，坤为地、为顺在下，表明大地上的水汇聚在一起，形成泽，而泽水灌溉良田，可使禾木丛生，从而生出兴旺的景色。但是，水可以灌田有益收获，也可能会泛滥成灾，对这一点应该早做防备。</p>\n<p>从另一个角度来看，兑为悦，坤为顺，又表明只要大地能顺着自然规律运动，就会使喜悦相继而来，使喜悦得到集聚。</p>\n<p>萃卦位于姤卦之后，《序卦》中这样解释道：“物相遇而后聚，故受之以萃。萃者，聚也。”相遇之后，才有聚集、聚合。萃，是聚的意思。</p>\n<p>《象》中这样解释本卦：泽上于地，萃；君子以除戎器，戎不虞。这里指出：萃卦的卦象是坤（地）下兑（泽）上，为地上有湖，四面八方的细流都源源不断汇入湖中之表象，象征着聚合；在这种众流会聚的时候，必然会现鱼龙混杂、泥沙俱下的情况，因此君子应当修缮甲杖兵器，以防发生意想不到的变故。</p>\n<p>萃卦象征聚合，属于中上卦。《象》曰：游鱼戏水被网惊，跳过龙门身化龙，三尺杨柳垂金钱，万朵桃花显你能。</p>\n<p>婚恋：勿急于求成，相亲相爱，美满幸福。</p>\n<p>决策：善于团结他人共同合作，具有领导才能。但心胸宽阔，眼光务必远大，以诚信、中正为本，不失原则，尤其要严格要求自己，宽容他人，遭到他人反对时，应认真反省自己，得出教训，以这种心境处世为人，终生可平安，事业必通达。</p>",
    "title": "九五爻",
    "content": "<p>九五爻辞</p><p>九五。萃有位，无咎。匪孚，元永贞，悔亡。</p><p>象曰：萃有位，志未光也。</p><p>白话文解释</p><p>九五：瘁心力于其职守，没有灾祸。不轻易责罚别人，卜问长期的吉凶，贞兆显示：没有大的悔恨。</p><p>《象辞》说：瘁心力于其职守，结果仅仅是没有灾祸，因为才具驽下，不能有所建树。</p><p>北宋易学家邵雍解</p><p>平：得此爻者，人情不合，营谋有阻。做官的不得人心，其志未光。</p><p>台湾国学大儒傅佩荣解</p><p>时运：有位有权，更应修德。</p><p>财运：虽有利润，须守其正。</p><p>家宅：聚族而居；可称贵婿。</p><p>身体：心神不宁，最好静养。</p><p>九五变卦</p><p>九五爻动变得周易第16卦：雷地豫。这个卦是异卦（下坤上震）相叠，坤为地，为顺；震为雷，为动。雷依时出，预示大地回春。因顺而动，和乐之源。此卦与谦卦互为综卦，交互作用。</p><p>九五爻</p><p>的哲学含义</p><p>萃卦第五爻，爻辞：九五：萃有位，无咎，匪孚；元永贞；悔亡。爻辞释义</p><p>匪孚：指缺乏诚信。</p><p>本爻辞的意思是：当大家聚合在一起时，坐在尊贵的位置上，没有灾难，但缺少诚信。如果能坚定不移地坚守正义，倡导纯正的风尚，就可以避免因做错事而后悔。</p><p>从卦象上看，九五居中守正，但是与九四相比，九四居于下位而聚众于自己的身边，属于越权聚民，这样使得九五在百姓之间显得诚信不足，并不能使百姓心悦诚服来归顺。</p><p>《象》中这样解释道：“萃有位”，志未光也。这里指出：“当大家聚合在一起时，坐在尊贵的位置上，没有灾难”，并不能表明大会天下、四海归心的志</p><p>向得到了发扬光大，还需要修持德行，树立威望，使大众心悦诚服。</p><p>占得此爻者，要注意自己身边的人，可能是因为他们的不良影响，使得你在下属或他人中的形象受损。你要注意一下，在聚会的时候要按照职务高低来安排位置，对有些行为不正的人，就要约束他们，要他们开始就懂得规矩，不抢你的风头，这样以后才不会发生后悔的事。你还要注意树立自己的良好形象。</p><p>占得此爻者，因为你的位置而吸引了异性，本可以让其前来与你相会，但是经过思考还是放弃了，从长远来看，你这样做是正确的。</p><p>九五：萃有位，无咎。匪孚，元永贞，悔亡。</p><p>象曰：萃有位，志朱光也。</p><p>经文意思是：因聚集而获得地位，没有灾难。得不到信任，开始恒守正道，没有悔恨。</p><p>象辞意思是：因聚集而获得地位，是其志向还没有发扬光大。</p><p>九五身为一国之君，</p><p>自然想聚集天下人。可是由于他登位不久，所以还没有普遍得到民众的信任。</p><p>但只要他一直坚守正道，</p><p>就不会有悔恨的事情发生。</p><p>从卦象上分析，初六、六三爻与九四相聚，九四与九五又同性相斥，所以只有六二与九五相聚，这样九五的君王便显得有些势孤。以守持正固，才能感化天下，使悔恨消除。</p>",
    "bgtitle": "雷地豫",
    "bgcontent": "这个卦是异卦（下坤上震）相叠，坤为地，为顺；震为雷，为动。雷依时出，预示大地回春。因顺而动，和乐之源。此卦与谦卦互为综卦，交互作用。"
}