{
    "gname": "泽地萃",
    "gcontent": "<p>周易第四十五卦详解</p>\n<p>萃卦原文</p>\n<p>萃。亨，王假有庙。利见大人，亨，利贞。用大牲吉。利有攸往。</p>\n<p>象曰：泽上于地，萃。君子以除戎器，戒不虞。</p>\n<p>白话文解释</p>\n<p>萃卦：通泰。王到宗庙举行祭祀。占得此卦，利于会见贵族王公，亨通，这是吉利的贞兆。用牛牲祭祀，也很吉利，并且出行吉利。</p>\n<p>《象辞》说：本卦上卦为兑，兑为泽；下卦为坤，坤为地。泽水淹地，是萃卦的卦象。君子观此卦象，以洪水横流，祸乱丛聚为戒，从而修治兵器，戒备意外的变乱。</p>\n<p>《断易天机》解</p>\n<p>萃卦兑上坤下，为兑宫二世卦。此卦指水在地上聚集成泽以滋润万物，造福于民。占得此卦，利于见大人，祭祀用大牲畜则吉利。</p>\n<p>北宋易学家邵雍解</p>\n<p>物产丰富，聚合丰盛；得贵接引，无往不利。</p>\n<p>得此卦者，运气大好，能得到贵人的帮助，获利丰厚，无往不利。</p>\n<p>台湾国学大儒傅佩荣解</p>\n<p>时运：安不忘危，自可无忧。</p>\n<p>财运：财聚之象，有聚有散。</p>\n<p>家宅：防水入屋；洁身自爱。</p>\n<p>身体：胸腹水涨，早些调理。</p>\n<p>传统解卦</p>\n<p>这个卦是异卦（下坤上兑）相叠。坤为地、为顺；兑为泽、为水。泽泛滥淹没大地，人众多相互斗争，危机必四伏，务必顺天任贤，未雨绸缪，柔顺而又和悦，彼此相得益彰，安居乐业。萃，聚集、团结。</p>\n<p>大象：泽在地上，水聚于泥土中，滋养草木，生长茂盛。</p>\n<p>运势：吉运昌盛，又得长辈提携，事业大利，但须防财务纠纷。</p>\n<p>事业：兴旺发达，团结和睦。正在蒸蒸日上，但水多泛滥，人多竞争必然激烈。盛则必衰，切勿骄傲，谨慎小心为好。但也不得犹豫不决，宜勇往直前，开拓新的业务。务必以高尚的品德服众。</p>\n<p>经商：真诚合作，团结互助。鼓励是事业兴旺发达的标志。大胆开拓市场，稳妥前进，有备无患，必可取得不断发展。</p>\n<p>求名：光靠个人努力，建树不会很大，定要取得他人的帮助，加上个人的条件方可达到理想的境界。</p>\n<p>第四十五卦的哲学含义</p>\n<p>萃卦卦象，泽地萃卦的象征意义</p>\n<p>萃卦，这个卦是异卦相叠，下卦为坤，上卦为兑。兑为泽、为水在上，坤为地、为顺在下，表明大地上的水汇聚在一起，形成泽，而泽水灌溉良田，可使禾木丛生，从而生出兴旺的景色。但是，水可以灌田有益收获，也可能会泛滥成灾，对这一点应该早做防备。</p>\n<p>从另一个角度来看，兑为悦，坤为顺，又表明只要大地能顺着自然规律运动，就会使喜悦相继而来，使喜悦得到集聚。</p>\n<p>萃卦位于姤卦之后，《序卦》中这样解释道：“物相遇而后聚，故受之以萃。萃者，聚也。”相遇之后，才有聚集、聚合。萃，是聚的意思。</p>\n<p>《象》中这样解释本卦：泽上于地，萃；君子以除戎器，戎不虞。这里指出：萃卦的卦象是坤（地）下兑（泽）上，为地上有湖，四面八方的细流都源源不断汇入湖中之表象，象征着聚合；在这种众流会聚的时候，必然会现鱼龙混杂、泥沙俱下的情况，因此君子应当修缮甲杖兵器，以防发生意想不到的变故。</p>\n<p>萃卦象征聚合，属于中上卦。《象》曰：游鱼戏水被网惊，跳过龙门身化龙，三尺杨柳垂金钱，万朵桃花显你能。</p>\n<p>婚恋：勿急于求成，相亲相爱，美满幸福。</p>\n<p>决策：善于团结他人共同合作，具有领导才能。但心胸宽阔，眼光务必远大，以诚信、中正为本，不失原则，尤其要严格要求自己，宽容他人，遭到他人反对时，应认真反省自己，得出教训，以这种心境处世为人，终生可平安，事业必通达。</p>",
    "title": "九三爻",
    "content": "<p>六三爻辞</p><p>六三。萃如，嗟如，无攸利。往无咎，小吝。</p><p>象曰：往无咎，上巽也。</p><p>白话文解释</p><p>六三：忧愁嗟叹。占得此爻，无所利。出行则无灾难，但有小小的麻烦。</p><p>《象辞》说：出行无灾难，因为六三阴爻居于九四阳爻之下，像臣下顺从君上，行为谨慎。</p><p>北宋易学家邵雍解</p><p>凶：得此爻者，家里不安，六亲有损，老者多凶。做官的在位不得安宁，出外则艰辛。</p><p>台湾国学大儒傅佩荣解</p><p>时运：运途平凡，须防小人。</p><p>财运：转运他处，可以无咎。</p><p>家宅：迁居为宜；怨偶之叹。</p><p>身体：胸部不适，注意排泄。</p><p>六三变卦</p><p>六三爻动变得周易第31卦：泽山咸。这个卦是异卦（下艮上兑）相叠。艮为山；泽为水。兑柔在上，艮刚在下，水向下渗，柔上而刚下，交相感应。感则成。</p><p>九三爻</p><p>的哲学含义</p><p>本爻辞的意思是：由于会聚而生叹息，没有什么益处。但是有所行动也没有灾祸，只是有一点小麻烦。</p><p>从卦象上看，六三阴爻居柔位，不中不正，上与上六相敌，下与六二逆比，孤立无援。然而六三与九四、九五仍存在着亲比关系，如果能谦逊地顺从于他们，也能一起共事，不会有什么灾祸。</p><p>《象》中这样分析本爻：“往无咎”，上巽也。这里指出：“有所行动也没有灾祸”，这是因为遇到居于上位的阳刚气十足者，居于下方的阴柔一方总能表现出谦逊而顺从，从而免去了可能出现的灾祸。</p><p>占得此爻者，有些自我中心或自恋的倾向，即使参加朋友的聚会，也难以合群，找不到志同道合的好友。如果想要与有能力的合作共事，对待人家就该谦逊、真诚，这样因为性格或其他原因可能会有些小麻烦，但是并没有大的灾祸。</p><p>占得此爻者，去参加聚会，没有灾祸，只是有些小小的不愉快、不顺利，或宴会的档次显得吝啬小气，令你不满而已。</p><p>六三：萃如，嗟如，无攸利。注无咎，小吝。</p><p>象曰：往无咎，上巽也。</p><p>经文意思是：聚集而哀叹，没有好处。前往没有灾难，但会有小的忧吝。</p><p>象辞意思是：前往没有灾难，是因为上面是柔顺的巽卦</p>",
    "bgtitle": "泽山咸",
    "bgcontent": "这个卦是异卦（下艮上兑）相叠。艮为山；泽为水。兑柔在上，艮刚在下，水向下渗，柔上而刚下，交相感应。感则成。"
}