{
    "gname": "泽地萃",
    "gcontent": "<p>周易第四十五卦详解</p>\n<p>萃卦原文</p>\n<p>萃。亨，王假有庙。利见大人，亨，利贞。用大牲吉。利有攸往。</p>\n<p>象曰：泽上于地，萃。君子以除戎器，戒不虞。</p>\n<p>白话文解释</p>\n<p>萃卦：通泰。王到宗庙举行祭祀。占得此卦，利于会见贵族王公，亨通，这是吉利的贞兆。用牛牲祭祀，也很吉利，并且出行吉利。</p>\n<p>《象辞》说：本卦上卦为兑，兑为泽；下卦为坤，坤为地。泽水淹地，是萃卦的卦象。君子观此卦象，以洪水横流，祸乱丛聚为戒，从而修治兵器，戒备意外的变乱。</p>\n<p>《断易天机》解</p>\n<p>萃卦兑上坤下，为兑宫二世卦。此卦指水在地上聚集成泽以滋润万物，造福于民。占得此卦，利于见大人，祭祀用大牲畜则吉利。</p>\n<p>北宋易学家邵雍解</p>\n<p>物产丰富，聚合丰盛；得贵接引，无往不利。</p>\n<p>得此卦者，运气大好，能得到贵人的帮助，获利丰厚，无往不利。</p>\n<p>台湾国学大儒傅佩荣解</p>\n<p>时运：安不忘危，自可无忧。</p>\n<p>财运：财聚之象，有聚有散。</p>\n<p>家宅：防水入屋；洁身自爱。</p>\n<p>身体：胸腹水涨，早些调理。</p>\n<p>传统解卦</p>\n<p>这个卦是异卦（下坤上兑）相叠。坤为地、为顺；兑为泽、为水。泽泛滥淹没大地，人众多相互斗争，危机必四伏，务必顺天任贤，未雨绸缪，柔顺而又和悦，彼此相得益彰，安居乐业。萃，聚集、团结。</p>\n<p>大象：泽在地上，水聚于泥土中，滋养草木，生长茂盛。</p>\n<p>运势：吉运昌盛，又得长辈提携，事业大利，但须防财务纠纷。</p>\n<p>事业：兴旺发达，团结和睦。正在蒸蒸日上，但水多泛滥，人多竞争必然激烈。盛则必衰，切勿骄傲，谨慎小心为好。但也不得犹豫不决，宜勇往直前，开拓新的业务。务必以高尚的品德服众。</p>\n<p>经商：真诚合作，团结互助。鼓励是事业兴旺发达的标志。大胆开拓市场，稳妥前进，有备无患，必可取得不断发展。</p>\n<p>求名：光靠个人努力，建树不会很大，定要取得他人的帮助，加上个人的条件方可达到理想的境界。</p>\n<p>第四十五卦的哲学含义</p>\n<p>萃卦卦象，泽地萃卦的象征意义</p>\n<p>萃卦，这个卦是异卦相叠，下卦为坤，上卦为兑。兑为泽、为水在上，坤为地、为顺在下，表明大地上的水汇聚在一起，形成泽，而泽水灌溉良田，可使禾木丛生，从而生出兴旺的景色。但是，水可以灌田有益收获，也可能会泛滥成灾，对这一点应该早做防备。</p>\n<p>从另一个角度来看，兑为悦，坤为顺，又表明只要大地能顺着自然规律运动，就会使喜悦相继而来，使喜悦得到集聚。</p>\n<p>萃卦位于姤卦之后，《序卦》中这样解释道：“物相遇而后聚，故受之以萃。萃者，聚也。”相遇之后，才有聚集、聚合。萃，是聚的意思。</p>\n<p>《象》中这样解释本卦：泽上于地，萃；君子以除戎器，戎不虞。这里指出：萃卦的卦象是坤（地）下兑（泽）上，为地上有湖，四面八方的细流都源源不断汇入湖中之表象，象征着聚合；在这种众流会聚的时候，必然会现鱼龙混杂、泥沙俱下的情况，因此君子应当修缮甲杖兵器，以防发生意想不到的变故。</p>\n<p>萃卦象征聚合，属于中上卦。《象》曰：游鱼戏水被网惊，跳过龙门身化龙，三尺杨柳垂金钱，万朵桃花显你能。</p>\n<p>婚恋：勿急于求成，相亲相爱，美满幸福。</p>\n<p>决策：善于团结他人共同合作，具有领导才能。但心胸宽阔，眼光务必远大，以诚信、中正为本，不失原则，尤其要严格要求自己，宽容他人，遭到他人反对时，应认真反省自己，得出教训，以这种心境处世为人，终生可平安，事业必通达。</p>",
    "title": "九二爻",
    "content": "<p>六二爻辞</p><p>六二。引吉，无咎。孚乃利用禴。</p><p>象曰：引吉无咎，中未变也。</p><p>白话文解释</p><p>六二：占得此爻，长时间吉利，没有灾难。占问祭祀，贞兆显示：春祭要用俘虏作人牲才好。</p><p>《象辞》说：“长时间吉利，没有灾难”，因为六二阴爻居于下卦中位，象人坚守正道，绝不改变。</p><p>北宋易学家邵雍解</p><p>吉：得此爻者，正当好运，贵人提举，营谋得利。做官的得人引荐，能升迁。</p><p>台湾国学大儒傅佩荣解</p><p>时运：中正之运，得人援引。</p><p>财运：合作有利，虔心酬神。</p><p>家宅：祖上积德；婚姻可订。</p><p>身体：勤练气功。</p><p>六二变卦</p><p>六二爻动变得周易第47卦：泽水困。这个卦是异卦（下坎上兑）相叠。兑为阴为泽喻悦；坎为阳为水喻险。泽水困，陷入困境，才智难以施展，仍坚守正道，自得其乐，必可成事，摆脱困境。</p><p>九二爻</p><p>的哲学含义</p><p>爻辞释义</p><p>弓卜指招引。孚：指诚信。檜：指春祭。</p><p>本爻辞的意思是：引退谦让会带来吉祥，没有害处；只要内心怀着虔诚，即使举行微薄的檜祭也能带来吉祥。</p><p>从卦象上看，六二为阴爻，阴爻居于柔位，且位于下卦中间，持中守正，具有柔顺中正之德。虽与九五君爻有应，但是并不主动上行取宠，一心等待九五的招引。</p><p>《象》中这样分析本爻：“引吉无咎”，中未变也。这里指出：“引退谦让会带来吉祥，没有灾难”，这是因为该爻位置居中而适当，当会聚的时候，它既不偏不激也不过于保守，虔诚地遵循中庸之道始终不曾改变，因而能够谦让而逢凶化吉。</p><p>占得此爻者，要知道这样的道理：为人处世，要以诚信为根本，而不在于表白什么或如何表白，就像祭祀一样，不在于祭品多少，关键在于祭祀者的心里是否虔诚。</p><p>六二：引吉，无咎。孚乃利用禴。</p><p>象曰：引吉无咎，中未变也。</p><p>经文意思是：（六二）得到上司（九五）的牵引，吉祥，没有灾难。因为有诚信，所牵引，吉祥，没有灾难。因为有诚信，所以用轻薄的祭品便可以达到效果。</p><p>象辞意思是得到上司的牵引吉祥，是因为六二居中守正没有改变。</p>",
    "bgtitle": "泽水困",
    "bgcontent": "这个卦是异卦（下坎上兑）相叠。兑为阴为泽喻悦；坎为阳为水喻险。泽水困，陷入困境，才智难以施展，仍坚守正道，自得其乐，必可成事，摆脱困境。"
}