{
    "gname": "泽地萃",
    "gcontent": "<p>周易第四十五卦详解</p>\n<p>萃卦原文</p>\n<p>萃。亨，王假有庙。利见大人，亨，利贞。用大牲吉。利有攸往。</p>\n<p>象曰：泽上于地，萃。君子以除戎器，戒不虞。</p>\n<p>白话文解释</p>\n<p>萃卦：通泰。王到宗庙举行祭祀。占得此卦，利于会见贵族王公，亨通，这是吉利的贞兆。用牛牲祭祀，也很吉利，并且出行吉利。</p>\n<p>《象辞》说：本卦上卦为兑，兑为泽；下卦为坤，坤为地。泽水淹地，是萃卦的卦象。君子观此卦象，以洪水横流，祸乱丛聚为戒，从而修治兵器，戒备意外的变乱。</p>\n<p>《断易天机》解</p>\n<p>萃卦兑上坤下，为兑宫二世卦。此卦指水在地上聚集成泽以滋润万物，造福于民。占得此卦，利于见大人，祭祀用大牲畜则吉利。</p>\n<p>北宋易学家邵雍解</p>\n<p>物产丰富，聚合丰盛；得贵接引，无往不利。</p>\n<p>得此卦者，运气大好，能得到贵人的帮助，获利丰厚，无往不利。</p>\n<p>台湾国学大儒傅佩荣解</p>\n<p>时运：安不忘危，自可无忧。</p>\n<p>财运：财聚之象，有聚有散。</p>\n<p>家宅：防水入屋；洁身自爱。</p>\n<p>身体：胸腹水涨，早些调理。</p>\n<p>传统解卦</p>\n<p>这个卦是异卦（下坤上兑）相叠。坤为地、为顺；兑为泽、为水。泽泛滥淹没大地，人众多相互斗争，危机必四伏，务必顺天任贤，未雨绸缪，柔顺而又和悦，彼此相得益彰，安居乐业。萃，聚集、团结。</p>\n<p>大象：泽在地上，水聚于泥土中，滋养草木，生长茂盛。</p>\n<p>运势：吉运昌盛，又得长辈提携，事业大利，但须防财务纠纷。</p>\n<p>事业：兴旺发达，团结和睦。正在蒸蒸日上，但水多泛滥，人多竞争必然激烈。盛则必衰，切勿骄傲，谨慎小心为好。但也不得犹豫不决，宜勇往直前，开拓新的业务。务必以高尚的品德服众。</p>\n<p>经商：真诚合作，团结互助。鼓励是事业兴旺发达的标志。大胆开拓市场，稳妥前进，有备无患，必可取得不断发展。</p>\n<p>求名：光靠个人努力，建树不会很大，定要取得他人的帮助，加上个人的条件方可达到理想的境界。</p>\n<p>第四十五卦的哲学含义</p>\n<p>萃卦卦象，泽地萃卦的象征意义</p>\n<p>萃卦，这个卦是异卦相叠，下卦为坤，上卦为兑。兑为泽、为水在上，坤为地、为顺在下，表明大地上的水汇聚在一起，形成泽，而泽水灌溉良田，可使禾木丛生，从而生出兴旺的景色。但是，水可以灌田有益收获，也可能会泛滥成灾，对这一点应该早做防备。</p>\n<p>从另一个角度来看，兑为悦，坤为顺，又表明只要大地能顺着自然规律运动，就会使喜悦相继而来，使喜悦得到集聚。</p>\n<p>萃卦位于姤卦之后，《序卦》中这样解释道：“物相遇而后聚，故受之以萃。萃者，聚也。”相遇之后，才有聚集、聚合。萃，是聚的意思。</p>\n<p>《象》中这样解释本卦：泽上于地，萃；君子以除戎器，戎不虞。这里指出：萃卦的卦象是坤（地）下兑（泽）上，为地上有湖，四面八方的细流都源源不断汇入湖中之表象，象征着聚合；在这种众流会聚的时候，必然会现鱼龙混杂、泥沙俱下的情况，因此君子应当修缮甲杖兵器，以防发生意想不到的变故。</p>\n<p>萃卦象征聚合，属于中上卦。《象》曰：游鱼戏水被网惊，跳过龙门身化龙，三尺杨柳垂金钱，万朵桃花显你能。</p>\n<p>婚恋：勿急于求成，相亲相爱，美满幸福。</p>\n<p>决策：善于团结他人共同合作，具有领导才能。但心胸宽阔，眼光务必远大，以诚信、中正为本，不失原则，尤其要严格要求自己，宽容他人，遭到他人反对时，应认真反省自己，得出教训，以这种心境处世为人，终生可平安，事业必通达。</p>",
    "title": "上九爻",
    "content": "<p>上六爻辞</p><p>上六。赍咨涕洟，无咎。</p><p>象曰：赍咨涕洟，未安上也。</p><p>白话文解释</p><p>上六：叹息流涕，忧心忡忡，但没有灾难。</p><p>《象辞》说：叹息流涕，忧心忡仲，因为上六之爻居于一卦的尽头，孤悬无据，像人虽居高位，但如履薄冰，惊恐度日。</p><p>北宋易学家邵雍解</p><p>凶：得此爻者，事多烦扰，不能安宁，或上下无情，长幼忧愁，名利成虚。</p><p>台湾国学大儒傅佩荣解</p><p>时运：年老运退，待人援手。</p><p>财运：无利可图，幸有救援。</p><p>家宅：家室不安；生离死别。</p><p>身体：悲恸致病，放宽心思。</p><p>上六变卦</p><p>上六爻动变得周易第12卦：天地否。这个卦是异卦（下坤上乾）相叠，其结构同泰卦相反，系阳气上升，阴气下降，天地不交，万物不通。它们彼此为“综卦”，表明泰极而否，否极泰来，互为因果。</p><p>上九爻</p><p>的哲学含义</p><p>萃卦第六爻，爻辞：上六：赍咨涕洟，无咎。爻辞释义</p><p>赍咨:为咨嗟，指悲伤叹息。涕痍：为眼泪鼻涕并流。</p><p>本爻辞的意思是：悲伤叹息而又痛哭流涕，没有灾难。</p><p>从卦象上看，上六下无正应，孤立无援。下乘九五，不安又不顺，眼见大家聚合而自己孤单，所以叹息痛哭。</p><p>《象》中这样分析本爻：“赍咨涕痍”，未安上也。这里指出：“悲伤叹息而又痛哭流涕”，是指上六明白自身处境的艰难，自己也不想安居上位，只是有心相聚而无法如愿，所以可以“无咎”。</p><p>占得此爻者，可能因为各种客观原因，不能和同事们一起聚会，一起正常交往，而且看上去你的地位凌驾于领导或上级之上，所以孤立无援，觉是孤单而伤心。比如你被上级选来监督本部门的领导和同事，那么你就会陷入与此爻同样的境地。你伤心的表现，使别人意识到这并非是你的本意，所以不会与你作对，你也不会有什么灾祸。</p><p>占得此爻者，感情上可能出现波折。你心爱的人误解你而离开你时，一开始她会因此叹息、哭泣。到后来她会明白造成这种结局不完全是你的责任，她的情绪会日渐稳定。你若想挽回，还是有希望的。</p><p>上六：赍咨涕洟，无咎。</p><p>象曰：赍咨涕洟，未安上也。</p><p>经文意思是：哀叹痛哭，没有灾难。</p><p>象辞意思是：哀衣叹痛哭，是不安于上位的缘故。</p><p>这位上六与九五联系起来，就相当于大清国的孝庄皇后了。孝庄太皇太后身为妇人，自知自己与康熙两人的势力无法与朝中的四大辅臣抗衡了。所以她也忧心忡忡，这种忧虑是担心康熙的人身安全与大清国的命运。</p><p>从卦象上看，上六爻为兑卦的最上爻，表现的正是泽中之水，泽水已髙过地面，必然要溢出。所以有“涕渎”的形象。并且上六除了与九五相合外，再没有相应与相合之爻，所以处境孤单，势力弱小，难免被排挤出局。所以上六爻的爻辞较为伤悲。但是却没有灾难。</p>",
    "bgtitle": "天地否",
    "bgcontent": "这个卦是异卦（下坤上乾）相叠，其结构同泰卦相反，系阳气上升，阴气下降，天地不交，万物不通。它们彼此为“综卦”，表明泰极而否，否极泰来，互为因果。"
}