{
    "gname": "泽地萃",
    "gcontent": "<p>周易第四十五卦详解</p>\n<p>萃卦原文</p>\n<p>萃。亨，王假有庙。利见大人，亨，利贞。用大牲吉。利有攸往。</p>\n<p>象曰：泽上于地，萃。君子以除戎器，戒不虞。</p>\n<p>白话文解释</p>\n<p>萃卦：通泰。王到宗庙举行祭祀。占得此卦，利于会见贵族王公，亨通，这是吉利的贞兆。用牛牲祭祀，也很吉利，并且出行吉利。</p>\n<p>《象辞》说：本卦上卦为兑，兑为泽；下卦为坤，坤为地。泽水淹地，是萃卦的卦象。君子观此卦象，以洪水横流，祸乱丛聚为戒，从而修治兵器，戒备意外的变乱。</p>\n<p>《断易天机》解</p>\n<p>萃卦兑上坤下，为兑宫二世卦。此卦指水在地上聚集成泽以滋润万物，造福于民。占得此卦，利于见大人，祭祀用大牲畜则吉利。</p>\n<p>北宋易学家邵雍解</p>\n<p>物产丰富，聚合丰盛；得贵接引，无往不利。</p>\n<p>得此卦者，运气大好，能得到贵人的帮助，获利丰厚，无往不利。</p>\n<p>台湾国学大儒傅佩荣解</p>\n<p>时运：安不忘危，自可无忧。</p>\n<p>财运：财聚之象，有聚有散。</p>\n<p>家宅：防水入屋；洁身自爱。</p>\n<p>身体：胸腹水涨，早些调理。</p>\n<p>传统解卦</p>\n<p>这个卦是异卦（下坤上兑）相叠。坤为地、为顺；兑为泽、为水。泽泛滥淹没大地，人众多相互斗争，危机必四伏，务必顺天任贤，未雨绸缪，柔顺而又和悦，彼此相得益彰，安居乐业。萃，聚集、团结。</p>\n<p>大象：泽在地上，水聚于泥土中，滋养草木，生长茂盛。</p>\n<p>运势：吉运昌盛，又得长辈提携，事业大利，但须防财务纠纷。</p>\n<p>事业：兴旺发达，团结和睦。正在蒸蒸日上，但水多泛滥，人多竞争必然激烈。盛则必衰，切勿骄傲，谨慎小心为好。但也不得犹豫不决，宜勇往直前，开拓新的业务。务必以高尚的品德服众。</p>\n<p>经商：真诚合作，团结互助。鼓励是事业兴旺发达的标志。大胆开拓市场，稳妥前进，有备无患，必可取得不断发展。</p>\n<p>求名：光靠个人努力，建树不会很大，定要取得他人的帮助，加上个人的条件方可达到理想的境界。</p>\n<p>第四十五卦的哲学含义</p>\n<p>萃卦卦象，泽地萃卦的象征意义</p>\n<p>萃卦，这个卦是异卦相叠，下卦为坤，上卦为兑。兑为泽、为水在上，坤为地、为顺在下，表明大地上的水汇聚在一起，形成泽，而泽水灌溉良田，可使禾木丛生，从而生出兴旺的景色。但是，水可以灌田有益收获，也可能会泛滥成灾，对这一点应该早做防备。</p>\n<p>从另一个角度来看，兑为悦，坤为顺，又表明只要大地能顺着自然规律运动，就会使喜悦相继而来，使喜悦得到集聚。</p>\n<p>萃卦位于姤卦之后，《序卦》中这样解释道：“物相遇而后聚，故受之以萃。萃者，聚也。”相遇之后，才有聚集、聚合。萃，是聚的意思。</p>\n<p>《象》中这样解释本卦：泽上于地，萃；君子以除戎器，戎不虞。这里指出：萃卦的卦象是坤（地）下兑（泽）上，为地上有湖，四面八方的细流都源源不断汇入湖中之表象，象征着聚合；在这种众流会聚的时候，必然会现鱼龙混杂、泥沙俱下的情况，因此君子应当修缮甲杖兵器，以防发生意想不到的变故。</p>\n<p>萃卦象征聚合，属于中上卦。《象》曰：游鱼戏水被网惊，跳过龙门身化龙，三尺杨柳垂金钱，万朵桃花显你能。</p>\n<p>婚恋：勿急于求成，相亲相爱，美满幸福。</p>\n<p>决策：善于团结他人共同合作，具有领导才能。但心胸宽阔，眼光务必远大，以诚信、中正为本，不失原则，尤其要严格要求自己，宽容他人，遭到他人反对时，应认真反省自己，得出教训，以这种心境处世为人，终生可平安，事业必通达。</p>",
    "title": "九四爻",
    "content": "<p>九四爻辞</p><p>九四。大吉，无咎。</p><p>象曰：大吉无咎，位不当也。</p><p>白话文解释</p><p>九四：大吉大利，没有灾难。</p><p>《象辞》说：贞兆本来是大吉大利，但结果仅仅是没有灾难，因为九四阳爻而居阴位，像人才小德薄而居高位，论其官运则谓亨通，论其居官则求无灾祸而已。</p><p>北宋易学家邵雍解</p><p>平：得此爻者，不从正道者，会有凶祸，惟大德君子，可改过得福。做官的须防他人猜忌，宜弃高就低，急流勇退为吉。</p><p>台湾国学大儒傅佩荣解</p><p>时运：虽然大顺，德不称位。</p><p>财运：大利当前，收敛为善。</p><p>家宅：兴旺平安；门第有差。</p><p>身体：外强中干。</p><p>九四变卦</p><p>九四爻动变得周易第8卦：水地比。这个卦是异卦（下坤上坎）相叠，坤为地，坎为水。水附大地，地纳河海，相互依赖，亲密无间。此卦与师卦完全相反，互为综卦。它阐述的是相亲相辅，宽宏无私，精诚团结的道理。</p><p>九四爻</p><p>的哲学含义</p><p>萃卦第四爻，爻辞：九四：大吉，无咎。爻辞释义</p><p>本爻辞的意思是：只有在大吉大利的情况下，才能够没有灾害。</p><p>从卦象上看，九四下临坤卦，坤为众，众人聚合支持九四，所以说“大吉”。九四属于阳爻居阴位，不中不正，即使广泛受到爱戴，也难以有大作为，只能做到“无咎”。</p><p>《象》中这样解释本爻：“大吉无咎”，位不当也。这里指出：“只有在大吉大利的情况下，才能够没有灾害”，这是因为所处位置不适当，随时有可能受到伤害，只有在大吉大利的时候才可以避免受害。</p><p>占得此爻者，可能在单位中属于领导的得力助手，类似于近君大臣一样，由于会处理人际关系，深得下属的支持。但是要注意，领导并不想看到这种场面，所以只有在大吉大利的情况下，你才可能没有麻烦。若是在平常的情况下，就会被领导或上级挑毛病、找麻烦了。</p><p>占得此爻者，朋友很多，交友很广泛，但是也要注意一个问题，他们中有的人可能会给你带来麻烦。但是只要你坚持正确的立场，不做错事，就不会有什么危险。</p><p>九四：大吉，无咎。象曰：大吉无咎，位不当也。</p><p>经文意思是（占卜）大吉大利，（才能）没有灾难。</p><p>象辞意思是：占卜大吉大利才能没有灾难，是因为九四阳爻居阴位的缘故。</p><p>九四是一位清官，他为初六的穷苦百姓做主，替他们伸张正义，并且又有六三与他阴阳相合，所以他非常吉祥。但这种吉祥不是获得多少利益，只是没有灾难而已。为什么呢？因为九四刚爻居于偶位，为不得位。也就是说身为臣子，但性格耿直，对皇上的错误与缺点毫不留情。</p><p>尽管他这样做是为皇上好，但这样做毕竟不会使皇上对他太满意。</p>",
    "bgtitle": "水地比",
    "bgcontent": "这个卦是异卦（下坤上坎）相叠，坤为地，坎为水。水附大地，地纳河海，相互依赖，亲密无间。此卦与师卦完全相反，互为综卦。它阐述的是相亲相辅，宽宏无私，精诚团结的道理。"
}