{
    "gname": "火泽睽",
    "gcontent": "<p>周易第三十八卦详解</p>\n<p>睽卦原文</p>\n<p>睽。小事吉。</p>\n<p>象曰：上火下泽，睽。君子以同而异。</p>\n<p>白话文解释</p>\n<p>睽卦：筮遇此卦，小事吉利。</p>\n<p>《象辞》说：本卦上卦为离，离为火；下卦为兑，兑为泽。上火下泽，两相乖离，是睽卦的卦象。君子观此卦象，从而综合万物之所同，分析万物之所异。</p>\n<p>《断易天机》解</p>\n<p>睽卦离上兑下，为艮宫四世卦。睽象征乖离、乖异，筮遇此卦，大事不吉，小事顺利。</p>\n<p>北宋易学家邵雍解</p>\n<p>人心外向，背道而驰；难以成事，不宜大举。</p>\n<p>得此卦者，运气不佳，水火不容，相互矛盾，诸事难成。</p>\n<p>台湾国学大儒傅佩荣解</p>\n<p>时运：上下不通，以正处之。</p>\n<p>财运：人弃我取，尚有小利。</p>\n<p>家宅：迁避为宜；择而娶之。</p>\n<p>身体：上火下湿，实在难治。</p>\n<p>传统解卦</p>\n<p>这个卦是异卦（下兑上离）相叠。离为火；兑为泽。上火下泽，相违不相济。克则生，往复无空。万物有所不同，必有所异，相互矛盾。睽即矛盾。</p>\n<p>大象：离火向上，兑泽则向下，一上一下，两相乖违，又二女同居，不得正之象。</p>\n<p>运势：气运欠佳，诸事难成，有水火不容之象，宜处变不惊。</p>\n<p>事业：事业开创困难，处境艰辛。如能志同道合，相互信任，目的可以达到。但起初成功的多是小事，小事积累可成大事。事成于协力合作，败于众志相异。应加强团结，委曲以求相通，最忌内部相互猜疑。</p>\n<p>经商：应以心平气和的态度投入市场竞争，求大同而存小异。对竞争对手不应敌视，可和而不流，群而不党。尤其不能惹起纠纷，极力避免灾祸。</p>\n<p>求名：以真诚的心努力上进。对于恶人必要时亦不可完全不交往，应采取宽大包容的态度，适度往来。对志同道合者也不必完全一致，可异中求同。</p>\n<p>婚恋：双方必须真诚相待。否则，第三者极易介入，夫妻相疑则家破。</p>\n<p>决策：处于矛盾、对应状态。必须注意以宽宏大度、平和、柔顺的态度对待人生。这样才能心平气和，柔而上进。认清合必有离，离必有合；同中有异，异中有同的道理。否则，刚极暴躁，明极生疑。暴疑皆可致命。</p>\n<p>第三十八卦的哲学含义</p>\n<p>睽卦卦象，火泽睽卦的象征意义</p>\n<p>睽卦，本卦异卦相叠，上卦为离，下卦为兑。离为火；兑为泽。上火下泽，相违不相济。因为火苗是向上燃烧的，而水是向下渗透的，这两者是朝相反的方向行进的，所以是相反的、相违背的。世间万物有所不同，必有所异，相互矛盾，这就是睽，睽即矛盾。</p>\n<p>睽卦是下兑上离，位于家人卦之后，《序卦》说道：“家道穷必乖，故受之以睽。睽者，乖也。”家人卦走到尽头，接着出现的是乖离，睽卦主旨在此。</p>\n<p>从另一个角度分析，离为日，为明，在上卦。兑为悦，为喜，在下卦。这又表示两个卦有相统一的一面。</p>\n<p>《象》这样解释本卦：上火下泽，睽；君子以同而异。</p>\n<p>《象》中指出：睽卦的卦象是兑（泽）下离（火）上，为水火相遇之表象，象征对立。所以君子应该在求大同的前提下，保留小的差别和不同。这正是睽卦所要表达的道理：异中求同。</p>\n<p>睽卦象征对立和分离，属于下下卦。《象》中这样评断此卦：此卦占来运气歹，如同太公作买卖，贩猪牛快贩羊迟，猪羊齐贩断了宰。</p>",
    "title": "九三爻",
    "content": "<p>六三爻辞</p><p>六三。见舆曳，其牛掣。其人天且劓，无初有终。</p><p>象曰：见舆曳，位不当也；无初有终，遇刚也。</p><p>白话文解释</p><p>六三：看见一辆拉货的车，拉车的牛一俯一仰拉得很费劲，赶车的人是一个烙了额，割了鼻的奴隶。起初车子陷着不动，后来终于拉动了。</p><p>《象辞》说：看见一个烙额割鼻的奴隶在拉车，爻象表明：六三阴爻而居于阳位，所处不当，像人落入了悲苦的境地。起初不顺，结局倒好，因为六三阴爻上进遇到九四阳爻，像人得到强者的帮助。</p><p>北宋易学家邵雍解</p><p>凶：得此爻者，谋望有阻，险中求安，先迷后顺。不良者有骨肉刑伤之厄。做官的须防小人的谗言。</p><p>台湾国学大儒傅佩荣解</p><p>时运：恐有刑伤，苦撑三年。</p><p>财运：人和不易，无利可图。</p><p>家宅：朝西为宜；先疑后释。</p><p>身体：面上有疮，久后自愈。</p><p>六三变卦</p><p>六三爻动变得周易第14卦：火天大有。这个卦是异卦（下乾上离）相叠。上卦为离，为火；下卦为乾，为天。火在天上，普照万物，万民归顺，顺天依时，大有所成。</p><p>九三爻</p><p>的哲学含义</p><p>睽卦第三爻，爻辞：六三：见舆曳，其牛掣；其人天且劓。无初有终。爻辞释义</p><p>舆：指车子。曳：指拖，拉，牵引。掣：指牵制，阻挠。其人：指赶车的人。天：古时黥额为天，指在罪人的额部刺字。劓：古代割掉鼻子的酷刑。</p><p>本爻辞的意思是：看见大车艰难行进，驾车的牛受到牵制无法前行，驾车的人也受到墨刑和劓刑，虽然历尽艰难，但是最终会有美好的结局。</p><p>六三这一爻“无初有终”说明做事宜深不宜浅。从卦象上看，六三以阴爻居刚位，又有上下两个阳爻挡住去路，以致进退不得。</p><p>《象》中这样解释本爻：“见舆曳”，位不当也；“无初有终”，遇刚也。这里指出：“看见大车艰难行进”的情形是因为六三爻所处的位置不恰当。“虽然历尽艰难，但是最终会有美好的结局”的原因，在于能和阳刚相应合。这里“遇刚”是指，六三有位于卦终的上九这一刚爻的正应。</p><p>占得本爻，在做事时开始可能非常艰难，甚至是身陷困境，举步维艰，但是最终会有人相助，而得以成功。</p><p>占得此爻者，如果你遭到诽谤或在公开场合丢了脸，你不要总认为是自己的错误，可能是遇到了心态扭曲的人，这种事很快就过去。</p><p>六三：见舆曳，其牛擎，其人天且劓，无初有终。象曰：见舆曳，位翠当也。无初有终，遇刚也。</p><p>经文意思是：见到大车被拽住，牛向前用力拖，赶车摔了个四脚朝天，鼻子也碰破了。起初不好，最终会有好结果。象辞意思是：大车往后拽，是因为位置不当，起初不好最终会有好结果，是因为得到了强者的（上九）的帮助。</p><p>“六三”阴柔失位，睽违至极，处境艰难。但专恋上九，使上九对六三的疑虑消失而欢合。</p><p>六三的处境很不好，他赶着牛车，可是车上的东西很多，牛也不听话，结果从车上摔了下来，脸与鼻子被摔破了。但是前面我们说了，他遇到了别人的帮助，所以最终会有好的结果。谁帮助他呢？应当是上九、九四和九三帮了他，因为象辞中解释说“遇刚也”，也就是说六三遇到了刚爻的帮助，使他“无初有终”。</p>",
    "bgtitle": "火天大有",
    "bgcontent": "这个卦是异卦（下乾上离）相叠。上卦为离，为火；下卦为乾，为天。火在天上，普照万物，万民归顺，顺天依时，大有所成。"
}