{
    "gname": "火泽睽",
    "gcontent": "<p>周易第三十八卦详解</p>\n<p>睽卦原文</p>\n<p>睽。小事吉。</p>\n<p>象曰：上火下泽，睽。君子以同而异。</p>\n<p>白话文解释</p>\n<p>睽卦：筮遇此卦，小事吉利。</p>\n<p>《象辞》说：本卦上卦为离，离为火；下卦为兑，兑为泽。上火下泽，两相乖离，是睽卦的卦象。君子观此卦象，从而综合万物之所同，分析万物之所异。</p>\n<p>《断易天机》解</p>\n<p>睽卦离上兑下，为艮宫四世卦。睽象征乖离、乖异，筮遇此卦，大事不吉，小事顺利。</p>\n<p>北宋易学家邵雍解</p>\n<p>人心外向，背道而驰；难以成事，不宜大举。</p>\n<p>得此卦者，运气不佳，水火不容，相互矛盾，诸事难成。</p>\n<p>台湾国学大儒傅佩荣解</p>\n<p>时运：上下不通，以正处之。</p>\n<p>财运：人弃我取，尚有小利。</p>\n<p>家宅：迁避为宜；择而娶之。</p>\n<p>身体：上火下湿，实在难治。</p>\n<p>传统解卦</p>\n<p>这个卦是异卦（下兑上离）相叠。离为火；兑为泽。上火下泽，相违不相济。克则生，往复无空。万物有所不同，必有所异，相互矛盾。睽即矛盾。</p>\n<p>大象：离火向上，兑泽则向下，一上一下，两相乖违，又二女同居，不得正之象。</p>\n<p>运势：气运欠佳，诸事难成，有水火不容之象，宜处变不惊。</p>\n<p>事业：事业开创困难，处境艰辛。如能志同道合，相互信任，目的可以达到。但起初成功的多是小事，小事积累可成大事。事成于协力合作，败于众志相异。应加强团结，委曲以求相通，最忌内部相互猜疑。</p>\n<p>经商：应以心平气和的态度投入市场竞争，求大同而存小异。对竞争对手不应敌视，可和而不流，群而不党。尤其不能惹起纠纷，极力避免灾祸。</p>\n<p>求名：以真诚的心努力上进。对于恶人必要时亦不可完全不交往，应采取宽大包容的态度，适度往来。对志同道合者也不必完全一致，可异中求同。</p>\n<p>婚恋：双方必须真诚相待。否则，第三者极易介入，夫妻相疑则家破。</p>\n<p>决策：处于矛盾、对应状态。必须注意以宽宏大度、平和、柔顺的态度对待人生。这样才能心平气和，柔而上进。认清合必有离，离必有合；同中有异，异中有同的道理。否则，刚极暴躁，明极生疑。暴疑皆可致命。</p>\n<p>第三十八卦的哲学含义</p>\n<p>睽卦卦象，火泽睽卦的象征意义</p>\n<p>睽卦，本卦异卦相叠，上卦为离，下卦为兑。离为火；兑为泽。上火下泽，相违不相济。因为火苗是向上燃烧的，而水是向下渗透的，这两者是朝相反的方向行进的，所以是相反的、相违背的。世间万物有所不同，必有所异，相互矛盾，这就是睽，睽即矛盾。</p>\n<p>睽卦是下兑上离，位于家人卦之后，《序卦》说道：“家道穷必乖，故受之以睽。睽者，乖也。”家人卦走到尽头，接着出现的是乖离，睽卦主旨在此。</p>\n<p>从另一个角度分析，离为日，为明，在上卦。兑为悦，为喜，在下卦。这又表示两个卦有相统一的一面。</p>\n<p>《象》这样解释本卦：上火下泽，睽；君子以同而异。</p>\n<p>《象》中指出：睽卦的卦象是兑（泽）下离（火）上，为水火相遇之表象，象征对立。所以君子应该在求大同的前提下，保留小的差别和不同。这正是睽卦所要表达的道理：异中求同。</p>\n<p>睽卦象征对立和分离，属于下下卦。《象》中这样评断此卦：此卦占来运气歹，如同太公作买卖，贩猪牛快贩羊迟，猪羊齐贩断了宰。</p>",
    "title": "九五爻",
    "content": "<p>六五爻辞</p><p>六五。悔亡，厥宗噬肤，往何咎。</p><p>象曰：厥宗噬肤，往有庆也。</p><p>白话文解释</p><p>六五：没有悔恨。瞧见同族宗人在吃肉，孤单的旅人欣然结伴同行，一路平安无事。</p><p>《象辞》说：同族宗人在吃肉，前往，必有喜庆之事。</p><p>北宋易学家邵雍解</p><p>平：得此爻者，经营获利，抬举有人。不良者，亲朋怨恶，骨肉刑伤，官司牵连。做官的会获得成就与名望，读书人会取得佳绩。</p><p>台湾国学大儒傅佩荣解</p><p>时运：同宗相助，可以放心。</p><p>财运：须防合伙，自己端正。</p><p>家宅：旧屋可居；亲上加亲。</p><p>身体：皮肤毛病，不难治好。</p><p>六五变卦</p><p>六五爻动变得周易第10卦：天泽履。这个卦是异卦（下兑上乾）相叠，乾为天，兑为泽，以天喻君，以泽喻民，原文：“履（踩）虎尾，不咥（咬）人”。因此，结果吉利。君上民下，各得其位。兑柔遇乾刚，所履危。履意为实践，卦义是脚踏实地的向前进取的意思。</p><p>九五爻</p><p>的哲学含义</p><p>睽卦第五爻，爻辞：六五：悔亡，厥宗噬肤，往何咎？爻辞释义</p><p>厥：代词，指“其”。宗：指宗族，同党。噬：咬合，融合。肤：外表的部分。</p><p>本爻辞的意思是：悔恨消失，其族人之间一起吃肉，前进路上还能有什么危害呢？</p><p>六五这一爻启示的道理是处理人际关系上宜亲不宜疏。六五属于阴爻居刚位，失位。但是六五有三大优点和优势：柔进、居中、应刚。柔进，说明善良、柔顺；居中，说明行为适中，不偏激；应刚，说明能得贤人辅佐。这样做不仅悔恨消失，而且会使得周围的人团结一致，有助于去做更大的事。</p><p>《象》中这样分析道：“厥宗噬肤”，往有庆也。这里指出“宗族人一起吃肉”，表明前进必然会有值得庆贺的事情。因为大家捐弃前嫌，融洽地团结在一起，这样同心协力一起做事，容易成功。</p><p>占得此爻者，如果有一个人在等你，你应该大胆前去，可能会与此人建立相互信任的亲密关系。</p><p>象辞意思是:同宗设宴吃肉，前往会遇到喜庆之事这里说的是，潦倒的富人家里的人们各奔东西去谋生，结果有一个人混出了功名，所以设宴招待自己同宗族的人，大家在一起喝酒吃肉，自然不会有灾难了。</p>",
    "bgtitle": "天泽履",
    "bgcontent": "这个卦是异卦（下兑上乾）相叠，乾为天，兑为泽，以天喻君，以泽喻民，原文：“履（踩）虎尾，不咥（咬）人”。因此，结果吉利。君上民下，各得其位。兑柔遇乾刚，所履危。履意为实践，卦义是脚踏实地的向前进取的意思。"
}