{
    "gname": "离为火",
    "gcontent": "<p>周易第三十卦详解</p>\n<p>离卦原文</p>\n<p>离。利贞，亨。畜牝牛，吉。</p>\n<p>象曰：明两作，离。大人以继明照四方。</p>\n<p>白话文解释</p>\n<p>离卦：吉利的占问，通泰。饲养母牛，吉利。</p>\n<p>《象辞》说：今朝太阳升，明朝太阳升，相继不停顿，这是离卦的卦象。贵族王公观此卦象，从而以源源不断的光明照临四方。</p>\n<p>《断易天机》解</p>\n<p>离卦离上离下，为离宫本位卦。离可取光明、美丽、离散之意，利文章而不利出师。</p>\n<p>北宋易学家邵雍解</p>\n<p>附丽光明，谦虚缓进；公正柔和，顺守则吉。</p>\n<p>得此卦者，宜谦虚谨慎，稳步进取，则前途光明。急进及意气用事者必有所损失。</p>\n<p>台湾国学大儒傅佩荣解</p>\n<p>时运：努力修德，前途光明。</p>\n<p>财运：与火有关，皆有所得。</p>\n<p>家宅：贵人之屋；可得继室。</p>\n<p>身体：热病严重，小心大去。</p>\n<p>传统解卦</p>\n<p>这个卦是同卦（下离上离）相叠。离者丽也，附着之意，一阴附丽，上下二阳，该卦象征火，内空外明。离为火、为明，太阳反复升落，运行不息，柔顺为心。</p>\n<p>大象：两离火相重，上下通明之象，火有气，但无形，主不实不定之意。</p>\n<p>运势：外观极盛，烈日当空之象，凡事不宜急进及意气用事。</p>\n<p>事业：已快进入顶点，盛极而衰，务必总结经验教训，趋善避邪，以顺自养，居危知危，激励志气，切勿妄动。尤应求助中正的人援助，以期重振事业。</p>\n<p>经商：不要急于求成，宜兢兢业业，忧深虑远，考察市场行情，公平竞争，不可投机取巧，争取与他人密切合作。</p>\n<p>求名：方向未确定之前，不可到处乱撞，应持之以恒，执意追求，虚心向有才德的长者请教。</p>\n<p>婚恋：自己寻找对象恐怕有困难，最好请可靠的朋友、长辈帮忙，不得急躁。双方应相互尊敬，最忌生邪念。</p>\n<p>决策：乐天知命，顺应自然，年轻时急于上进，未能实现理想，但坚持中正、谦和，可无灾祸，时常警觉，更可化险为夷。在危难时要寻求依托，但要慎重选择对象。晚年应知天命，尤不可不顾时势而轻举妄图动。</p>\n<p>第三十卦的哲学含义</p>\n<p>离为火，《易经》中离卦的符号为。八卦中离卦的符号的产生，是古人遥望远方，见在土地上燃起熊熊的烈火，于是用阳性符号“一”画出地块，用阴性符号“一”画出火苗。离卦是上下是阳爻，中间是阴爻，看上去像是燃烧的火苗，这一卦就象征火。</p>\n<p>离卦一阴爻居中，二阳爻在外，为外刚内柔，外硬内软之性情，有由中心向外发展的趋势，有离散之象。一切鳖、蟹、龟、贝类，士兵的衣甲胄帽等等外刚内柔之物均归类于离卦。</p>\n<p>离卦还具有如下象意明、进升、依附、华丽、鲜艳、文明、礼仪、明察、磊落、发现、扩张、漫延、外强、中干、焦躁、煽动、排斥、抗拒、否定、批判、流行、检举、侦察、轻浮、显示、自满、花言巧语、抗上、撒谎、干枯、枯燥、空虚等。</p>\n<p>六十四卦之中的离卦是八卦中的离卦相叠，符号为“”。离卦象征的意义是附着。《序卦传》说：“陷必有所丽，故受之以离；离者丽也。”离卦的上卦是坎，意思是陷入坎里肯定会附着在一个地方上，所以在坎卦之后接着是离卦。</p>\n<p>《象》是这样分析离卦的：明两作，离；大人以继明照于四方。</p>\n<p>《象》中指出离卦的卦象为光明接连升起之表象。离卦在这里代表太阳。太阳东升西落，因而有上下充满光明的形象。太阳的光明连续照耀，必须高悬依附在天空才行，所以象征附着；伟大的人物效法这一现象，也应当连绵不断地用太阳般的光明美德普照四方。</p>\n<p>离卦给人的启示是就附着依托，属于中上卦。《象》中这样来断此卦：官人来占主高升，庄农人家产业增，生意买卖利息厚，匠艺占之大亨通。</p>",
    "title": "九四爻",
    "content": "<p>九四爻辞</p><p>九四。突如其来如，焚如，死如，弃如。</p><p>象曰：突如其来如，无所容也。</p><p>白话文解释</p><p>九四：灾难突然降临，敌人见房屋就烧，见人就杀，此处变成一片废墟。</p><p>《象辞》说：灾难来得如此突然，人们无处藏身逃命。</p><p>北宋易学家邵雍解</p><p>凶：得此爻者，时运不济，困难重重，或和长辈不睦，或遭官灾。</p><p>台湾国学大儒傅佩荣解</p><p>时运：为免灾祸，不如隐退。</p><p>财运：人财两亡，小心避开。</p><p>家宅：逆子之罪；婚姻不吉。</p><p>身体：命在危局。</p><p>九四变卦</p><p>九四爻动变得周易第22卦：山火贲。这个卦是异卦（下离上艮）相叠。离为火为明；艮为山为止。文明而有节制。贲卦论述文与质的关系，以质为主，以文调节。贲，文饰、修饰。</p><p>九四爻</p><p>的哲学含义</p><p>离卦第四爻，爻辞：九四：突如其来如，焚如，死如，弃如。爻辞释义</p><p>如：相当于“然”，结构助词，意思是某种样子或状态。焚：是指燃烧。弃：是指抛弃。</p><p>本爻辞的意思是：突然而来，如同火焰熊熊燃烧，会有生命危险，会被抛弃。</p><p>九四这一爻告诉人们，在寻找依附之时，不可以乘人之危，不能采取胁迫的手段。</p><p>从卦象上看，九四属于阳爻居阴位，有处事鲁莽、急进之象。此爻紧临六五之君主之位，有如近君大臣一样，但是，这位大臣不归顺于六五这一君主，甚至会压迫阴柔的君主。这一爻的情景，有如原来君主突然离世，本来应该由早就定好的储君继位。可是这位近君大臣却想谋权篡位。</p><p>《象》中这样分析这一爻：“突如其来如”，无所容也。</p><p>这里指出，“突然而来，如同火焰熊熊燃烧”，这种刚烈暴躁的气焰，必然带来危险，是天下人所不能容忍的。</p><p>爻辞中的“焚如，死如，弃如”，都是描述六四的样子，“焚如”是指其灼热、暴躁有如火焚；“死如”是指其大祸临头至于丧命，“弃如”是指其名誉被毁，遭人唾弃。</p><p>六四这一爻结果很遭，原因是没有守正道。占得此爻者要注意，不要趁人之危去获取利益，也不要采取胁迫的手段，为自己谋取职位或晋升等，一定要注意，坚守正道，才能吉利。</p>",
    "bgtitle": "山火贲",
    "bgcontent": "这个卦是异卦（下离上艮）相叠。离为火为明；艮为山为止。文明而有节制。贲卦论述文与质的关系，以质为主，以文调节。贲，文饰、修饰。"
}