{
    "gname": "火雷噬嗑",
    "gcontent": "<p>周易第二十一卦详解</p>\n<p>噬嗑卦原文</p>\n<p>噬嗑。亨。利用狱。</p>\n<p>象曰：雷电噬嗑。先王以明罚敕法。</p>\n<p>白话文解释</p>\n<p>噬瞌卦：通泰。利于讼狱。</p>\n<p>《象辞》说：本卦下卦为震为雷，上卦为离为电，雷电交合是噬嗑的卦象。先王观此卦象，取法于威风凛凛的雷、照彻幽隐的电，思以严明治政，从而明察其刑罚，修正其法律。</p>\n<p>《断易天机》解</p>\n<p>噬嗑卦离上震下，为巽宫五世卦。噬嗑为咬合之意，象征物品咬碎之后才能通过。此卦于诉讼有利。</p>\n<p>北宋易学家邵雍解</p>\n<p>咬碎硬骨，强硬态度；事多困阻，积极谋求。</p>\n<p>得此卦者，事不遂心，纷争难免，诸事被阻，宜坚守常规，不为利诱，可保平安。</p>\n<p>台湾国学大儒傅佩荣解</p>\n<p>时运：好运初动，声名直上。</p>\n<p>财运：买卖皆成，货物畅销。</p>\n<p>家宅：小心火灾；百年好合。</p>\n<p>身体：须防郁热，失物不保。</p>\n<p>传统解卦</p>\n<p>这个卦是异卦（下震上离）相叠。离为阴卦；震为阳卦。阴阳相交，咬碎硬物，喻恩威并施，宽严结合，刚柔相济。噬嗑为上下颚咬合，咀嚼。</p>\n<p>大象：上唇与下唇间有物，必须咬断，方能合拢，乃诸事被阻，务必去除，方可成功。</p>\n<p>运势：诸事阻隔，纷争难免，宜守常规，不为利诱，问题可解决。</p>\n<p>事业：困难与阻力非常大，应以坚强的意志，果敢的行为，公正无私的态度去战胜种种厄运，争取事态好转。为了早日化险为夷，必要时可采取强硬手段，甚至诉诸法律。</p>\n<p>经商：处于不利的时候，头脑冷静，明察形势，寻求机遇，不为眼前小利所诱，不发非分之财。认真听取忠告，遵守法纪，秉公办事，不得徇私情，更警惕不得触犯刑律。</p>\n<p>求名：自己的努力尚不为人所知，不可急于求成，受到挫折应看作是对自己的考验，持之以恒，必能成功。</p>\n<p>婚恋：初不顺利，须有顽强精神可以取得满意的结果，不可以个人的情绪左右家庭事务。</p>\n<p>决策：一生不平坦，会遇到挫折和磨难，但应看作是对个人的考验，应认真总结经验教训，以更为坚强的意志，不屈不挠，继续前进。经过锻炼，各方面都会有较大的进展，终将进入光明境地，取得重大成就。</p>\n<p>第二十一卦的哲学含义</p>\n<p>噬嗑卦卦象，火雷噬嗑卦的象征意义</p>\n<p>火雷噬嗑，这个卦是异卦相叠，下卦为震，上卦为离。离为阴卦，震为阳卦。阴阳相交，咬碎硬物，喻恩威并施，宽严结合，刚柔相济。</p>\n<p>噬嗑，噬，是指咬。嗑，同“合”。噬嗑，为上下颚咬合，咀嚼。合住嘴巴把嘴中之物咬住不放或吃掉。</p>\n<p>火雷噬嗑以卦形来看，初九和上九像一个人的上下嘴唇；六二、六三和六五，像人的上下两排牙齿；而九四，正好像口内所含之物，被上下牙咬住不放，犹如一个进入监狱似的，那是无法跑掉的，因此又可象征监狱。</p>\n<p>从监狱的角度来分析卦形，初九和上九，好像厚实的狱墙。而墙内的六二、六三、六五，又像软弱的犯人，而九四正好像强悍的狱官或巡狱者。</p>\n<p>《象》中这样解释本卦：雷电，噬磕；先王以明罚赤法。</p>\n<p>《象》中指出：噬嗑卦的卦象是震（雷）下离（火）上，为雷电交击之表象。雷电交击，就像咬合一样；雷有威慑力，电能放光明，古代帝王效法这一现象，明其刑法，正其法令。</p>\n<p>噬嗑卦启示了刚柔相济的道理，属于上上卦。《象》中对此卦的断语是：运拙如同身受饥，幸得送饭又送食，适口充腹心欢喜，忧愁从此渐消移。</p>\n<p>火雷噬嗑从卦象上分析，噬嗑卦上卦为离为火为电，下卦为震为木为雷，闪电雷卦上卦为离为火为电，卦为震为木为雷，闪电雷鸣，击中物体使其燃烧起来，这就是噬嗑卦的卦象。下雷阵雨时，一些建筑物遭受雷击会倒塌，一些动物与人遭受雷击会死亡，森林遭受雷击会发生火灾。古人看到这个自然现象，认为是天神在惩罚罪恶。君王效法天神的做法，所以也像雷电击中物体一样打击犯罪分子。雷电是迅猛的，所以也表示打击犯罪要迅捷，要彻底，力度要狠。</p>",
    "title": "九二爻",
    "content": "<p>六二爻辞</p><p>六二。噬肤灭鼻，无咎。</p><p>象曰：噬肤灭鼻，乘刚也。</p><p>白话文解释</p><p>六二：大吃鲜鱼嫩肉，遭受割鼻之刑，但没有大难。</p><p>《象辞》说：大吃鲜鱼嫩肉，遭受割鼻之刑，因为六二之爻居于阳爻之上，像人享受非分之福。</p><p>北宋易学家邵雍解</p><p>平：得此爻者，进退艰难，是非不断，或生暗疾，骨肉有伤。做官的不会顺利，会有所纠结。</p><p>台湾国学大儒傅佩荣解</p><p>时运：才力尚浅，须借人助。</p><p>财运：暂时保存，待价出手。</p><p>家宅：老宅不利；婚嫁兴家。</p><p>身体：肌肤有病，小心深入。</p><p>六二变卦</p><p>六二爻动变得周易第38卦：火泽睽。这个卦是异卦（下兑上离）相叠。离为火；兑为泽。上火下泽，相违不相济。克则生，往复无空。万物有所不同，必有所异，相互矛盾。睽即矛盾。</p><p>九二爻</p><p>的哲学含义</p><p>噬嗑卦第二爻，爻辞：六二：噬肤灭鼻，无咎。爻辞释义</p><p>肤：指连着皮的肥肉。</p><p>本爻的意思是：咬食肥肉，鼻子没入，没有灾难。经文意思是：咬肉吃，鼻子陷入肉中，六二身为大夫之位，吃肉时太贪婪了，竟然把鼻子陷到了肉里面。这么吃东-西肯定是显得很不文明。不过只是形象问题，没有什么大的过失，所以没有灾难。由于六二凌驾于初九之上，所以有乘刚的形象。一般来讲，阴乘刚指女夺夫权。这个六二身居偶位为得位，又能够居中，可见还是有道德的。可是其乘驾于初九之上，所以爻辞中描写的吃肉的“贪”，实际上是暗示六二对初九之“贪”。也就是说六二太想控制住初九了。</p><p>从卦象上看，六二处于互艮之中，艮是指六二与九四互为艮卦。艮卦是一阳爻在外，二阴爻在内，阳爻是外面的皮，阴爻是皮下的肥肉。艮又为鼻，为黑嘴头动物。肤为带皮的肉、软肉、鲜肉。所以一咬，鼻子就陷下去。人如果这样吃饭，这种吃相很不讲究，很不雅，由此指人在做事时不择手段，不注意方式。</p><p>六二这一爻属于阴爻居柔位，虽然得位居中，但是与全卦之中的君爻六五敌应。与一卦之中的最高领导失和，会导致其自身发展不顺，心中怀有怨气，所以在做事时不太注意方式方法。但是由于他凌驾于初九之上，有如是一个施刑之人一样，所以没有灾难。</p><p>占得此爻者，你可能对自己的职务或者地位不满，觉得自己不顺，有时就乱发脾气。要注意一下自己说话做事的方式，不要身边有人犯了错误，就大加惩罚，或横加训斥，破口大骂，吹胡子瞪眼，这样有损自己的形象，还起不到教育的作用。要知道，批评是一种艺术，有时你如果想责备某个人时，从效果的角度考虑，不如改为规劝，关切的话题更能深入人心</p>",
    "bgtitle": "火泽睽",
    "bgcontent": "这个卦是异卦（下兑上离）相叠。离为火；兑为泽。上火下泽，相违不相济。克则生，往复无空。万物有所不同，必有所异，相互矛盾。睽即矛盾。"
}