{
    "gname": "火风鼎",
    "gcontent": "<p>周易第五十卦详解</p>\n<p>鼎卦原文</p>\n<p>鼎。元吉，亨。</p>\n<p>象曰：木上有火，鼎。君子以正位凝命。</p>\n<p>白话文解释</p>\n<p>鼎卦：大吉大利，亨通。</p>\n<p>《象辞》说：本卦下卦为巽，巽为木；上卦为离，离为火。可见木上有火，以鼎烹物，这是《鼎》卦的卦象。君子观此卦象，取法于鼎足三分，正立不倚，从而持正守位，为君上所倚重，不负使命。</p>\n<p>《断易天机》解</p>\n<p>鼎卦离上巽下，为离宫二世卦。鼎为鼎定、和美之意，多主吉，但对诉讼、求官不利。</p>\n<p>北宋易学家邵雍解</p>\n<p>因败致功，因人成事；万事通达，平步青云。</p>\n<p>得此卦者，时运正佳，能得到朋友的帮助，取得不错的成就。与人合伙共事更佳。</p>\n<p>台湾国学大儒傅佩荣解</p>\n<p>时运：功名日进，贵不可言。</p>\n<p>财运：自然得利，不劳而获。</p>\n<p>家宅：小心火灾；正配内助。</p>\n<p>身体：肝火上冲，顺气以治。</p>\n<p>传统解卦</p>\n<p>这个卦是异卦（下巽上离）相叠。燃木煮食，化生为熟，除旧布新的意思。鼎为重宝大器，三足稳重之象。煮食，喻食物充足，不再有困难和困扰。在此基础上宜变革，发展事业。</p>\n<p>大象：木之上有离火，为燃炊烹饪之象，鼎有去旧立新，改过迁善之意。</p>\n<p>运势：时运仍佳，事业可成，但诸事不宜迟滞，及防有诉讼之累。</p>\n<p>事业：具备开拓事业的各种条件。耳聪目明，头脑冷静，应以端正的态度为人处世，严于律己，慎终如始，刚柔兼备，与有才德的人合作，勿妄进失度，则会无往不利。</p>\n<p>经商：经过一番奋斗，已经可以比较顺利地发展自己的商业活动，遇到困难也能够克服。如果坚持商业道德，参与正常竞争活动，无轻举妄动和邪思，刚中自守，商业可大发展，但若不量入为出，坐吃山空，必败业。</p>\n<p>求名：首先应积功累德，严于律己，不陷入与他人的怨仇之中，柔而上行，循序渐进。得到知人者的善用，更是前途广大。</p>\n<p>婚恋：个人条件比较理想，顺利，但勿不切合实际。</p>\n<p>决策：天资聪颖，反应敏捷，头脑灵活，具备随机应变，随时应变和随势应变的能力。因此，前程远大，即使暂时不受重视，无出路也无防，最终可实现抱负。</p>\n<p>第五十卦的哲学含义</p>\n<p>鼎卦卦象，火风鼎卦的象征意义</p>\n<p>鼎卦，这个卦是异卦相叠，下卦为巽，上卦为离。燃木煮食，化生为熟，除旧布新的意思。鼎为重宝大器，三足稳重之象。煮食，喻食物充足，不再有困难和困扰。在此基础上宜变革，发展事业。</p>\n<p>鼎卦位于革卦之后，《序卦》中这样分析道：“革物者莫若鼎，故受之以鼎。”最能变革的事物是鼎。鼎在古代为炊煮之具，使生食变为熟食，没有比此更彻底的变革了，所以接着要谈鼎卦。</p>\n<p>鼎不但是煮食物的器皿，古代也将鼎看作代表君王权威与供养贤士的器皿。鼎上的花纹，有镇邪的作用，有时也将法律条文刻在鼎上，以显示法律的庄严。改朝换代后，新登位的君王的第一件工作就是铸鼎，颁布法律，以象征新朝代的开始，并表示吉祥，朝代改变也称作“革鼎”。《杂卦》中说：“革，去故也；鼎，取新也。”可见先革后鼎，才是真正的去旧更新。</p>\n<p>《象》中这样分析本卦：木上有火，鼎，君子以正位凝命。这里指出：鼎卦的卦象是巽（木）下离（火）上，为木上燃着火之表象，是烹饪的象征，称为鼎；君子应当像鼎那样端正而稳重，以此完成使命。</p>\n<p>鼎卦象征革故鼎新，属于中下卦。《象》曰：莺鹜蛤蜊落沙滩，蛤蜊莺鹜两翅扇。渔人进前双得利，失走行人却自在。</p>",
    "title": "九五爻",
    "content": "<p>六五爻辞</p><p>六五。鼎黄耳金铉，利贞。</p><p>象曰：鼎黄耳，中以为实也。</p><p>白话文解释</p><p>六五：豪华之鼎，上面装配有铜耳、铜铉。筮遇此爻吉利。</p><p>《象辞》说：豪华之鼎，上面装配着铜耳、铜铉，这样的食鼎，理应盛着佳霉美味。</p><p>北宋易学家邵雍解</p><p>吉：得此爻者，时运不错，多获利。做官的多吉兆，多升迁。</p><p>台湾国学大儒傅佩荣解</p><p>时运：守住大贵，自然吉祥。</p><p>财运：信息通达，可获大利。</p><p>家宅：富贵之家；联姻贵族。</p><p>身体：保护胸耳。</p><p>六五变卦</p><p>六五爻动变得周易第44卦：天风姤。这个卦是异卦（下巽上乾）相叠。乾为天，巽为风。天下有风，吹遍大地，阴阳交合，万物茂盛。姤（gǒu）卦与夬卦相反，互为“综卦”。姤即媾，阴阳相遇。但五阳一阴，不能长久相处。</p><p>九五爻</p><p>的哲学含义</p><p>鼎卦第五爻，爻辞：六五：鼎黄耳金铉，利贞。爻辞释义</p><p>鼎耳：鼎腹两边高出部位谓之鼎耳，中空以便于穿进横杠，搬运鼎身。黄：黄色为土色，以五行论属于中央位，寓意守中。铉：是古代横鼎耳用来扛鼎的杠子。金：指刚实坚硬之质。</p><p>本爻辞的意思是：鼎耳的位置适中，又配上了结实的鼎杠，这样在抬鼎的时候就能保持中正，不至于倾斜。</p><p>从卦象上看，六五以阴爻居君位，得中，具有怀柔之德，下应九二，上与九四、上九亲比有应。象征仁德之君，善于纳贤。黄耳金铉，这是功成名就之象，所以利于安居守正。</p><p>《象》中这样解释本爻：“鼎黄耳”中以为实也。这里指出：“鼎耳的位置适中，又配上了结实的鼎杠”，是由于六五爻居中，自然可获得实惠。</p><p>占得此爻者，事业会非常顺利，不会出现什么偏差，但是前提是你要广纳贤</p><p>立在坚实的基础之上，随着相互信任的加深，你们的事业也会蒸蒸日上。</p><p>六五：鼎黃耳，金铉，利贞。</p><p>象曰：鼎黃耳，中以为实也。</p><p>经文意思是：鼎上铸有黄色的鼎耳，铜饰的举鼎杠，利于守正道。</p><p>象辞意思是：鼎上铸有黄色的鼎耳，说明六五居中坚实。</p>",
    "bgtitle": "天风姤",
    "bgcontent": "这个卦是异卦（下巽上乾）相叠。乾为天，巽为风。天下有风，吹遍大地，阴阳交合，万物茂盛。姤（gǒu）卦与夬卦相反，互为“综卦”。姤即媾，阴阳相遇。但五阳一阴，不能长久相处。"
}