{
    "gname": "火风鼎",
    "gcontent": "<p>周易第五十卦详解</p>\n<p>鼎卦原文</p>\n<p>鼎。元吉，亨。</p>\n<p>象曰：木上有火，鼎。君子以正位凝命。</p>\n<p>白话文解释</p>\n<p>鼎卦：大吉大利，亨通。</p>\n<p>《象辞》说：本卦下卦为巽，巽为木；上卦为离，离为火。可见木上有火，以鼎烹物，这是《鼎》卦的卦象。君子观此卦象，取法于鼎足三分，正立不倚，从而持正守位，为君上所倚重，不负使命。</p>\n<p>《断易天机》解</p>\n<p>鼎卦离上巽下，为离宫二世卦。鼎为鼎定、和美之意，多主吉，但对诉讼、求官不利。</p>\n<p>北宋易学家邵雍解</p>\n<p>因败致功，因人成事；万事通达，平步青云。</p>\n<p>得此卦者，时运正佳，能得到朋友的帮助，取得不错的成就。与人合伙共事更佳。</p>\n<p>台湾国学大儒傅佩荣解</p>\n<p>时运：功名日进，贵不可言。</p>\n<p>财运：自然得利，不劳而获。</p>\n<p>家宅：小心火灾；正配内助。</p>\n<p>身体：肝火上冲，顺气以治。</p>\n<p>传统解卦</p>\n<p>这个卦是异卦（下巽上离）相叠。燃木煮食，化生为熟，除旧布新的意思。鼎为重宝大器，三足稳重之象。煮食，喻食物充足，不再有困难和困扰。在此基础上宜变革，发展事业。</p>\n<p>大象：木之上有离火，为燃炊烹饪之象，鼎有去旧立新，改过迁善之意。</p>\n<p>运势：时运仍佳，事业可成，但诸事不宜迟滞，及防有诉讼之累。</p>\n<p>事业：具备开拓事业的各种条件。耳聪目明，头脑冷静，应以端正的态度为人处世，严于律己，慎终如始，刚柔兼备，与有才德的人合作，勿妄进失度，则会无往不利。</p>\n<p>经商：经过一番奋斗，已经可以比较顺利地发展自己的商业活动，遇到困难也能够克服。如果坚持商业道德，参与正常竞争活动，无轻举妄动和邪思，刚中自守，商业可大发展，但若不量入为出，坐吃山空，必败业。</p>\n<p>求名：首先应积功累德，严于律己，不陷入与他人的怨仇之中，柔而上行，循序渐进。得到知人者的善用，更是前途广大。</p>\n<p>婚恋：个人条件比较理想，顺利，但勿不切合实际。</p>\n<p>决策：天资聪颖，反应敏捷，头脑灵活，具备随机应变，随时应变和随势应变的能力。因此，前程远大，即使暂时不受重视，无出路也无防，最终可实现抱负。</p>\n<p>第五十卦的哲学含义</p>\n<p>鼎卦卦象，火风鼎卦的象征意义</p>\n<p>鼎卦，这个卦是异卦相叠，下卦为巽，上卦为离。燃木煮食，化生为熟，除旧布新的意思。鼎为重宝大器，三足稳重之象。煮食，喻食物充足，不再有困难和困扰。在此基础上宜变革，发展事业。</p>\n<p>鼎卦位于革卦之后，《序卦》中这样分析道：“革物者莫若鼎，故受之以鼎。”最能变革的事物是鼎。鼎在古代为炊煮之具，使生食变为熟食，没有比此更彻底的变革了，所以接着要谈鼎卦。</p>\n<p>鼎不但是煮食物的器皿，古代也将鼎看作代表君王权威与供养贤士的器皿。鼎上的花纹，有镇邪的作用，有时也将法律条文刻在鼎上，以显示法律的庄严。改朝换代后，新登位的君王的第一件工作就是铸鼎，颁布法律，以象征新朝代的开始，并表示吉祥，朝代改变也称作“革鼎”。《杂卦》中说：“革，去故也；鼎，取新也。”可见先革后鼎，才是真正的去旧更新。</p>\n<p>《象》中这样分析本卦：木上有火，鼎，君子以正位凝命。这里指出：鼎卦的卦象是巽（木）下离（火）上，为木上燃着火之表象，是烹饪的象征，称为鼎；君子应当像鼎那样端正而稳重，以此完成使命。</p>\n<p>鼎卦象征革故鼎新，属于中下卦。《象》曰：莺鹜蛤蜊落沙滩，蛤蜊莺鹜两翅扇。渔人进前双得利，失走行人却自在。</p>",
    "title": "九二爻",
    "content": "<p>九二爻辞</p><p>九二。鼎有实，我仇有疾，不我能即，吉。</p><p>象曰：鼎有实，慎所之也。我仇有疾，终无尤也。</p><p>白话文解释</p><p>九二：鼎中有食物。筮遇此爻，家里有饭吃，仇家有疾病，再没有什么东西困扰我，吉利。</p><p>《象辞》说：家里有饭吃，家境优裕，犹宜重其身家，慎其出处。仇家有疾病，我可以安亨清福，终于没有灾祸。</p><p>北宋易学家邵雍解</p><p>吉：得此爻者，虽有收获，但须防忧。做官的秉公执政，须防小人的谗言之扰。</p><p>台湾国学大儒傅佩荣解</p><p>时运：功名正盛，小心中伤。</p><p>财运：袋中有财，须防盗窃。</p><p>家宅：富家防窃；不宜娶女。</p><p>身体：实热之症。</p><p>九二变卦</p><p>九二爻动变得周易第56卦：火山旅。这个卦是异卦（下艮上离）相叠。此卦与丰卦相反，互为“综卦”。山中燃火，烧而不止，火势不停地向前蔓延，如同途中行人，急于赶路。因而称旅卦。</p><p>九二爻</p><p>的哲学含义</p><p>鼎卦第二爻，爻辞：九二：鼎有实；我仇有疾，不我能即，吉。爻辞释义</p><p>仇：指与自己意志不合的者，相对立者。疾:指妒害之意。即：靠近，接</p><p>本爻辞的意思是：鼎中装满可供济养的食物，容易招来敌对者的嫉妒，却不能把自己怎么样，结果是吉祥的。</p><p>从卦象上看，九二爻以阳爻居于柔位，刚柔相济，上应六五之君，不致失</p><p>《象》曰：“鼎有实”，慎所之也；“我仇有疾”，终无尤也。这里指出：“鼎中盛满可供济养的食物”，应该谨慎行事，不要走错方向；“招来敌对者的嫉妒”，但因无隙可乘，故终将无所怨尤。</p><p>占得此爻者，要当心小人。在你推进事业中，可能取到了一些成绩，但是由此会招来嫉妒。你要持中守正，不能做出违法违纪的事，给人家抓住把柄。注意保持与嫉妒你的人的距离，不要与他们过于亲近，这样他们无机可乘，你才能平安无事。</p><p>九二：鼎有实，我仇有疾，不我能卽，吉。象曰：鼎有实，愼所之也。我仇有疾，终无尤也。</p><p>经文意思是：鼎中有食物，我的敌人有病，不能和我一起分享，吉祥。</p><p>象辞意思是：鼎中有食物，要谨慎地移动它。我的敌人有病，最终没有忧虑。</p>",
    "bgtitle": "火山旅",
    "bgcontent": "这个卦是异卦（下艮上离）相叠。此卦与丰卦相反，互为“综卦”。山中燃火，烧而不止，火势不停地向前蔓延，如同途中行人，急于赶路。因而称旅卦。"
}