{
    "gname": "火风鼎",
    "gcontent": "<p>周易第五十卦详解</p>\n<p>鼎卦原文</p>\n<p>鼎。元吉，亨。</p>\n<p>象曰：木上有火，鼎。君子以正位凝命。</p>\n<p>白话文解释</p>\n<p>鼎卦：大吉大利，亨通。</p>\n<p>《象辞》说：本卦下卦为巽，巽为木；上卦为离，离为火。可见木上有火，以鼎烹物，这是《鼎》卦的卦象。君子观此卦象，取法于鼎足三分，正立不倚，从而持正守位，为君上所倚重，不负使命。</p>\n<p>《断易天机》解</p>\n<p>鼎卦离上巽下，为离宫二世卦。鼎为鼎定、和美之意，多主吉，但对诉讼、求官不利。</p>\n<p>北宋易学家邵雍解</p>\n<p>因败致功，因人成事；万事通达，平步青云。</p>\n<p>得此卦者，时运正佳，能得到朋友的帮助，取得不错的成就。与人合伙共事更佳。</p>\n<p>台湾国学大儒傅佩荣解</p>\n<p>时运：功名日进，贵不可言。</p>\n<p>财运：自然得利，不劳而获。</p>\n<p>家宅：小心火灾；正配内助。</p>\n<p>身体：肝火上冲，顺气以治。</p>\n<p>传统解卦</p>\n<p>这个卦是异卦（下巽上离）相叠。燃木煮食，化生为熟，除旧布新的意思。鼎为重宝大器，三足稳重之象。煮食，喻食物充足，不再有困难和困扰。在此基础上宜变革，发展事业。</p>\n<p>大象：木之上有离火，为燃炊烹饪之象，鼎有去旧立新，改过迁善之意。</p>\n<p>运势：时运仍佳，事业可成，但诸事不宜迟滞，及防有诉讼之累。</p>\n<p>事业：具备开拓事业的各种条件。耳聪目明，头脑冷静，应以端正的态度为人处世，严于律己，慎终如始，刚柔兼备，与有才德的人合作，勿妄进失度，则会无往不利。</p>\n<p>经商：经过一番奋斗，已经可以比较顺利地发展自己的商业活动，遇到困难也能够克服。如果坚持商业道德，参与正常竞争活动，无轻举妄动和邪思，刚中自守，商业可大发展，但若不量入为出，坐吃山空，必败业。</p>\n<p>求名：首先应积功累德，严于律己，不陷入与他人的怨仇之中，柔而上行，循序渐进。得到知人者的善用，更是前途广大。</p>\n<p>婚恋：个人条件比较理想，顺利，但勿不切合实际。</p>\n<p>决策：天资聪颖，反应敏捷，头脑灵活，具备随机应变，随时应变和随势应变的能力。因此，前程远大，即使暂时不受重视，无出路也无防，最终可实现抱负。</p>\n<p>第五十卦的哲学含义</p>\n<p>鼎卦卦象，火风鼎卦的象征意义</p>\n<p>鼎卦，这个卦是异卦相叠，下卦为巽，上卦为离。燃木煮食，化生为熟，除旧布新的意思。鼎为重宝大器，三足稳重之象。煮食，喻食物充足，不再有困难和困扰。在此基础上宜变革，发展事业。</p>\n<p>鼎卦位于革卦之后，《序卦》中这样分析道：“革物者莫若鼎，故受之以鼎。”最能变革的事物是鼎。鼎在古代为炊煮之具，使生食变为熟食，没有比此更彻底的变革了，所以接着要谈鼎卦。</p>\n<p>鼎不但是煮食物的器皿，古代也将鼎看作代表君王权威与供养贤士的器皿。鼎上的花纹，有镇邪的作用，有时也将法律条文刻在鼎上，以显示法律的庄严。改朝换代后，新登位的君王的第一件工作就是铸鼎，颁布法律，以象征新朝代的开始，并表示吉祥，朝代改变也称作“革鼎”。《杂卦》中说：“革，去故也；鼎，取新也。”可见先革后鼎，才是真正的去旧更新。</p>\n<p>《象》中这样分析本卦：木上有火，鼎，君子以正位凝命。这里指出：鼎卦的卦象是巽（木）下离（火）上，为木上燃着火之表象，是烹饪的象征，称为鼎；君子应当像鼎那样端正而稳重，以此完成使命。</p>\n<p>鼎卦象征革故鼎新，属于中下卦。《象》曰：莺鹜蛤蜊落沙滩，蛤蜊莺鹜两翅扇。渔人进前双得利，失走行人却自在。</p>",
    "title": "九三爻",
    "content": "<p>九三爻辞</p><p>九三。鼎耳革，其行塞，雉膏不食。方雨，亏悔，终吉。</p><p>象曰：鼎耳革，失其义也。</p><p>白话文解释</p><p>九三：鼎耳脱落了。筮遇此爻，打猎无所获。野味莫吃光，老天要下雨，不知何日能出猎，坐吃山空，食物将匮乏，节约渡难关，终于得吉利。</p><p>《象辞》说：鼎耳脱落，意在说其人行动失宜。</p><p>北宋易学家邵雍解</p><p>平：得此爻者，先难后易，老者多福，年轻人多不如意。做官的会遇到阻力，但最终的结果会好。</p><p>台湾国学大儒傅佩荣解</p><p>时运：妄意改变，难免有悔。</p><p>财运：目前滞销，须待三年。</p><p>家宅：须防突变；可能悔婚。</p><p>身体：小心失聪。</p><p>九三变卦</p><p>九三爻动变得周易第64卦：火水未济。这个卦是异卦（下坎上离）相叠。离为火，坎为水。火上水下，火势压倒水势，救火大功未成，故称未济。《周易》以乾坤二卦为始，以既济、未济二卦为终，充分反映了变化发展的思想。</p><p>九三爻</p><p>的哲学含义</p><p>鼎卦第三爻，爻辞：九三：鼎耳革，其行塞，雉膏不食；方雨亏悔，终吉。爻辞释义</p><p>鼎耳：鼎腹两边高出部位谓之鼎耳，中空以便于穿进横木杠，搬运鼎身。雉膏：指甘美的山鸡汤。方雨：指下雨的时候。亏悔：指消释悔恨。</p><p>本爻辞的意思是：鼎的耳朵被破坏了，无法被移动，鼎中甘美的山鸡汤也喝不上了。待到阴阳调和，润雨出现才能消释悔恨，最终还可以获得吉祥。</p><p>《象》中这样解释本爻：“鼎耳革”，失其义也。这里指出：“鼎器的耳部被破坏了”，鼎无法移动，也就失去了它虚中纳物的意义。</p><p>从卦象上看，九三居下卦的顶端，虽然属于得正，但是失中，没在这卦的中间位置，这意味着其行动不能坚守中庸之道。本卦的最高领导六五这一爻，属于阴爻居阳位，与九三性格相异，意见等难以协调统一。加上九三与上面的九四逆比，行动受阻。九三如果能改变自己的行为，自思己过，听命于本卦最大的领导六五，那么阴阳调和，终能获得吉祥。</p><p>占得此爻，你是性格争躁、敢说敢做之人，可是你的领导却是做事优柔寡断，你不要为此看不起他，与之发生冲突，否则你会被闲置起来，再有才能也施展不出来。你应该听命于领导，凡事要请示和商量，这样才能最终实现目标。</p><p>九三：鼎耳革，其行塞，雉膏不食，方雨亏悔，终吉。</p><p>象曰：鼎耳革，失其义也。</p><p>经文意思是：鼎耳掉了，移动鼎有困难，里面的山鸡肉也吃不上，刚好有雨，悔恨渐消，最终吉祥。</p><p>象辞意思是：鼎耳掉了，便失去了鼎耳的意义。</p>",
    "bgtitle": "火水未济",
    "bgcontent": "这个卦是异卦（下坎上离）相叠。离为火，坎为水。火上水下，火势压倒水势，救火大功未成，故称未济。《周易》以乾坤二卦为始，以既济、未济二卦为终，充分反映了变化发展的思想。"
}