{
    "gname": "火山旅",
    "gcontent": "<p>周易第五十六卦详解</p>\n<p>旅卦原文</p>\n<p>旅。小亨，旅贞吉。</p>\n<p>象曰：山上有火，旅。君子以明慎用刑，而不留狱。</p>\n<p>白话文解释</p>\n<p>旅卦：稍见亨通。贞卜旅行，吉利。</p>\n<p>《象辞》说：本卦上卦为离，离为火；下卦为艮，艮为山。山上有火，洞照幽隐，这是旅卦的卦象。君子观此卦象，从而明察刑狱，慎重判决，既不敢滥施刑罚，也不敢延宕滞留。</p>\n<p>《断易天机》解</p>\n<p>旅卦离上艮下，为离宫初世卦。旅为做客、旅游之意，先主乐而后悲啼。</p>\n<p>北宋易学家邵雍解</p>\n<p>旅途穷困，飘摇不定；小望可成，宏愿难求。</p>\n<p>得此卦者，事多变动，如在异乡，小事可成，大事难成，宜谨守常规。</p>\n<p>台湾国学大儒傅佩荣解</p>\n<p>时运：谨慎防灾，升用在即。</p>\n<p>财运：出外经营，不可积货。</p>\n<p>家宅：小心火灾；即日成亲。</p>\n<p>身体：肝火过旺，性命交关。</p>\n<p>传统解卦</p>\n<p>这个卦是异卦（下艮上离）相叠。此卦与丰卦相反，互为“综卦”。山中燃火，烧而不止，火势不停地向前蔓延，如同途中行人，急于赶路。因而称旅卦。</p>\n<p>大象：火烧山野，火头遍布，所到之处，无一幸免，火头尤如行旅之人，无所定处。</p>\n<p>运势：诸事变动不定，此时只好坚守信心，多参考他人意见，否则必有凶。</p>\n<p>事业：正处于创业、发展的阶段，各种困难很多。只要能坚持中正的方针，依正道办事，注意调查，处处小心谨慎，并根据情况的变化，采取应变措施，事业可顺利前进。</p>\n<p>经商：市场行情犹如旅途一样，意想不到的情况，会随时发生。因此，首先应采取慎重的原则，不要冒险。但也不应缩手缩脚，尤其不要猜疑。开发市场之前，应进行充分的调查研究。</p>\n<p>求名：根据时代的要求，丰富自己的知识和能力，不断提高自己，并且争取得到他人的相助。</p>\n<p>婚恋：双方的不确定因素较多，如确有感情，可顺其发展，再行确定。婚姻美满。</p>\n<p>决策：人生处于多变状态，一定要眼光远大，树立大志向，不断地充实自己，以诚心实意和谦虚的态度去待人处事，勿计较一时得失，广泛交际朋友。人生旅途十分顺利。</p>\n<p>第五十六卦的哲学含义</p>\n<p>旅卦卦象，火山旅卦的象征意义</p>\n<p>旅卦，这个卦是异卦相叠，下卦为艮，上卦为离。艮为山，离为火。山中燃火，烧而不止，火势不停地向前蔓延，如同途中行人，急于赶路，因而称旅卦。</p>\n<p>旅卦位于丰卦之后，《序卦》之中这样解释道：“穷大者必失其居，故受之以旅。”丰盛到极点而不知收敛，一定会离开居所，所在以丰卦之后，接着谈旅。《杂卦》中说道：“丰，多故也。亲寡，旅也。”丰卦有许多故旧，旅卦则很少有亲友。这两者是正覆关系。</p>\n<p>《象》中这样解释旅卦：山上有火，旅；君子以明慎用刑，而不留狱。这里指出：《旅卦》的卦象是艮（山）下离（火）上，为火势匆匆蔓延之表象，象征行旅之人匆匆赶路；君子观此应谨慎使用刑罚，明断决狱。</p>\n<p>旅卦象征旅行，启示的道理是依义顺时，属于下下卦。《象》中这样来断此卦：飞鸟树上垒窝巢，小人使计举火烧，君占此卦为不吉，一切谋望枉徒劳。</p>",
    "title": "九三爻",
    "content": "<p>九三爻辞</p><p>九三。旅焚其次，丧其童仆，贞厉。</p><p>象曰：旅焚其次，亦以伤矣。以旅与下，其义丧也。</p><p>白话文解释</p><p>九三：旅人来到着火的市场上，新买的男仆乘乱跑掉。卜问得险兆。</p><p>《象辞》说：旅人来到着火的市场，岂不遭受损失。因为旅人带着男仆同往，男仆乘乱跑掉是很自然的。</p><p>北宋易学家邵雍解</p><p>凶：得此爻者，运势转坏，多灾多难。做官的有离职之忧。</p><p>台湾国学大儒傅佩荣解</p><p>时运：运势颠倒，危难不少。</p><p>财运：不必求利，早些防祸。</p><p>家宅：小心防火；难以偕老。</p><p>身体：孩子或童仆难保。</p><p>九三变卦</p><p>九三爻动变得周易第35卦：火地晋。这个卦是异卦（下坤上离）相叠。离为日，为光明；坤为地。太阳高悬，普照大地，大地卑顺，万物生长，光明磊落，柔进上行，喻事业蒸蒸日上。</p><p>九三爻</p><p>的哲学含义</p><p>旅卦第三爻，爻辞：九三：旅焚其次，丧其童仆，贞厉。爻辞释义</p><p>本爻辞的意思是：旅途中所住的客店失火，童仆跑掉了，失去正道，会出现危险。</p><p>从卦象上看，九三爻属于阳爻，居于刚位，又处于下卦艮的顶端，艮代表山，九三位于山巅，有自高自大、过刚而不能行中道之象。九三上与九四逆比，不顺于上，得罪主人，遭到当地主人的驱赶。其刚愎自用，上行受阻，又迁怒于下属，所以童仆跑掉了。九三违背了谦逊柔顺原则，遭此困阻，十分凶险。</p><p>《象》曰：“旅焚其次”，亦以伤矣；以旅与下，其义丧也。这里指出：“旅途中所住客店失火”，已经受到损伤；把童仆视为路人，童仆舍其而去，是必然的，合乎道理的。</p><p>占得此爻者，如果外出，一定要记住谦恭待人，不要自高自大，瞧不起当地人，不要与其他人发生争执，否则会自招灾祸。出现问题之后，要多找自己的毛病，不要对下属横加指责，认为都是他们的责任，这亲一来会失去下属的支持。</p><p>越是在一团乱的环境之中，越要保持冷静，守持中道。在不安定的环境之中，如果再失去安定的心境，将会倍感艰苦，难以安身。</p><p>九三：旅焚其次，丧其童仆贞，厉。</p><p>象曰：旅焚其次，亦以伤矣。以旅与下，其义丧也。</p>",
    "bgtitle": "火地晋",
    "bgcontent": "这个卦是异卦（下坤上离）相叠。离为日，为光明；坤为地。太阳高悬，普照大地，大地卑顺，万物生长，光明磊落，柔进上行，喻事业蒸蒸日上。"
}