{
    "gname": "火山旅",
    "gcontent": "<p>周易第五十六卦详解</p>\n<p>旅卦原文</p>\n<p>旅。小亨，旅贞吉。</p>\n<p>象曰：山上有火，旅。君子以明慎用刑，而不留狱。</p>\n<p>白话文解释</p>\n<p>旅卦：稍见亨通。贞卜旅行，吉利。</p>\n<p>《象辞》说：本卦上卦为离，离为火；下卦为艮，艮为山。山上有火，洞照幽隐，这是旅卦的卦象。君子观此卦象，从而明察刑狱，慎重判决，既不敢滥施刑罚，也不敢延宕滞留。</p>\n<p>《断易天机》解</p>\n<p>旅卦离上艮下，为离宫初世卦。旅为做客、旅游之意，先主乐而后悲啼。</p>\n<p>北宋易学家邵雍解</p>\n<p>旅途穷困，飘摇不定；小望可成，宏愿难求。</p>\n<p>得此卦者，事多变动，如在异乡，小事可成，大事难成，宜谨守常规。</p>\n<p>台湾国学大儒傅佩荣解</p>\n<p>时运：谨慎防灾，升用在即。</p>\n<p>财运：出外经营，不可积货。</p>\n<p>家宅：小心火灾；即日成亲。</p>\n<p>身体：肝火过旺，性命交关。</p>\n<p>传统解卦</p>\n<p>这个卦是异卦（下艮上离）相叠。此卦与丰卦相反，互为“综卦”。山中燃火，烧而不止，火势不停地向前蔓延，如同途中行人，急于赶路。因而称旅卦。</p>\n<p>大象：火烧山野，火头遍布，所到之处，无一幸免，火头尤如行旅之人，无所定处。</p>\n<p>运势：诸事变动不定，此时只好坚守信心，多参考他人意见，否则必有凶。</p>\n<p>事业：正处于创业、发展的阶段，各种困难很多。只要能坚持中正的方针，依正道办事，注意调查，处处小心谨慎，并根据情况的变化，采取应变措施，事业可顺利前进。</p>\n<p>经商：市场行情犹如旅途一样，意想不到的情况，会随时发生。因此，首先应采取慎重的原则，不要冒险。但也不应缩手缩脚，尤其不要猜疑。开发市场之前，应进行充分的调查研究。</p>\n<p>求名：根据时代的要求，丰富自己的知识和能力，不断提高自己，并且争取得到他人的相助。</p>\n<p>婚恋：双方的不确定因素较多，如确有感情，可顺其发展，再行确定。婚姻美满。</p>\n<p>决策：人生处于多变状态，一定要眼光远大，树立大志向，不断地充实自己，以诚心实意和谦虚的态度去待人处事，勿计较一时得失，广泛交际朋友。人生旅途十分顺利。</p>\n<p>第五十六卦的哲学含义</p>\n<p>旅卦卦象，火山旅卦的象征意义</p>\n<p>旅卦，这个卦是异卦相叠，下卦为艮，上卦为离。艮为山，离为火。山中燃火，烧而不止，火势不停地向前蔓延，如同途中行人，急于赶路，因而称旅卦。</p>\n<p>旅卦位于丰卦之后，《序卦》之中这样解释道：“穷大者必失其居，故受之以旅。”丰盛到极点而不知收敛，一定会离开居所，所在以丰卦之后，接着谈旅。《杂卦》中说道：“丰，多故也。亲寡，旅也。”丰卦有许多故旧，旅卦则很少有亲友。这两者是正覆关系。</p>\n<p>《象》中这样解释旅卦：山上有火，旅；君子以明慎用刑，而不留狱。这里指出：《旅卦》的卦象是艮（山）下离（火）上，为火势匆匆蔓延之表象，象征行旅之人匆匆赶路；君子观此应谨慎使用刑罚，明断决狱。</p>\n<p>旅卦象征旅行，启示的道理是依义顺时，属于下下卦。《象》中这样来断此卦：飞鸟树上垒窝巢，小人使计举火烧，君占此卦为不吉，一切谋望枉徒劳。</p>",
    "title": "九二爻",
    "content": "<p>六二爻辞</p><p>六二。旅即次，怀其资，得童仆，贞。</p><p>象曰：得童仆贞，终无尤也。</p><p>白话文解释</p><p>六二：旅人来到市场，带着钱财，买来一男仆，卜问得吉兆。</p><p>《象辞》说：买一男仆，卜问得吉兆，看来这笔买卖没有问题。</p><p>北宋易学家邵雍解</p><p>吉：得此爻者，运气转好，营谋有成。做官的显耀。</p><p>台湾国学大儒傅佩荣解</p><p>时运：运势中正，名利皆得。</p><p>财运：生财有道，做客无忧。</p><p>家宅：寄居亦福；富室赘婿。</p><p>身体：旅途有恙，受人照料。</p><p>六二变卦</p><p>六二爻动变得周易第50卦：火风鼎。这个卦是异卦（下巽上离）相叠。燃木煮食，化生为熟，除旧布新的意思。鼎为重宝大器，三足稳重之象。煮食，喻食物充足，不再有困难和困扰。在此基础上宜变革，发展事业。</p><p>初九爻的哲学含义</p><p>旅卦第二爻，爻辞：六二：旅即次，怀其资，得童仆，贞。爻辞释义</p><p>艮口：为“就”。次：为“客舍”。《左传》中说道：“凡师，一宿为舍，再宿为信，过信为次。”这原本是说军队的行止，后来引申用于客旅。</p><p>本爻辞的意思是：旅客住在旅舍，携带钱财，有童仆照顾，能坚守正道。</p><p>从卦象上看，六二以阴爻居于柔位，居中得正。</p><p>《象》中这样分析本爻：“得童仆，贞”，终无尤也。这里指出：“有童仆照顾，能坚守正道”，故不会有过失。</p><p>占得本爻者，在旅行中非常顺利，怀中带着充足的钱财，但这次旅行并不用</p><p>你自己花上多少钱。到了旅馆，有吃有喝，还有童仆的照顾。在这个时候，你要</p><p>注意坚守正道，因为恐怕好景不长。</p><p>六二：旅卽次，怀其资，得重仆贞。</p><p>象曰：得童仆贞，终无尤也。</p>",
    "bgtitle": "火风鼎",
    "bgcontent": "这个卦是异卦（下巽上离）相叠。燃木煮食，化生为熟，除旧布新的意思。鼎为重宝大器，三足稳重之象。煮食，喻食物充足，不再有困难和困扰。在此基础上宜变革，发展事业。"
}