{
    "gname": "火山旅",
    "gcontent": "<p>周易第五十六卦详解</p>\n<p>旅卦原文</p>\n<p>旅。小亨，旅贞吉。</p>\n<p>象曰：山上有火，旅。君子以明慎用刑，而不留狱。</p>\n<p>白话文解释</p>\n<p>旅卦：稍见亨通。贞卜旅行，吉利。</p>\n<p>《象辞》说：本卦上卦为离，离为火；下卦为艮，艮为山。山上有火，洞照幽隐，这是旅卦的卦象。君子观此卦象，从而明察刑狱，慎重判决，既不敢滥施刑罚，也不敢延宕滞留。</p>\n<p>《断易天机》解</p>\n<p>旅卦离上艮下，为离宫初世卦。旅为做客、旅游之意，先主乐而后悲啼。</p>\n<p>北宋易学家邵雍解</p>\n<p>旅途穷困，飘摇不定；小望可成，宏愿难求。</p>\n<p>得此卦者，事多变动，如在异乡，小事可成，大事难成，宜谨守常规。</p>\n<p>台湾国学大儒傅佩荣解</p>\n<p>时运：谨慎防灾，升用在即。</p>\n<p>财运：出外经营，不可积货。</p>\n<p>家宅：小心火灾；即日成亲。</p>\n<p>身体：肝火过旺，性命交关。</p>\n<p>传统解卦</p>\n<p>这个卦是异卦（下艮上离）相叠。此卦与丰卦相反，互为“综卦”。山中燃火，烧而不止，火势不停地向前蔓延，如同途中行人，急于赶路。因而称旅卦。</p>\n<p>大象：火烧山野，火头遍布，所到之处，无一幸免，火头尤如行旅之人，无所定处。</p>\n<p>运势：诸事变动不定，此时只好坚守信心，多参考他人意见，否则必有凶。</p>\n<p>事业：正处于创业、发展的阶段，各种困难很多。只要能坚持中正的方针，依正道办事，注意调查，处处小心谨慎，并根据情况的变化，采取应变措施，事业可顺利前进。</p>\n<p>经商：市场行情犹如旅途一样，意想不到的情况，会随时发生。因此，首先应采取慎重的原则，不要冒险。但也不应缩手缩脚，尤其不要猜疑。开发市场之前，应进行充分的调查研究。</p>\n<p>求名：根据时代的要求，丰富自己的知识和能力，不断提高自己，并且争取得到他人的相助。</p>\n<p>婚恋：双方的不确定因素较多，如确有感情，可顺其发展，再行确定。婚姻美满。</p>\n<p>决策：人生处于多变状态，一定要眼光远大，树立大志向，不断地充实自己，以诚心实意和谦虚的态度去待人处事，勿计较一时得失，广泛交际朋友。人生旅途十分顺利。</p>\n<p>第五十六卦的哲学含义</p>\n<p>旅卦卦象，火山旅卦的象征意义</p>\n<p>旅卦，这个卦是异卦相叠，下卦为艮，上卦为离。艮为山，离为火。山中燃火，烧而不止，火势不停地向前蔓延，如同途中行人，急于赶路，因而称旅卦。</p>\n<p>旅卦位于丰卦之后，《序卦》之中这样解释道：“穷大者必失其居，故受之以旅。”丰盛到极点而不知收敛，一定会离开居所，所在以丰卦之后，接着谈旅。《杂卦》中说道：“丰，多故也。亲寡，旅也。”丰卦有许多故旧，旅卦则很少有亲友。这两者是正覆关系。</p>\n<p>《象》中这样解释旅卦：山上有火，旅；君子以明慎用刑，而不留狱。这里指出：《旅卦》的卦象是艮（山）下离（火）上，为火势匆匆蔓延之表象，象征行旅之人匆匆赶路；君子观此应谨慎使用刑罚，明断决狱。</p>\n<p>旅卦象征旅行，启示的道理是依义顺时，属于下下卦。《象》中这样来断此卦：飞鸟树上垒窝巢，小人使计举火烧，君占此卦为不吉，一切谋望枉徒劳。</p>",
    "title": "九四爻",
    "content": "<p>九四爻辞</p><p>九四。旅于处，得其资斧，我心不快。</p><p>象曰：旅于处，未得位也。得其资斧，心未快也。</p><p>白话文解释</p><p>九四：旅人回到客居之处，因为赚了不少钱，心中不踏实。</p><p>《象辞》说：旅人回到客居之处，这不是恰当的住处。赚了不少钱，恐怕抢劫，自然心中不踏实。</p><p>北宋易学家邵雍解</p><p>凶：得此爻者，在外者会有所成就，但美中不足，有忧惨是非之事发生。从商者会获利。</p><p>台湾国学大儒傅佩荣解</p><p>时运：一时有困，来年再说。</p><p>财运：获利有限，心中不平。</p><p>家宅：地位不适；不是正室。</p><p>身体：忧郁不欢。</p><p>九四变卦</p><p>九四爻动变得周易第52卦：艮为山。这个卦是同卦（下艮上艮）相叠。艮为山，二山相重，喻静止。它和震卦相反。高潮过后，必然出现低潮，进入事物的相对静止阶段。静止如山，宜止则止，宜行则行。行止即动和静，都不可失机，应恰到好处，动静得宜，适可而止。</p><p>九四爻</p><p>的哲学含义</p><p>旅卦第四爻，爻辞：九四：旅于处，得其资斧，我心不快。爻辞释义</p><p>处：指处所。资：指资财。斧：指利斧。</p><p>本爻辞的意思是：长期居于异乡，尽管得到了钱财之助，利斧之防，但心情仍然不愉快。</p><p>从卦象上看，九四是阳爻居于柔位，失位。九四在互巽（六二九三九四）</p><p>里，巽代表着赢利，在此指可以得到旅资，又在上卦离里，离为兵戈武器，可以得斧，故为“得其资斧”。程颐指出：资斧，就是“货财之资，器用之利”。这里指九四凭借自己的知识和能力，挣得了钱财，也能安身。但是，九四失位，又不得正，始终觉得自己只是宾客不是主人，大志未遂，故而心中常有不快。</p><p>《象》中这样解释本爻：“旅于处”，未得位也；“得其资斧”，心未快也。这里指出：“长期居于异乡”，只是属于宾客而不是主人。“尽管得到了钱财之助，利斧之防”，但仍然客居他乡，故此时心中仍不畅快。</p><p>占得此爻者，你长期漂泊在外，虽然经过一番奋斗，已经解决了居住和谋生的问题，也赚了一些钱，但是心里却有漂泊之感，为此难以快乐。所以要注意调整好自己的情绪，既来则安吧。</p><p>九四：旅于处，得其资斧，我心不快。</p><p>象曰：旅于处，未得位也。得其资斧，心未快也。</p>",
    "bgtitle": "艮为山",
    "bgcontent": ""
}