{
    "gname": "火地晋",
    "gcontent": "<p>周易第三十五卦详解</p>\n<p>晋卦原文</p>\n<p>晋。康侯用锡马蕃庶，昼日三接。</p>\n<p>象曰：明出地上，晋。君子以自昭明德。</p>\n<p>白话文解释</p>\n<p>晋卦：康侯用成王赐予的良马来繁殖马匹，一天多次配种。</p>\n<p>《象辞》说：“本卦上卦为离，离为日；下卦为坤，坤为地。太阳照大地，万物沐光辉”，是晋卦的卦象。君子观此卦象，从而光大自身的光明之德。</p>\n<p>《断易天机》解</p>\n<p>晋卦离上坤下，为乾宫游魂卦。晋取前进、晋见、晋升之意，上离下坤，为太阳普照大地，万物和顺之象，多主吉。</p>\n<p>北宋易学家邵雍解</p>\n<p>日出地上，万物进展；赏赐隆重，百谋皆遂。</p>\n<p>得此卦者，如旭日东升，气运旺盛，收入颇丰，谋事可成，百事如意。</p>\n<p>台湾国学大儒傅佩荣解</p>\n<p>时运：好运新来，步步高升。</p>\n<p>财运：光亮之业，最有利润。</p>\n<p>家宅：阳光之屋。</p>\n<p>身体：自知之明。</p>\n<p>传统解卦</p>\n<p>这个卦是异卦（下坤上离）相叠。离为日，为光明；坤为地。太阳高悬，普照大地，大地卑顺，万物生长，光明磊落，柔进上行，喻事业蒸蒸日上。</p>\n<p>大象：日出地面，普照大地，有光明上进之象。</p>\n<p>运势：事业、名望、财运皆吉，所谓有加官晋爵之兆。</p>\n<p>事业：顺利。应遵守正道，迎难而上，克敌制胜，因势利导。树立良好的人际关系，深得人心。全力以赴，不得有丝毫犹豫不决，更忌优柔寡断，而应败不馁，勇往直前。注意和衷共济，共同前进。</p>\n<p>经商：行情好，市场竞争顺利。但也会遇到一些困难，要迎难而上，因势利导，克敌制胜，争取众人支持。前进中的挫折不可免，只要动机纯正，必可转危为安。</p>\n<p>求名：经过刻苦努力与奋斗，已具备开拓事业的基础，却因无人引荐，暂时不得志，决不可因此自暴自弃，须耐心等待时机。同时，更加积极地创造条件。</p>\n<p>婚恋：吉星高照。会有理想的结果，但决不可自恃条件优越而抱无所谓的态度或过于挑剔。</p>\n<p>决策：处于不断上升的形势，不会有过大的阻力。但务必争取众人信任，获取人心，再接再厉，只要动机纯正，克服侥幸心理，必有喜从天降。</p>\n<p>第三十五卦的哲学含义</p>\n<p>晋卦卦象，火地晋卦的象征意义</p>\n<p>晋卦，本卦是异卦相叠，上卦为离，下卦为坤。离为日，为光明；坤为地。阳高悬，普照大地，大地卑顺，万物生长，光明磊落，柔进上行，喻事业蒸蒸日上。</p>\n<p>晋卦位于大壮卦之后，《序卦》说：“物不可以终壮，故受之以晋。晋者，进也。”大壮卦有“止”意，现在则到了进展的时刻。《杂卦》说：“晋，昼也。”其象为“明出地上”，有如白日，适宜活动。</p>\n<p>《象》中这样分析本卦：明出地上，晋；君子以自昭明德。这里指出：阳光从地面上升起，象征着前进和昌盛，也象征着发出自己的光和热。所以，君子应该充分显示自己的才华和美德，发挥自己的作用。晋卦给人的启示就是：求进发晋卦属于中上卦。《象》中这样评断此卦：锄地锄去苗里草，谁想财帛将人找，一锄锄出银子来，这个运气也算好。</p>\n<p>此卦卦名为晋。《说文》中说：“晋，进也。日出，万物进。”也就是说万物随着太阳一起前进、生长的意思。俗话说“万物生长靠太阳”，说的就是这个意思。太阳出来了，植物开始向上生长，越来越高。如果将太阳比作为君王，则是众人受到君王的恩泽而有所作为的意思,当然君王对臣民最大的恩泽也就是加官进爵了,所以“晋”也有升官的含义。《序卦传》中说：“物不可以终壮，故受之以晋。晋者，进也。”就是说事物不可能总是停留在强壮的状态中，强壮后必有所前进、发展，所以大壮卦的后面是晋卦。</p>\n<p>晋卦卦画：晋卦的卦画为两个阳交四个阴爻。</p>\n<p>晋卦卦象：从卦象上进行分析，晋卦上卦为离为日为光明，下卦为坤为地为柔顺，所以太阳从东方的大地上升起来就是晋卦的卦象。旭日东升，正是晋升的大形象，这是每天人们都能看到的。而贤明的君王会对有功的臣民进行奖赏，所以臣民的加官进爵也是晋升的形象。</p>",
    "title": "九三爻",
    "content": "<p>六三爻辞</p><p>六三。众允，悔亡。</p><p>象曰：众允之，志上行也。</p><p>白话文解释</p><p>六三：万众一心，全力进攻，无所悔恨。</p><p>《象辞》说：众人信任，其志向就会实现。</p><p>北宋易学家邵雍解</p><p>平：得此爻者，得朋友之助，营谋遂意，但谨防意外之险。做官的有升迁之机。</p><p>台湾国学大儒傅佩荣解</p><p>时运：众人悦服，自无懊恼。</p><p>财运：双方和睦，买卖皆利。</p><p>家宅：气氛和谐；两性融洽。</p><p>身体：团体运动；讼事调解。</p><p>六三变卦</p><p>六三爻动变得周易第56卦：火山旅。这个卦是异卦（下艮上离）相叠。此卦与丰卦相反，互为“综卦”。山中燃火，烧而不止，火势不停地向前蔓延，如同途中行人，急于赶路。因而称旅卦。</p><p>九三爻</p><p>的哲学含义</p><p>晋卦第三爻，爻辞：六三：众允，悔亡。爻辞释义</p><p>众：指民众。允：指公允，应允，认可，相信。</p><p>本爻辞的意思是：所作所为已经得到了众人的认可，悔恨将会消失。</p><p>从卦象上看，六三这一爻属于阴爻居于阳位，失位，应该是有悔才对。可是六三居于下卦坤的顶端，自身具有谦顺之德，而且下面两爻也是阴爻，这代表其有群众基础，得到了民众的信任，所以悔恨消失。这一卦强调了若想晋升或发展，必须要有群众基础，要深得人心。这样才能得到上位者的信任和重用。</p><p>《象》中这样解释本爻：“众允”之志，上行也。这里指出：“得到众人认可”的志向，是要努力向前奋斗。</p><p>占得此爻者，要将重点放到得到下级或周围的人的认可和信任上，而不是一味地去讨上级的欢心。因为一旦你得到众人的信任，便可以继续朝着既定的目标努力，获得支持的行动将更容易激发你的勇气和信心，而这也能得到上级或领导的赏识，从而达成所愿。</p><p>六三：众允悔亡。</p><p>象曰：众允之，志上行也。经文意思是：借着众人之势向上升，没有悔恨。象舌羊意思是：受到众人的信任，是因为他的志向是上进的。</p><p>六三爻下面的两个阴众，又应上九，悔恨消失。交都有上升之势，所以六三也可以借助下面的力量往上升。并且六三与九四阴阳相合，与上九相应，所以，他的上升会很顺利。打个比方来说，六三就相当于现在某单位的一位主任，底下的人都想升官，可是六三由于其上边有人，上边的领导很看重他，所以当下面的人员得到了他的职位后，他便自然而然地被提拔到更高的领导岗位上。这种水到渠成的晋升，怎么会有悔恨呢？</p>",
    "bgtitle": "火山旅",
    "bgcontent": "这个卦是异卦（下艮上离）相叠。此卦与丰卦相反，互为“综卦”。山中燃火，烧而不止，火势不停地向前蔓延，如同途中行人，急于赶路。因而称旅卦。"
}