{
    "gname": "火地晋",
    "gcontent": "<p>周易第三十五卦详解</p>\n<p>晋卦原文</p>\n<p>晋。康侯用锡马蕃庶，昼日三接。</p>\n<p>象曰：明出地上，晋。君子以自昭明德。</p>\n<p>白话文解释</p>\n<p>晋卦：康侯用成王赐予的良马来繁殖马匹，一天多次配种。</p>\n<p>《象辞》说：“本卦上卦为离，离为日；下卦为坤，坤为地。太阳照大地，万物沐光辉”，是晋卦的卦象。君子观此卦象，从而光大自身的光明之德。</p>\n<p>《断易天机》解</p>\n<p>晋卦离上坤下，为乾宫游魂卦。晋取前进、晋见、晋升之意，上离下坤，为太阳普照大地，万物和顺之象，多主吉。</p>\n<p>北宋易学家邵雍解</p>\n<p>日出地上，万物进展；赏赐隆重，百谋皆遂。</p>\n<p>得此卦者，如旭日东升，气运旺盛，收入颇丰，谋事可成，百事如意。</p>\n<p>台湾国学大儒傅佩荣解</p>\n<p>时运：好运新来，步步高升。</p>\n<p>财运：光亮之业，最有利润。</p>\n<p>家宅：阳光之屋。</p>\n<p>身体：自知之明。</p>\n<p>传统解卦</p>\n<p>这个卦是异卦（下坤上离）相叠。离为日，为光明；坤为地。太阳高悬，普照大地，大地卑顺，万物生长，光明磊落，柔进上行，喻事业蒸蒸日上。</p>\n<p>大象：日出地面，普照大地，有光明上进之象。</p>\n<p>运势：事业、名望、财运皆吉，所谓有加官晋爵之兆。</p>\n<p>事业：顺利。应遵守正道，迎难而上，克敌制胜，因势利导。树立良好的人际关系，深得人心。全力以赴，不得有丝毫犹豫不决，更忌优柔寡断，而应败不馁，勇往直前。注意和衷共济，共同前进。</p>\n<p>经商：行情好，市场竞争顺利。但也会遇到一些困难，要迎难而上，因势利导，克敌制胜，争取众人支持。前进中的挫折不可免，只要动机纯正，必可转危为安。</p>\n<p>求名：经过刻苦努力与奋斗，已具备开拓事业的基础，却因无人引荐，暂时不得志，决不可因此自暴自弃，须耐心等待时机。同时，更加积极地创造条件。</p>\n<p>婚恋：吉星高照。会有理想的结果，但决不可自恃条件优越而抱无所谓的态度或过于挑剔。</p>\n<p>决策：处于不断上升的形势，不会有过大的阻力。但务必争取众人信任，获取人心，再接再厉，只要动机纯正，克服侥幸心理，必有喜从天降。</p>\n<p>第三十五卦的哲学含义</p>\n<p>晋卦卦象，火地晋卦的象征意义</p>\n<p>晋卦，本卦是异卦相叠，上卦为离，下卦为坤。离为日，为光明；坤为地。阳高悬，普照大地，大地卑顺，万物生长，光明磊落，柔进上行，喻事业蒸蒸日上。</p>\n<p>晋卦位于大壮卦之后，《序卦》说：“物不可以终壮，故受之以晋。晋者，进也。”大壮卦有“止”意，现在则到了进展的时刻。《杂卦》说：“晋，昼也。”其象为“明出地上”，有如白日，适宜活动。</p>\n<p>《象》中这样分析本卦：明出地上，晋；君子以自昭明德。这里指出：阳光从地面上升起，象征着前进和昌盛，也象征着发出自己的光和热。所以，君子应该充分显示自己的才华和美德，发挥自己的作用。晋卦给人的启示就是：求进发晋卦属于中上卦。《象》中这样评断此卦：锄地锄去苗里草，谁想财帛将人找，一锄锄出银子来，这个运气也算好。</p>\n<p>此卦卦名为晋。《说文》中说：“晋，进也。日出，万物进。”也就是说万物随着太阳一起前进、生长的意思。俗话说“万物生长靠太阳”，说的就是这个意思。太阳出来了，植物开始向上生长，越来越高。如果将太阳比作为君王，则是众人受到君王的恩泽而有所作为的意思,当然君王对臣民最大的恩泽也就是加官进爵了,所以“晋”也有升官的含义。《序卦传》中说：“物不可以终壮，故受之以晋。晋者，进也。”就是说事物不可能总是停留在强壮的状态中，强壮后必有所前进、发展，所以大壮卦的后面是晋卦。</p>\n<p>晋卦卦画：晋卦的卦画为两个阳交四个阴爻。</p>\n<p>晋卦卦象：从卦象上进行分析，晋卦上卦为离为日为光明，下卦为坤为地为柔顺，所以太阳从东方的大地上升起来就是晋卦的卦象。旭日东升，正是晋升的大形象，这是每天人们都能看到的。而贤明的君王会对有功的臣民进行奖赏，所以臣民的加官进爵也是晋升的形象。</p>",
    "title": "九四爻",
    "content": "<p>九四爻辞</p><p>九四。晋如鼫鼠，贞厉。</p><p>象曰：鼫鼠贞厉，位不当也。</p><p>白话文解释</p><p>九四：攻击敌人而胆小如鼠，卜问得凶兆。</p><p>《象辞》说：攻击敌人而胆小如鼠，卜问得凶兆，因为九四阳爻而居阴位，像人处于不利的地位。</p><p>北宋易学家邵雍解</p><p>凶：得此爻者，时运不佳，或有争诉。做官的不宜进取，有阻力，须守正。</p><p>台湾国学大儒傅佩荣解</p><p>时运：守正为宜，耍诈必凶。</p><p>财运：贪财必败，见好就收。</p><p>家宅：耗失过多；婚姻不正。</p><p>身体：疥疮或呕血，皆危。</p><p>九四变卦</p><p>九四爻动变得周易第23卦：山地剥。这个卦是异卦（下坤上艮）相叠。五阴在下，一阳在上，阴盛而阳孤；高山附于地。二者都是剥落象，故为“剥卦”。此卦阴盛阳衰，喻小人得势，君子困顿，事业败坏。</p><p>九四爻</p><p>的哲学含义</p><p>晋卦第四爻，爻辞：九四：晋如鼫鼠，贞厉。爻辞释义</p><p>鼫鼠：鼫鼠也是梧鼠，《说文》称之为“鼫鼠”，因为它“能飞不能过屋，能缘不能穷木，能游不能渡谷，能穴不能掩身，能走不能先人。”这种“五技而穷”的情况，用以描写贪而无所成。</p><p>本爻辞的意思是：想晋升，却像鼦鼠那样中，既贪焚又没有一技之长，这样即使能够严守自己的本分，也免不了灾祸。</p><p>九四爻属于阴爻居刚位，不得位。底下还有三个阴爻在逼近，无处可进，陷入困难之中。《象》中这样分析道：“鼦鼠贞厉”，位不当也。这里指出，之所以“像鼫鼠那样，即使能够严守自己的本分，也免不了灾祸”，是因为它所在的位置不对。</p><p>占得此爻者，你目前的处境有些不妙，无路可走。你总是提防着什么，就像是一只老鼠那样缩头缩脑。此时，若是想要有所成就，就不要像鼫鼠那样贪多却一事无成，可以把一项技能学精，使之成为自己的专长，这样才对自己的发展有</p><p>利。</p><p>占得此爻者，你可能得到了晋升或发展，但是由于方法不正当，结果事情很严重，必须要经过艰苦的磨炼，才能免除危险。</p><p>九四：晋如鼫鼠，贞厉。</p><p>象曰鼠贞厉，位不当也。</p><p>经文意思是：像鼫鼠一样晋升，守正道也会有危险。</p><p>象辞意思是：鼫鼠守正道也会有危险，是因为所处的位置不当六五被众阴所包围，又身陷上互卦坎中，并且又是下互卦的最上爻，并且刚爻居于偶位为不得位，所以九四是处于险境中却不能自拔。爻辞中以“鼫鼠”来比喻九四爻，说他是会飞却飞不了多远,会攀援却爬不到树上去，会游泳却游不到河的对岸，只能在小水坑里游来游去；会打洞可是却打不出一个可以藏身的洞穴，几条腿紧忙活，却跑了半天还没有人一步的距离远。这种样样都懂但没有专长的人士，社会上比较普遍，而其一生的命运也就因此而像“鼫鼠”一样了，这种人即使守正道，也不会逃脱危险的。</p>",
    "bgtitle": "山地剥",
    "bgcontent": "这个卦是异卦（下坤上艮）相叠。五阴在下，一阳在上，阴盛而阳孤；高山附于地。二者都是剥落象，故为“剥卦”。此卦阴盛阳衰，喻小人得势，君子困顿，事业败坏。"
}