{
    "gname": "火地晋",
    "gcontent": "<p>周易第三十五卦详解</p>\n<p>晋卦原文</p>\n<p>晋。康侯用锡马蕃庶，昼日三接。</p>\n<p>象曰：明出地上，晋。君子以自昭明德。</p>\n<p>白话文解释</p>\n<p>晋卦：康侯用成王赐予的良马来繁殖马匹，一天多次配种。</p>\n<p>《象辞》说：“本卦上卦为离，离为日；下卦为坤，坤为地。太阳照大地，万物沐光辉”，是晋卦的卦象。君子观此卦象，从而光大自身的光明之德。</p>\n<p>《断易天机》解</p>\n<p>晋卦离上坤下，为乾宫游魂卦。晋取前进、晋见、晋升之意，上离下坤，为太阳普照大地，万物和顺之象，多主吉。</p>\n<p>北宋易学家邵雍解</p>\n<p>日出地上，万物进展；赏赐隆重，百谋皆遂。</p>\n<p>得此卦者，如旭日东升，气运旺盛，收入颇丰，谋事可成，百事如意。</p>\n<p>台湾国学大儒傅佩荣解</p>\n<p>时运：好运新来，步步高升。</p>\n<p>财运：光亮之业，最有利润。</p>\n<p>家宅：阳光之屋。</p>\n<p>身体：自知之明。</p>\n<p>传统解卦</p>\n<p>这个卦是异卦（下坤上离）相叠。离为日，为光明；坤为地。太阳高悬，普照大地，大地卑顺，万物生长，光明磊落，柔进上行，喻事业蒸蒸日上。</p>\n<p>大象：日出地面，普照大地，有光明上进之象。</p>\n<p>运势：事业、名望、财运皆吉，所谓有加官晋爵之兆。</p>\n<p>事业：顺利。应遵守正道，迎难而上，克敌制胜，因势利导。树立良好的人际关系，深得人心。全力以赴，不得有丝毫犹豫不决，更忌优柔寡断，而应败不馁，勇往直前。注意和衷共济，共同前进。</p>\n<p>经商：行情好，市场竞争顺利。但也会遇到一些困难，要迎难而上，因势利导，克敌制胜，争取众人支持。前进中的挫折不可免，只要动机纯正，必可转危为安。</p>\n<p>求名：经过刻苦努力与奋斗，已具备开拓事业的基础，却因无人引荐，暂时不得志，决不可因此自暴自弃，须耐心等待时机。同时，更加积极地创造条件。</p>\n<p>婚恋：吉星高照。会有理想的结果，但决不可自恃条件优越而抱无所谓的态度或过于挑剔。</p>\n<p>决策：处于不断上升的形势，不会有过大的阻力。但务必争取众人信任，获取人心，再接再厉，只要动机纯正，克服侥幸心理，必有喜从天降。</p>\n<p>第三十五卦的哲学含义</p>\n<p>晋卦卦象，火地晋卦的象征意义</p>\n<p>晋卦，本卦是异卦相叠，上卦为离，下卦为坤。离为日，为光明；坤为地。阳高悬，普照大地，大地卑顺，万物生长，光明磊落，柔进上行，喻事业蒸蒸日上。</p>\n<p>晋卦位于大壮卦之后，《序卦》说：“物不可以终壮，故受之以晋。晋者，进也。”大壮卦有“止”意，现在则到了进展的时刻。《杂卦》说：“晋，昼也。”其象为“明出地上”，有如白日，适宜活动。</p>\n<p>《象》中这样分析本卦：明出地上，晋；君子以自昭明德。这里指出：阳光从地面上升起，象征着前进和昌盛，也象征着发出自己的光和热。所以，君子应该充分显示自己的才华和美德，发挥自己的作用。晋卦给人的启示就是：求进发晋卦属于中上卦。《象》中这样评断此卦：锄地锄去苗里草，谁想财帛将人找，一锄锄出银子来，这个运气也算好。</p>\n<p>此卦卦名为晋。《说文》中说：“晋，进也。日出，万物进。”也就是说万物随着太阳一起前进、生长的意思。俗话说“万物生长靠太阳”，说的就是这个意思。太阳出来了，植物开始向上生长，越来越高。如果将太阳比作为君王，则是众人受到君王的恩泽而有所作为的意思,当然君王对臣民最大的恩泽也就是加官进爵了,所以“晋”也有升官的含义。《序卦传》中说：“物不可以终壮，故受之以晋。晋者，进也。”就是说事物不可能总是停留在强壮的状态中，强壮后必有所前进、发展，所以大壮卦的后面是晋卦。</p>\n<p>晋卦卦画：晋卦的卦画为两个阳交四个阴爻。</p>\n<p>晋卦卦象：从卦象上进行分析，晋卦上卦为离为日为光明，下卦为坤为地为柔顺，所以太阳从东方的大地上升起来就是晋卦的卦象。旭日东升，正是晋升的大形象，这是每天人们都能看到的。而贤明的君王会对有功的臣民进行奖赏，所以臣民的加官进爵也是晋升的形象。</p>",
    "title": "九二爻",
    "content": "<p>六二爻辞</p><p>六二。晋如，愁如，贞吉。受兹介福，于其王母。</p><p>象曰：受之介福，以中正也。</p><p>白话文解释</p><p>六二：攻击敌人，压倒敌人，卜问得吉兆。因为得到了先祖母的庇佑获得大福。</p><p>《象辞》说：之所以受此大福，因为六二之爻居下卦中位，像人得中正之道。</p><p>北宋易学家邵雍解</p><p>吉：得此爻者，求谋称意，多得母亲扶助，或得妻财。做官的守正者会进取。</p><p>台湾国学大儒傅佩荣解</p><p>时运：所求多阻，守正必亨。</p><p>财运：守住低潮，自然受福。</p><p>家宅：迁居与老人同住；婚姻稍待。</p><p>身体：多听老人言。</p><p>六二变卦</p><p>六二爻动变得周易第64卦：火水未济。这个卦是异卦（下坎上离）相叠。离为火，坎为水。火上水下，火势压倒水势，救火大功未成，故称未济。《周易》以乾坤二卦为始，以既济、未济二卦为终，充分反映了变化发展的思想。</p><p>九二爻</p><p>的哲学含义</p><p>晋卦第二爻，爻辞：六二：晋如愁如，贞吉；受兹介福，于其王母。爻辞释义</p><p>愁：指忧虑。兹：与“此”同意。介：《诗小雅》有：“神之听之介尔景福”之语，“介”在这里指大。王母：是指六五爻，六五爻为君位，阴爻居君位，所以称为“王母”。</p><p>本爻辞的意思是：在晋升之中虽然因遇到挫折而忧愁，但是，如果能固守正道就会获吉，最终会受到六五王母所赐的大福。</p><p>从卦象上看，六二爻属于阴爻居柔位，处于下卦之中位，得中且正，具有中正柔顺之美德，这深受六五君爻的赏识，所以可以得到恩惠和福泽。</p><p>《象》中这样解释本爻：“受兹介福”，以中正也。这里指出：之所以能够“获得极大的恩惠和福泽”，是因为它位置居中，行为符合身份和正道。</p><p>占得此爻者，在前进的途中可能并不顺利，为此还忧心忡忡，但是你不应该失望并放弃。保持谦虚柔顺的做法，继续进取，耐心地坚持下去，你执著的努力终将会得到善意的支持和回报。</p><p>六二：晋如愁如，贞吉。</p><p>受兹介福，于其王母。</p><p>象曰：受之介福，以中正也。</p><p>经文意思是：晋升了忧愁也来了，守正道吉祥。受到这样的大福，是来自于王母。象辞意思是：这到这样的福泽，是因为六二居中而得其位。</p><p>六二在官场上虽然有一定的地位，但是他却很忧愁。为什么呢？因为他与六五相敌不应，并且紧临上互卦坎卦，坎为险为多忧，所以六二总是顾虑重重，如置身于险境的边缘一样。正是由于这样，六二才因行为谨慎而没有灾难。六二得位而居中，又具有中正之德，所以尽管他同六五同性相斥，但是他却能够受到六五的嘉奖。这就是“受兹介福，于其王母”。</p>",
    "bgtitle": "火水未济",
    "bgcontent": "这个卦是异卦（下坎上离）相叠。离为火，坎为水。火上水下，火势压倒水势，救火大功未成，故称未济。《周易》以乾坤二卦为始，以既济、未济二卦为终，充分反映了变化发展的思想。"
}