{
    "gname": "雷天大壮",
    "gcontent": "<p>周易第三十四卦详解</p>\n<p>大壮卦原文</p>\n<p>大壮。利贞。</p>\n<p>象曰：雷在天上，大壮。君子以非礼弗履。</p>\n<p>白话文解释</p>\n<p>大壮卦：吉利的卜问。</p>\n<p>《象辞》说：本卦上卦为震，震为雷，下卦为乾，乾为天，天上鸣雷是大壮的卦象。君子观此卦象，以迅雷可畏，礼法森严，从而畏威知惧，唯礼是遵。</p>\n<p>《断易天机》解</p>\n<p>大壮卦震上乾下，为坤宫四世卦。此卦中的大壮表示壮大，阳隆盛，象征君子，君子壮大当然亨通。</p>\n<p>北宋易学家邵雍解</p>\n<p>光明正大，强盛壮大；容忍和气，切忌冲动。</p>\n<p>得此卦者，运势过于强盛，宜心平气和，谨慎行事，否则必生过失。</p>\n<p>台湾国学大儒傅佩荣解</p>\n<p>时运：成名不难，不可骄傲。</p>\n<p>财运：得价即售，不可过贪。</p>\n<p>家宅：小心防火；相敬如宾。</p>\n<p>身体：保养脚部。</p>\n<p>传统解卦</p>\n<p>这个卦是异卦（下乾上震）相叠。震为雷；乾为天。乾刚震动。天鸣雷，云雷滚，声势宏大，阳气盛壮，万物生长。刚壮有力故曰壮。大而且壮，故名大壮。四阳壮盛，积极而有所作为，上正下正，标正影直。</p>\n<p>大象：雷声响亮，光明天际，为正大光明之象，又为强烈地动之象，为六冲卦之一。</p>\n<p>运势：运势虽强，但已届极盛之时，宜心平气和，否则反招失败，须知物极必反。</p>\n<p>事业：处世凭智不凭力，有勇更有谋，切忌蛮干，该守不守，自取其凶。不可逞强，否则自取凶险。对小人应有防犯，尤其不得忽视小人的奸诈。对事业应勇往直前，但切忌冒进。</p>\n<p>经商：处在高涨阶段，形势很好。但决不可逞强，更不可妄动，应主动增强与他人的合作。提高警惕，认识物极必反的道理，做事业衰退的准备。</p>\n<p>求名：务必注意妥善地运用自己的力量，不可自恃刚健强壮而冒进，尤其不可自负。适当发挥自己的才干，加上外力的援助，必有所作为。</p>\n<p>婚恋：决不可因自己条件好而高傲。切勿错过好姻缘。</p>\n<p>决策：强健适中，不可过分消耗自己的力量。在事业顺利的时刻，尤其不可妄动。更应注意，很可能已经处于进退维谷的状态，务必自保待机，及早有所准备。</p>\n<p>第三十四卦的哲学含义</p>\n<p>大壮卦卦象，雷天大壮卦的象征意义</p>\n<p>大壮卦，此卦是异卦相叠。下卦为乾，上卦为震。震为雷，乾为天。天鸣雷，云雷滚，声势宏大，阳气盛壮，万物生长，刚壮有力，所以称之为“壮”。大而且壮，故名“大壮”。</p>\n<p>此卦卦名为大壮。《说文》中说：“壮，大也。”古人将三十岁的男子称为壮年。可见“壮”的意思便是壮大、强壮的意思。遁卦是归隐保全，就好比隐者居于山林中积蓄自己的能力，经过不断的积蓄，现在终于变得能力强大了。所以遁卦接下来便是大壮卦。这就好比董仲舒经年苦读圣贤之书，最后终于学有所成，成为诸子百家的集大成者。这就是《序卦传》中所说的：“物不可以终遁，故受之以大壮。”可是大壮卦并没有前进的意思，只是表示通过“遁”，已使力量得到了最大的积蓄，是蓄势待发的意思。</p>\n<p>大壮卦卦画：大壮卦的卦画是下面四个阳爻，上面两个阴爻，与遁卦的排列顺序正好相反。</p>\n<p>大壮卦卦象：从卦象上进行分析，下面的阳爻象征阳气的强盛，上面的阴爻象征阴气的削弱。大壮卦是十二消息卦之一，代表的节气为春分。大壮六爻代表惊蛰至清明的三十余天。五天为一候，一爻代表一候。这时候万物都开始活动起来，草木生长，动物们也开始繁衍，并且此时已过惊蛰，天上始有雷声，所以大地上呈现出一派声势浩大的景象。大壮卦上卦为震为雷，下卦为乾为天，惊雷响彻天际，便是大壮卦最大的形象。</p>",
    "title": "九二爻",
    "content": "<p>九二爻辞</p><p>九二。贞吉。</p><p>象曰：九二贞吉，以中也。</p><p>白话文解释</p><p>九二：卜问得吉兆。</p><p>《象辞》说：</p><p>九二爻辞</p><p>讲贞正吉利，因为九二之爻居下卦中位，像人守中正之道。</p><p>北宋易学家邵雍解</p><p>吉：得此爻者，营谋得意。做官的中庸处事，心中无愧。</p><p>台湾国学大儒傅佩荣解</p><p>时运：中庸处世，受到肯定。</p><p>财运：货价合宜，自然获利。</p><p>家宅：地位适中；婚姻吉祥。</p><p>身体：滋补得宜。</p><p>九二变卦</p><p>九二爻动变得周易第55卦：雷火丰。这个卦是异卦（下离上震）相叠，电闪雷鸣，成就巨大，喻达到顶峰，如日中天。告戒：务必注意事物向相反方面发展，盛衰无常，不可不警惕。</p><p>九二爻</p><p>的哲学含义</p><p>大壮卦第二爻，爻辞：九二：贞吉。爻辞释义</p><p>本爻辞的意思是：坚守正道，可获吉祥。</p><p>从卦象上看，九二爻以阳爻居柔位，失位，具备阴爻的谨慎、柔缓的特性，</p><p>不会急于冒进，躁进之志稍缓。九二居于下卦中位，并具上有六五正应，居中位而行中道，可以获得吉祥。</p><p>《象》中这样分析此爻：九二“贞吉”，以中也。这里指出：九二爻位之所以能够坚守正道而获得吉祥，是因为它位置居中，能够以柔相出的原因。</p><p>占得此爻，你所处的形势目前对你很有利，但是要注意，不要贪功冒进，而要稍缓前进。因为九二这一爻虽是处于下卦的乾卦之中，但是整个大壮卦，仍以止住为宜。所以这个时候，不妨整顿内部，调整力量，稳步前进。不要因为形势有利，就想借机提速，或想借机大肆扩张。</p><p>九二爻阳爻居于偶位为不得位，但是其居于下卦之中，能守中庸之道，并且有六五的应援，所以只要守正道，就会吉祥。也就是说九二爻能够在安稳中积蓄自己的力量，不盲目行动，这种行为会受到六五的支持与帮助，所以吉祥。</p>",
    "bgtitle": "雷火丰",
    "bgcontent": "这个卦是异卦（下离上震）相叠，电闪雷鸣，成就巨大，喻达到顶峰，如日中天。告戒：务必注意事物向相反方面发展，盛衰无常，不可不警惕。"
}