{
    "gname": "雷天大壮",
    "gcontent": "<p>周易第三十四卦详解</p>\n<p>大壮卦原文</p>\n<p>大壮。利贞。</p>\n<p>象曰：雷在天上，大壮。君子以非礼弗履。</p>\n<p>白话文解释</p>\n<p>大壮卦：吉利的卜问。</p>\n<p>《象辞》说：本卦上卦为震，震为雷，下卦为乾，乾为天，天上鸣雷是大壮的卦象。君子观此卦象，以迅雷可畏，礼法森严，从而畏威知惧，唯礼是遵。</p>\n<p>《断易天机》解</p>\n<p>大壮卦震上乾下，为坤宫四世卦。此卦中的大壮表示壮大，阳隆盛，象征君子，君子壮大当然亨通。</p>\n<p>北宋易学家邵雍解</p>\n<p>光明正大，强盛壮大；容忍和气，切忌冲动。</p>\n<p>得此卦者，运势过于强盛，宜心平气和，谨慎行事，否则必生过失。</p>\n<p>台湾国学大儒傅佩荣解</p>\n<p>时运：成名不难，不可骄傲。</p>\n<p>财运：得价即售，不可过贪。</p>\n<p>家宅：小心防火；相敬如宾。</p>\n<p>身体：保养脚部。</p>\n<p>传统解卦</p>\n<p>这个卦是异卦（下乾上震）相叠。震为雷；乾为天。乾刚震动。天鸣雷，云雷滚，声势宏大，阳气盛壮，万物生长。刚壮有力故曰壮。大而且壮，故名大壮。四阳壮盛，积极而有所作为，上正下正，标正影直。</p>\n<p>大象：雷声响亮，光明天际，为正大光明之象，又为强烈地动之象，为六冲卦之一。</p>\n<p>运势：运势虽强，但已届极盛之时，宜心平气和，否则反招失败，须知物极必反。</p>\n<p>事业：处世凭智不凭力，有勇更有谋，切忌蛮干，该守不守，自取其凶。不可逞强，否则自取凶险。对小人应有防犯，尤其不得忽视小人的奸诈。对事业应勇往直前，但切忌冒进。</p>\n<p>经商：处在高涨阶段，形势很好。但决不可逞强，更不可妄动，应主动增强与他人的合作。提高警惕，认识物极必反的道理，做事业衰退的准备。</p>\n<p>求名：务必注意妥善地运用自己的力量，不可自恃刚健强壮而冒进，尤其不可自负。适当发挥自己的才干，加上外力的援助，必有所作为。</p>\n<p>婚恋：决不可因自己条件好而高傲。切勿错过好姻缘。</p>\n<p>决策：强健适中，不可过分消耗自己的力量。在事业顺利的时刻，尤其不可妄动。更应注意，很可能已经处于进退维谷的状态，务必自保待机，及早有所准备。</p>\n<p>第三十四卦的哲学含义</p>\n<p>大壮卦卦象，雷天大壮卦的象征意义</p>\n<p>大壮卦，此卦是异卦相叠。下卦为乾，上卦为震。震为雷，乾为天。天鸣雷，云雷滚，声势宏大，阳气盛壮，万物生长，刚壮有力，所以称之为“壮”。大而且壮，故名“大壮”。</p>\n<p>此卦卦名为大壮。《说文》中说：“壮，大也。”古人将三十岁的男子称为壮年。可见“壮”的意思便是壮大、强壮的意思。遁卦是归隐保全，就好比隐者居于山林中积蓄自己的能力，经过不断的积蓄，现在终于变得能力强大了。所以遁卦接下来便是大壮卦。这就好比董仲舒经年苦读圣贤之书，最后终于学有所成，成为诸子百家的集大成者。这就是《序卦传》中所说的：“物不可以终遁，故受之以大壮。”可是大壮卦并没有前进的意思，只是表示通过“遁”，已使力量得到了最大的积蓄，是蓄势待发的意思。</p>\n<p>大壮卦卦画：大壮卦的卦画是下面四个阳爻，上面两个阴爻，与遁卦的排列顺序正好相反。</p>\n<p>大壮卦卦象：从卦象上进行分析，下面的阳爻象征阳气的强盛，上面的阴爻象征阴气的削弱。大壮卦是十二消息卦之一，代表的节气为春分。大壮六爻代表惊蛰至清明的三十余天。五天为一候，一爻代表一候。这时候万物都开始活动起来，草木生长，动物们也开始繁衍，并且此时已过惊蛰，天上始有雷声，所以大地上呈现出一派声势浩大的景象。大壮卦上卦为震为雷，下卦为乾为天，惊雷响彻天际，便是大壮卦最大的形象。</p>",
    "title": "上九爻",
    "content": "<p>上六爻辞</p><p>上六。羝羊触藩，不能退，不能遂，无攸利。艰则吉。</p><p>象曰：不能退，不能遂，不详也；艰则吉，咎不长也。</p><p>白话文解释</p><p>上六：羊角插进了篱笆，退不了，进不了，处境不利。但是，目前虽处于艰难之中，最终可以化解逢吉。</p><p>《象辞》说：不能退，不能进，陷入进退维谷之中，这是遭逢不祥。虽陷入艰难之中，最终可以化解逢吉，是说灾难不会长久。</p><p>北宋易学家邵雍解</p><p>平：得此爻者，进退两难，多是非争诉，宜守常。做官的宜退不宜进，恐有遭贬之危。</p><p>台湾国学大儒傅佩荣解</p><p>时运：早些退休，以免后悔。</p><p>财运：原想发财，难以保本。</p><p>家宅：艰难自守；先苦后乐。</p><p>身体：进退两难。</p><p>上六变卦</p><p>上六爻动变得周易第14卦：火天大有。这个卦是异卦（下乾上离）相叠。上卦为离，为火；下卦为乾，为天。火在天上，普照万物，万民归顺，顺天依时，大有所成。</p><p>上九爻</p><p>的哲学含义</p><p>大壮卦第六爻，爻辞：上六：羝羊触藩，不能退，不能遂</p><p>上六：羝羊触藩，不能退，不能遂，无攸利；艰则吉</p><p>羝羊：好斗之公羊。</p><p>本爻辞的意思是：强壮的公羊因顶触篱笆而被挂住了角，既不能后退，又不能前进，没有什么益处。预示经过艰苦磨难才能获得吉祥。</p><p>人人都会经历过进退两难的时刻，当面临这样的处境时，只要坚持到最后的一刻，事情就会出现有利于你的转机。</p><p>《象》中这样分析本爻：“不能退，不能遂”，不详也；“艰则吉”咎不长也。</p><p>《象》中指出：“既不能后退，又不能前进”，说明行动处事不够圆满周到，结果陷入了极为被动的局面。而“忍耐坚持，承受艰难困苦而不被压垮，就会吉祥”，说明只要能够坚持忍耐，就一定会渡过难关。</p><p>上六：羝羊触藩，不能退，不能遂，无攸利，艰则吉。</p><p>象曰：不能退，不能遂，不详也。艰则吉，咎不长也。</p><p>经文意思是：公羊顶撞藩篱，角被挂住，结果不能退，不能进，没有好处，艰难自守就会吉祥。</p><p>象辞意思是：不能退，不能进，这种处境是由于当初没有考虑详细所致。艰难自守则吉祥，是因为灾难不会太长久。</p><p>大壮卦上卦震为藩篱，上互卦兑为羊，所以有羊触藩篱之象。</p><p>但是上六处于极亢之位，所以行动鲁莽，但是他又是阴爻而不具备九四一样的强壮，所以被藩篱所困，进退不得。处于这种情形，只能是在艰苦中忍耐了。只有这样才会吉祥。为什么呢？因为事物不会总是这个样子，最终是要发生变化的，形式一^变上六的困境就解脱了。所以象辞中说：“咎不长也”。</p>",
    "bgtitle": "火天大有",
    "bgcontent": "这个卦是异卦（下乾上离）相叠。上卦为离，为火；下卦为乾，为天。火在天上，普照万物，万民归顺，顺天依时，大有所成。"
}