{
    "gname": "雷天大壮",
    "gcontent": "<p>周易第三十四卦详解</p>\n<p>大壮卦原文</p>\n<p>大壮。利贞。</p>\n<p>象曰：雷在天上，大壮。君子以非礼弗履。</p>\n<p>白话文解释</p>\n<p>大壮卦：吉利的卜问。</p>\n<p>《象辞》说：本卦上卦为震，震为雷，下卦为乾，乾为天，天上鸣雷是大壮的卦象。君子观此卦象，以迅雷可畏，礼法森严，从而畏威知惧，唯礼是遵。</p>\n<p>《断易天机》解</p>\n<p>大壮卦震上乾下，为坤宫四世卦。此卦中的大壮表示壮大，阳隆盛，象征君子，君子壮大当然亨通。</p>\n<p>北宋易学家邵雍解</p>\n<p>光明正大，强盛壮大；容忍和气，切忌冲动。</p>\n<p>得此卦者，运势过于强盛，宜心平气和，谨慎行事，否则必生过失。</p>\n<p>台湾国学大儒傅佩荣解</p>\n<p>时运：成名不难，不可骄傲。</p>\n<p>财运：得价即售，不可过贪。</p>\n<p>家宅：小心防火；相敬如宾。</p>\n<p>身体：保养脚部。</p>\n<p>传统解卦</p>\n<p>这个卦是异卦（下乾上震）相叠。震为雷；乾为天。乾刚震动。天鸣雷，云雷滚，声势宏大，阳气盛壮，万物生长。刚壮有力故曰壮。大而且壮，故名大壮。四阳壮盛，积极而有所作为，上正下正，标正影直。</p>\n<p>大象：雷声响亮，光明天际，为正大光明之象，又为强烈地动之象，为六冲卦之一。</p>\n<p>运势：运势虽强，但已届极盛之时，宜心平气和，否则反招失败，须知物极必反。</p>\n<p>事业：处世凭智不凭力，有勇更有谋，切忌蛮干，该守不守，自取其凶。不可逞强，否则自取凶险。对小人应有防犯，尤其不得忽视小人的奸诈。对事业应勇往直前，但切忌冒进。</p>\n<p>经商：处在高涨阶段，形势很好。但决不可逞强，更不可妄动，应主动增强与他人的合作。提高警惕，认识物极必反的道理，做事业衰退的准备。</p>\n<p>求名：务必注意妥善地运用自己的力量，不可自恃刚健强壮而冒进，尤其不可自负。适当发挥自己的才干，加上外力的援助，必有所作为。</p>\n<p>婚恋：决不可因自己条件好而高傲。切勿错过好姻缘。</p>\n<p>决策：强健适中，不可过分消耗自己的力量。在事业顺利的时刻，尤其不可妄动。更应注意，很可能已经处于进退维谷的状态，务必自保待机，及早有所准备。</p>\n<p>第三十四卦的哲学含义</p>\n<p>大壮卦卦象，雷天大壮卦的象征意义</p>\n<p>大壮卦，此卦是异卦相叠。下卦为乾，上卦为震。震为雷，乾为天。天鸣雷，云雷滚，声势宏大，阳气盛壮，万物生长，刚壮有力，所以称之为“壮”。大而且壮，故名“大壮”。</p>\n<p>此卦卦名为大壮。《说文》中说：“壮，大也。”古人将三十岁的男子称为壮年。可见“壮”的意思便是壮大、强壮的意思。遁卦是归隐保全，就好比隐者居于山林中积蓄自己的能力，经过不断的积蓄，现在终于变得能力强大了。所以遁卦接下来便是大壮卦。这就好比董仲舒经年苦读圣贤之书，最后终于学有所成，成为诸子百家的集大成者。这就是《序卦传》中所说的：“物不可以终遁，故受之以大壮。”可是大壮卦并没有前进的意思，只是表示通过“遁”，已使力量得到了最大的积蓄，是蓄势待发的意思。</p>\n<p>大壮卦卦画：大壮卦的卦画是下面四个阳爻，上面两个阴爻，与遁卦的排列顺序正好相反。</p>\n<p>大壮卦卦象：从卦象上进行分析，下面的阳爻象征阳气的强盛，上面的阴爻象征阴气的削弱。大壮卦是十二消息卦之一，代表的节气为春分。大壮六爻代表惊蛰至清明的三十余天。五天为一候，一爻代表一候。这时候万物都开始活动起来，草木生长，动物们也开始繁衍，并且此时已过惊蛰，天上始有雷声，所以大地上呈现出一派声势浩大的景象。大壮卦上卦为震为雷，下卦为乾为天，惊雷响彻天际，便是大壮卦最大的形象。</p>",
    "title": "九四爻",
    "content": "<p>九四爻辞</p><p>九四。贞吉，悔亡；藩决不羸，壮于大舆之輹。</p><p>象曰：藩决不羸，尚往也。</p><p>白话文解释</p><p>九四：卜问得吉兆，没有悔恨。因为公羊冲决篱笆，摆脱了拘系，但又被车轮撞伤，不能乱冲乱撞了。</p><p>《象辞》说：冲决篱笆，摆脱掏系，恐其冲撞别处。</p><p>北宋易学家邵雍解</p><p>吉：得此爻者，常人得福，久静者必动，动则吉。做官的闲职者复职，进取如意。</p><p>台湾国学大儒傅佩荣解</p><p>时运：前途无阻，功名亦显。</p><p>财运：满载而归，何乐不为。</p><p>家宅：赶快整修；不是佳偶。</p><p>身体：恐有不测。</p><p>九四变卦</p><p>九四爻动变得周易第11卦：地天泰。这个卦是异卦（下乾上坤）相叠，乾为天，为阳；坤为地，为阴，阴阳交感，上下互通，天地相交，万物纷纭。反之则凶，万事万物，皆对立，转化，盛极必衰，衰而转盛，故应时而变者泰（通）。</p><p>九四爻</p><p>的哲学含义</p><p>大壮卦第四爻，爻辞：九四：贞吉，悔亡；藩决不羸，壮于大舆之馥。爻辞释义</p><p>藩：指藩篱，篱笆。决：指裂开，决口。大舆之鳆：指大车的车轴。</p><p>从卦象上看，九四以阳爻居柔位，处上卦之初，既具有阳爻的刚壮，又具有阴爻的履谦不亢。因为九四属于近君大臣，而君主之位的六五比较柔弱，九四的刚强用来扶助柔弱的六五，这种扶助柔弱为用壮的正道，所以“正而吉”。以刚壮扶助柔弱，则能共同求进，无有阻碍，犹如大羊没有藩篱的拘限一样。四与五阴阳同进，强臣辅佐弱君，结果会实现强盛的目标。</p><p>《象》中这样分析本爻：“藩决不羸”，尚往也。</p><p>《象》中指出：“篱笆开裂，羊角从中解脱出来”的内在含义是，鼓励君子要充分行动起来，积极向前进取。</p><p>占得此卦者，一旦让你的强壮有正确的运用之所，将力量与智慧相结合，再大的困难也能战胜，你将越过障碍而顺利前行。</p><p>占得此爻者，如果你会开车或常坐车，要小心车轮、车胎有毛病，在出行过马路时，要注意速度。</p><p>九四：贞吉悔亡，藩决不羸，壮于大舆之轅。</p><p>象曰：藩决不赢，尚往也。</p><p>经文意思是：守正道吉祥没有忧悔，藩篱被冲破，羊角解脱出来了，羊角像大车的车複一样强壮。</p><p>象辞意思是：冲破蕃篱，是因为一直往前顶。</p><p>九四爻位于大壮卦的阴阳爻交接处，并且又是下互卦的最上爻有极健之象，同时也是上卦的最下交有行动的形象，综合起来便是九四爻与下面的众阳爻联合起来，冲破前面的阻碍。九四爻就好比公羊角已触在藩篱上，已经是角被藩篱所缠，这种情况怎么办呢？唯一的办法便是冲破藩篱，由于九四极其强健，所以他终于冲破了藩篱的缠绕。爻辞形容九四的强健极其形象——“壮于大舆之蝮”，也就是说九四就像大车的相厢底下的横木一样强壮。</p><p>大壮卦第四爻，爻辞：九四：贞吉，悔亡；藩决不羸，壮于大舆之馥。占得此爻，请记住：</p><p>一封书上写鹏程，千里东风不用惊。</p><p>正好度时又失脚，洪涛万倾任君行。</p><p>久静宜思动，灾消福自随。</p><p>自然无阻隔，万里快亨衢。</p>",
    "bgtitle": "地天泰",
    "bgcontent": "这个卦是异卦（下乾上坤）相叠，乾为天，为阳；坤为地，为阴，阴阳交感，上下互通，天地相交，万物纷纭。反之则凶，万事万物，皆对立，转化，盛极必衰，衰而转盛，故应时而变者泰（通）。"
}