{
    "gname": "雷天大壮",
    "gcontent": "<p>周易第三十四卦详解</p>\n<p>大壮卦原文</p>\n<p>大壮。利贞。</p>\n<p>象曰：雷在天上，大壮。君子以非礼弗履。</p>\n<p>白话文解释</p>\n<p>大壮卦：吉利的卜问。</p>\n<p>《象辞》说：本卦上卦为震，震为雷，下卦为乾，乾为天，天上鸣雷是大壮的卦象。君子观此卦象，以迅雷可畏，礼法森严，从而畏威知惧，唯礼是遵。</p>\n<p>《断易天机》解</p>\n<p>大壮卦震上乾下，为坤宫四世卦。此卦中的大壮表示壮大，阳隆盛，象征君子，君子壮大当然亨通。</p>\n<p>北宋易学家邵雍解</p>\n<p>光明正大，强盛壮大；容忍和气，切忌冲动。</p>\n<p>得此卦者，运势过于强盛，宜心平气和，谨慎行事，否则必生过失。</p>\n<p>台湾国学大儒傅佩荣解</p>\n<p>时运：成名不难，不可骄傲。</p>\n<p>财运：得价即售，不可过贪。</p>\n<p>家宅：小心防火；相敬如宾。</p>\n<p>身体：保养脚部。</p>\n<p>传统解卦</p>\n<p>这个卦是异卦（下乾上震）相叠。震为雷；乾为天。乾刚震动。天鸣雷，云雷滚，声势宏大，阳气盛壮，万物生长。刚壮有力故曰壮。大而且壮，故名大壮。四阳壮盛，积极而有所作为，上正下正，标正影直。</p>\n<p>大象：雷声响亮，光明天际，为正大光明之象，又为强烈地动之象，为六冲卦之一。</p>\n<p>运势：运势虽强，但已届极盛之时，宜心平气和，否则反招失败，须知物极必反。</p>\n<p>事业：处世凭智不凭力，有勇更有谋，切忌蛮干，该守不守，自取其凶。不可逞强，否则自取凶险。对小人应有防犯，尤其不得忽视小人的奸诈。对事业应勇往直前，但切忌冒进。</p>\n<p>经商：处在高涨阶段，形势很好。但决不可逞强，更不可妄动，应主动增强与他人的合作。提高警惕，认识物极必反的道理，做事业衰退的准备。</p>\n<p>求名：务必注意妥善地运用自己的力量，不可自恃刚健强壮而冒进，尤其不可自负。适当发挥自己的才干，加上外力的援助，必有所作为。</p>\n<p>婚恋：决不可因自己条件好而高傲。切勿错过好姻缘。</p>\n<p>决策：强健适中，不可过分消耗自己的力量。在事业顺利的时刻，尤其不可妄动。更应注意，很可能已经处于进退维谷的状态，务必自保待机，及早有所准备。</p>\n<p>第三十四卦的哲学含义</p>\n<p>大壮卦卦象，雷天大壮卦的象征意义</p>\n<p>大壮卦，此卦是异卦相叠。下卦为乾，上卦为震。震为雷，乾为天。天鸣雷，云雷滚，声势宏大，阳气盛壮，万物生长，刚壮有力，所以称之为“壮”。大而且壮，故名“大壮”。</p>\n<p>此卦卦名为大壮。《说文》中说：“壮，大也。”古人将三十岁的男子称为壮年。可见“壮”的意思便是壮大、强壮的意思。遁卦是归隐保全，就好比隐者居于山林中积蓄自己的能力，经过不断的积蓄，现在终于变得能力强大了。所以遁卦接下来便是大壮卦。这就好比董仲舒经年苦读圣贤之书，最后终于学有所成，成为诸子百家的集大成者。这就是《序卦传》中所说的：“物不可以终遁，故受之以大壮。”可是大壮卦并没有前进的意思，只是表示通过“遁”，已使力量得到了最大的积蓄，是蓄势待发的意思。</p>\n<p>大壮卦卦画：大壮卦的卦画是下面四个阳爻，上面两个阴爻，与遁卦的排列顺序正好相反。</p>\n<p>大壮卦卦象：从卦象上进行分析，下面的阳爻象征阳气的强盛，上面的阴爻象征阴气的削弱。大壮卦是十二消息卦之一，代表的节气为春分。大壮六爻代表惊蛰至清明的三十余天。五天为一候，一爻代表一候。这时候万物都开始活动起来，草木生长，动物们也开始繁衍，并且此时已过惊蛰，天上始有雷声，所以大地上呈现出一派声势浩大的景象。大壮卦上卦为震为雷，下卦为乾为天，惊雷响彻天际，便是大壮卦最大的形象。</p>",
    "title": "九五爻",
    "content": "<p>六五爻辞</p><p>六五。丧羊于易，无悔。</p><p>象曰：丧羊于易，位不当也。</p><p>白话文解释</p><p>六五：丧羊于狄。筮遇此爻，没有大的灾祸。</p><p>《象辞》说：丧羊于狄，因为六五阴爻而居处阳位，是所处不当，像人所处环境不适当，将蒙受损失。</p><p>北宋易学家邵雍解</p><p>凶：得此爻者，一筹莫展，不能得利，病者有丧身之兆。做官的会荒于政务。</p><p>台湾国学大儒傅佩荣解</p><p>时运：亡羊补牢，晚年有望。</p><p>财运：恐有小失，尚无大碍。</p><p>家宅：不宜畜牧；婚礼不成。</p><p>身体：不吉之象。</p><p>六五变卦</p><p>六五爻动变得周易第43卦：泽天夬。这个卦是异卦（下乾上兑）相叠。乾为天为健；兑为泽为悦。泽气上升，决注成雨，雨施大地，滋润万物。五阳去一阴，去之不难，决（去之意）即可，故名为夬（guài），夬即决。</p><p>九五爻</p><p>的哲学含义</p><p>大壮卦第五爻，爻辞：六五：丧羊于易，无悔。爻辞释义</p><p>易：同“埸”，为边界。</p><p>本爻辞的意思是：在田边地头把羊弄丢了，没有什么可后悔的。</p><p>从卦象上看，六五这一爻，属于阴爻居阳位。大壮卦的前四爻是阳爻，到六五和上六是阴爻，六五直接面对底下四个阳爻的上升气势，它又在互兑〔九三、九四、六五）中，兑为“羊”，所以是“丧羊于埸”的处境。六五虽然因为是阴爻属于柔弱之质，然具柔中之德，弱而能顺，柔而守信，能亲善刚正之才，得其扶助，也可成就德业，所以没有什么后悔的。</p><p>《象》中这样解释本爻：“丧羊于易”，位不当也。这里指出：“在田边地头把羊弄丢”，是由于其位置不恰当。</p><p>六五这一爻，意味着阳性优势即将失去，此时，要做的不是发展壮大，而是守住已有的收获，防止被别人破坏。</p><p>占得此爻者，由于自己的能力有限，或者是性格不够果断，所以在做事上会有些闪失，也可能有些失财的事发生，就像在边界上丢失一只羊一样。不过，作为领导，如果你能谦恭对待身边的人，听从他们的意见，求助于有能力的下属或是同事，那么你一样会取得很好的成绩，也不会因为一时的闪失而后悔。</p><p>六五：丧羊于甚，无悔。象曰：丧羊于易，位不当也。</p><p>经文意思是：在易这个地方失去了羊，没有忧悔。</p><p>象辞意思是：在易失去了羊，是因为六五位置不当的缘故。</p><p>“丧羊于易”与旅卦中的“丧牛于易”意思相近，说的是殷先祖王亥的故事。殷朝的先祖王亥很会驯服牛马，所以他养了很多的牛、马、羊，于是他坐着牛车，赶着牛群羊群，到河北的有易部落进行商业贸易活动，结果被那里的人们杀害并抢走了他的牛羊。王亥本是一国之君，结果却离开君王之位到远方去做生意，这便是“位不当也”。而六五以柔爻居于尊位，也属于“位不当也”，但是他能够与九二相应，并且还与九四相合，所以不会发生悔恨的事情。</p>",
    "bgtitle": "泽天夬",
    "bgcontent": "这个卦是异卦（下乾上兑）相叠。乾为天为健；兑为泽为悦。泽气上升，决注成雨，雨施大地，滋润万物。五阳去一阴，去之不难，决（去之意）即可，故名为夬（guài），夬即决。"
}