{
    "gname": "雷火丰",
    "gcontent": "<p>周易第五十五卦详解</p>\n<p>丰卦原文</p>\n<p>丰。亨。王假之，勿忧，宜日中。</p>\n<p>象曰：雷电皆至，丰。君子以折狱致刑。</p>\n<p>白话文解释</p>\n<p>丰卦：举行祭祀，君王将亲临宗庙。不要担心，最佳时刻当在正午时分。</p>\n<p>《象辞》说：本卦上卦为震，震为雷；下卦为离，离为电。电闪雷鸣，是上天垂示的重大天象，这也是丰卦的卦象。君子观此卦象，有感于电光雷鸣的精明和威严，从而裁断讼狱，施行刑罚。</p>\n<p>《断易天机》解</p>\n<p>丰卦震上离下，为坎宫五世卦。丰即为盛大，本是吉兆，但盛极必衰，丰盛中也藏着隐忧，需小心谨慎。</p>\n<p>北宋易学家邵雍解</p>\n<p>盛大丰满，进财获利；谋望克遂，必有喜庆。</p>\n<p>得此卦者，运势正强，谋事可成，名利双收。但不宜过贪，要知足常乐，谨防乐极生悲，损财甚至火险。</p>\n<p>台湾国学大儒傅佩荣解</p>\n<p>时运：气势正旺，谨慎小心。</p>\n<p>财运：获利甚丰，须防诉讼。</p>\n<p>家宅：宜向东南；天作之合。</p>\n<p>身体：肝火上升，静养为宜。</p>\n<p>传统解卦</p>\n<p>这个卦是异卦（下离上震）相叠，电闪雷鸣，成就巨大，喻达到顶峰，如日中天。告戒：务必注意事物向相反方面发展，盛衰无常，不可不警惕。</p>\n<p>大象：雷电交加，声势壮大，又离日动于天际，普照大地，皆为盛大之象。</p>\n<p>运势：运势极强，为收获之时，但不宜贪得无厌，须知足常乐，要防是非、损财甚至火险。</p>\n<p>事业：处于十分顺利的鼎盛时期，各方面都很顺利，成就很大。但务必注意开始出现的衰败症状，防微杜渐，严防骄傲自满。同时，不必盲目追求不切实际的事情，全力保持当前状况的延长。</p>\n<p>经商：由于准确地把握了市场动态，商情对自己十分有利，可以大胆发展，但一定要密切注意行情，分析信息，稍有不慎，破产可能在一夜间。一旦破产应立即总结教训寻求真诚的合作者，早日走出困境。</p>\n<p>求名：经过努力和奋斗，已获得成就，应注意保持和稳步发展，切勿追求虚名。</p>\n<p>婚恋：可以成功，也会美满幸福，但若一方自持条件变化而动摇，则会导致不利。</p>\n<p>决策：由于个人天资聪颖，条件好，因此各方面十分顺利。但务必深刻认识人生无常的真理，一切应保持适度，切记物极必反。更不应自我封闭，陷入困境，切莫灰心。</p>\n<p>第五十五卦的哲学含义</p>\n<p>丰卦卦象，雷火丰卦的象征意义</p>\n<p>丰卦，这个卦是异卦相叠，下卦为离，上卦为震。离为火，震为雷。雷雨会使五谷丰登，火又可以把丰收的粮食变为丰盛的饭菜，所以此卦命为“丰”。</p>\n<p>丰卦位于归妹卦之后，《序卦》这样解释道：“得其所归者必大，故受之以丰。丰者，大也。”归妹卦描述来归，有如众人来归则民聚国富，所以接着要谈代表盛大的丰卦。</p>\n<p>《象》中这样解释本卦：雷电皆至，丰；君子以折狱致刑。这里指出：丰卦的卦象是离（火）下（震）雷上，离又代表闪电，震为雷，为雷电同时到来之表象，象征着盛大丰满；君子应该像雷电那样，审案用刑正大光明。</p>\n<p>丰卦属于上上卦。《象》中这样来断此卦：古镜昏暗好几年，一朝磨明似月圆，君子谋事逢此卦，近来运转喜自然。</p>",
    "title": "九二爻",
    "content": "<p>六二爻辞</p><p>六二。丰其蔀，日中见斗。往得疑疾。有孚发若，吉。</p><p>象曰：有孚发若，信以发志也。</p><p>白话文解释</p><p>六二：将小席拼缀起来，躺下休息。正午时分，有人说看见北斗星。看来旅伴之中有人精神错乱。对他加以刺激，或许可以使他清醒。</p><p>《象辞》说：存心诚信，一言一行都能表现出来，因为这是坦白直率地表达了自己的心愿。</p><p>北宋易学家邵雍解</p><p>吉：得此爻者，有久困发财之美，有讼者不辩自明，有病者会愈。做官的忠言多阻于邪议，先失后得。</p><p>台湾国学大儒傅佩荣解</p><p>时运：坚守正道，逢凶化吉。</p><p>财运：以诚待人，拨云见月。</p><p>家宅：明亮为宜；始疑终谐。</p><p>身体：狭心之症，需要开导。</p><p>六二变卦</p><p>六二爻动变得周易第34卦：雷天大壮。这个卦是异卦（下乾上震）相叠。震为雷；乾为天。乾刚震动。天鸣雷，云雷滚，声势宏大，阳气盛壮，万物生长。刚壮有力故曰壮。大而且壮，故名大壮。四阳壮盛，积极而有所作为，上正下正，标正影直。</p><p>九二爻</p><p>的哲学含义</p><p>丰卦第二爻，爻辞：六二：丰其蔀，日中见斗，往得疑疾，有孚发若，吉。爻辞释义</p><p>为草席屋顶，这里指遮蔽。斗：星斗。发：启发。</p><p>本爻辞的意思是：遮蔽屋顶的草席被增大，遮蔽的范围更广。正午的阳光从缝隙中透过来，如同满天的星斗。君主若是如此昏暗，贤士前往就会受到猜忌，只有以谦虚的心态，积其至诚，来启示昏君，才会获吉。</p><p>从卦象上看，六二以阴爻居柔位，又位居下卦中间，当位得正。六二上与六五敌应，六五阴居阳位，是位昏君，就像住在“丰其蔀”的屋子里，被遮蔽了光明一样。六二打算前去劝谏，但是在劝谏方式上要采取以诚动人的办法，不可去指责或怀有不满，这样才能见效。</p><p>《象》中这样解本爻：“有孚发若”，信以发志也。这里指出：“只有以谦虚的心态，积其至诚，来启示昏君”，是有信以展拓其盛大之志。</p><p>占得此爻者，很想为企业或所在团体的发展出一份力，以其发展壮大为己任。但是领导却很昏庸，以为发展得不错了，不思进取，忠奸不分，这时，如果去劝其改正，必会受到猜疑，恐会惹祸上身。不如以诚心来对待他，对其尽职尽责，把对其的忠心、对企业或团体的大计落实在行动上，这样或许能对其有所启示，最终获得吉祥的结果。</p><p>六二：丰其蔀，日中见斗，往得疑疾，有孚发若，吉。</p><p>象曰：有孚发若，信以发志也。</p>",
    "bgtitle": "雷天大壮",
    "bgcontent": "这个卦是异卦（下乾上震）相叠。震为雷；乾为天。乾刚震动。天鸣雷，云雷滚，声势宏大，阳气盛壮，万物生长。刚壮有力故曰壮。大而且壮，故名大壮。四阳壮盛，积极而有所作为，上正下正，标正影直。"
}