{
    "gname": "震为雷",
    "gcontent": "<p>周易第五十一卦详解</p>\n<p>震卦原文</p>\n<p>震。亨。震来虩虩，笑言哑哑。震惊百里，不丧匕鬯。</p>\n<p>象曰：洊雷，震。君子以恐惧修省。</p>\n<p>白话文解释</p>\n<p>震卦：临祭之时，雷声传来，有的人吓得浑身发抖，片刻之后，才能谈笑如常。巨雷猝响，震惊百里，有的人却神态自若，手里拿着酒勺子，连一滴酒都没有洒出来。</p>\n<p>《象辞》说：本卦上下卦都为震，震为雷。可见巨雷连击，是震卦的卦象。君子观此卦象，从而戒惧恐惧，修省其身。</p>\n<p>《断易天机》解</p>\n<p>震卦震上震下，为震宫本位卦。震即雷，空闻其响，不见其形。主求谋难遂，官爵难成。</p>\n<p>北宋易学家邵雍解</p>\n<p>重雷发响，奋发图强；先难后易，先苦后甜。</p>\n<p>得此卦者，奋发振作，大可有为，但表面风光，内恐有难，宜谨言慎行，以免损失。</p>\n<p>台湾国学大儒傅佩荣解</p>\n<p>时运：运势正强，谨慎免咎。</p>\n<p>财运：所积财物，皆得售出。</p>\n<p>家宅：保护宅基，祭祷为宜；佳偶。</p>\n<p>身体：肝火太盛，不宜劳累。</p>\n<p>传统解卦</p>\n<p>这个卦是同卦（下震上震）相叠。震为雷，两震相叠，反响巨大，可消除沉闷之气，亨通畅达。平日应居安思危，怀恐惧心理，不敢有所怠慢，遇到突发事变，也能安然自若，谈笑如常。</p>\n<p>大象：重雷发向，千里传声，有惊无险之象，亦有变动之意。</p>\n<p>运势：表面昌盛风光，内里正处多事之秋，动荡不安之境。</p>\n<p>事业：处于不顺利、甚至面临危险的局面，对此务必提高警惕，有备方可无患，一旦出现突发事件，可以泰然处之，并且可以由此引吸取教训，一方面使损失减少，另一方面可以迅速复原，使事业迈上新的高度。</p>\n<p>经商：在激烈的商场竞争中，随时可能出现问题，陷入困境。冷静、从容地应付到来的现实，坚持不偏不激的中正原则，以刚毅的态度，从容不迫地去战胜困难。经过一番危机后，一定可以获得巨大利益。</p>\n<p>求名：很可能会遭到挫折。不必灰心，而应自我反省，找出问题的症结所在。</p>\n<p>婚恋：恋爱和家庭都可能出现变故，应以冷静态度处理，会有理想的结果。</p>\n<p>决策：处于人生的转折关头。应正确地总结过去，为开拓新的事业奠定基础。在前进的道路上应随时心怀恐惧，勤勤恳恳，坚持正确原则，在困难中前进，命运亨通。</p>\n<p>第五十一卦的哲学含义</p>\n<p>震卦卦象，震为雷卦的象征意义</p>\n<p>八卦中震卦的符号产生，是古人在雷雨交加的日子里，看到闪电像几条玉龙在乌云中狂奔乱舞，接着便是天崩地裂的响声，于是用“一”画出那厚实的云层，用“二二，，画出那一条又一条像玉龙翻滚般的闪电，于是产生了这样的符号，以代表震。</p>\n<p>震卦两阴爻在上，一阳爻在下，表示一种向上、向外发展的趋势。其所代表的象征是：上升，出发，新生，勇敢，功名大，仁慈，勤思，影响广，意气风发，好动，愤怒，惊恐，虚惊，粗心，轻举妄动，性急，冲突，出征，高声等。</p>\n<p>震卦所代表的人物是：长男，乘务员，指挥员，行政人员。</p>\n<p>震卦所代表的动物：龙，蛇，鹰，鹫，善鸣弁足之马，善鸣之鸟，蜂，百虫，鹤鹤。</p>\n<p>在静物为：鲜花树木，蔬菜，青绿色物品，茶货，鞭炮，乐器音响，广播电话，行走的车类，火箭，飞机，飞船，大炮，枪剑类武器，裙，裤，蹄，鲜肉，闹钟。</p>\n<p>震卦所代表的场地为：山林野地，林区，东向屋舍，军警公安部门，营房，军队，车场，车站，繁华热闹之所。</p>\n<p>震卦所代表的时间为：二月、卯年月。</p>\n<p>震卦所代表的颜色为：青碧，绿色，黑色。</p>\n<p>震卦所代表的人体部位为足、肝、头发、声音。</p>\n<p>震卦所代表的方位为东方。</p>",
    "title": "九四爻",
    "content": "<p>九四爻辞</p><p>九四。震遂泥。</p><p>象曰：震遂泥，未光也。</p><p>白话文解释</p><p>九四：雷电下击，接触到地面。</p><p>《象辞》说：其人猝闻惊雷，吓得坠入泥中，说明其人见识不广，胆量不大。</p><p>北宋易学家邵雍解</p><p>凶：得此爻者，一筹莫展，前进有阻。做官的有被贬职之危。</p><p>台湾国学大儒傅佩荣解</p><p>时运：欲振乏力，退而自保。</p><p>财运：挥金如土，难有积蓄。</p><p>家宅：阳气阻塞；辛苦成家。</p><p>身体：腹部积滞，宜泄除之。</p><p>九四变卦</p><p>九四爻动变得周易第24卦：地雷复。这个卦是异卦（下震上坤）相叠。震为雷、为动；坤为地、为顺，动则顺，顺其自然。动在顺中，内阳外阴，循序运动，进退自如，利于前进。</p><p>九四爻</p><p>的哲学含义</p><p>震卦第四爻，爻辞：九四：震遂泥。爻辞释义</p><p>遂：同“坠”，指坠陷。</p><p>本爻辞的意思是：雷霆震动，惊慌失措而坠陷泥污中，不能自拔。</p><p>震为雷，协乘阳气而动。从卦象上看，九四爻以阳爻居柔位，不中不正，表征九四不自修德，难以坚守刚健之道。从整个卦象来看，九四处于四个阴爻之中，为阳陷于阴之象，虽有振动之势，然陷于重阴而不能发达也，就像被惊雷将震落的物体陷入泥中一样。</p><p>《象》中这样分析本爻：“震遂泥”，未光也。这里指出：“雷霆震动，惊慌失措而坠陷泥污中，不能自拔”，说明其志气不能发扬光大。</p><p>占得此爻者，注意不要在惊恐之中失去了分辨方向的能力，迟迟做不出正确的决定，拖延着不采取任何行动，那样你会在麻烦中越陷越深。</p><p>九四：震遂泥。</p><p>象曰：震遂泥，朱光也。</p><p>经文意思是：惊雷坠入淤泥里。</p><p>象辞意思是：惊雷坠入淤泥里，是因为还没有光大。</p>",
    "bgtitle": "地雷复",
    "bgcontent": "这个卦是异卦（下震上坤）相叠。震为雷、为动；坤为地、为顺，动则顺，顺其自然。动在顺中，内阳外阴，循序运动，进退自如，利于前进。"
}