{
    "gname": "雷风恒",
    "gcontent": "<p>周易第三十二卦详解</p>\n<p>恒卦原文</p>\n<p>恒。亨，无咎，利贞。利有攸往。</p>\n<p>象曰：雷风，恒。君子以立不易方。</p>\n<p>白话文解释</p>\n<p>恒卦：通达，没有过失，吉利的卜问。有所往则有利。</p>\n<p>《象辞》说：本卦上卦为震，震为雷，下卦为巽，巽为风，风雷荡涤，宇宙常新，这是恒卦的卦象。君子观此卦象，从而立于正道，坚守不易。</p>\n<p>《断易天机》解</p>\n<p>恒卦震上巽下，为震宫三世卦。恒卦的意思就是要坚持、恒定、有恒心，这样才能获得亨通。</p>\n<p>北宋易学家邵雍解</p>\n<p>经常恒久，长久不变；君子以利，不易其方。</p>\n<p>得此卦者，须立身正道，坚守不易，持续努力，必能亨通。缺少毅力，朝三暮四者则不会成功。</p>\n<p>台湾国学大儒傅佩荣解</p>\n<p>时运：努力耕耘，不可躁进。</p>\n<p>财运：贸易之地，不可更改。</p>\n<p>家宅：方向不改；百年好合。</p>\n<p>身体：气喘有痰，仍服旧方。</p>\n<p>传统解卦</p>\n<p>这个卦是异卦（下巽上震）相叠。震为男、为雷；巽为女、为风。震刚在上，巽柔在下。刚上柔下，造化有常，相互助长。阴阳相应，常情，故称为恒。</p>\n<p>大象：震者为动，宜向外发展，巽为入，为内向，一内一外，各居本位，故能永恒不变，喻夫妇之道。</p>\n<p>运势：万事亨通，能恒久努力，安守本份则吉，妄动则招灾。</p>\n<p>事业：诸事无不成于恒，持之以恒，必有成效。恒乃成功之本。为此，务必动机纯正，守静而勿躁动，不可急于求成，也不可固守死道，应从个人实际出发。最忌人云亦云，最宜随机应变。如此，诸事顺而成。</p>\n<p>经商：大胆行动，有所往必有所利。注意市场行情和周围的情况。随时变化经营策略，但不得改变常理常道，坚持慎重选择的方向，勿追随潮流。忌不自量而冒险强求。</p>\n<p>求名：有始有终，善始善终，立于正道，坚持不懈，学习方面尤应提高涵养，必可成。</p>\n<p>婚恋：好事多磨，有曲折，唯不可见异思迁，和睦相处，勿固执己见。</p>\n<p>决策：循序渐进，不要在一开始时期望过高，但不能因此放弃追求，应脚踏实地，从实际也发，不要好高骛远，更不可不自量，勿冒险激进，勿反复无常。坚信宇宙常新，不断修正自己的见解，补充新内容。</p>\n<p>第三十二卦的哲学含义</p>\n<p>恒卦卦象，雷风恒卦的象征意义</p>\n<p>恒卦，这个卦是异卦相叠，巽为下卦，震为上卦。震为男、为雷；巽为女、为风。震刚在上，巽柔在下。刚上柔下，造化有常，相互助长。阴阳相应，常情，故称为恒。</p>\n<p>恒卦位于咸卦之后，《序卦》中说道：“夫妇之道不可以不久也，故受之以恒。恒者，久也。”咸卦描述男女感应，推及夫妇之道；在迅速引发情感之后，接着要考虑的是长久维持，所以出现了恒卦。</p>\n<p>《象》中这样解释恒卦：雷风，恒；君子以立不易方。这里指出，恒卦的卦象是巽（风）下震（雷）上，为风雷交加之表象，二者常是相辅相成而不停地活动的形象，因而象征常久；君子效法这一现象，应当树立自身的形象，坚守常久不变的正道。</p>\n<p>从卦象上进行分析，恒卦上卦为震为雷为长子，下卦为巽为风为长女，雷动风随，这是自然界最大的永远相随的形象，也是人们都能看到的形象。一打雷接着就会刮风,古人从这一自然现象来说明阴阳相随的道理。从而引申出夫妇亦应当像雷与风一样永远和睦相处。上一卦咸卦为少男与少女，这一卦则变为长子长女，这是喻示着男女由年少的相恋，到现在已经长大成熟，成为持久的夫妇关系。恒卦中内卦为巽外卦为震，则表示妻主内男主外的生活模式。</p>",
    "title": "九二爻",
    "content": "<p>九二爻辞</p><p>九二。悔亡。</p><p>象曰：九二悔亡，能久中也。</p><p>白话文解释</p><p>九二：没有悔恨。</p><p>《象辞》说：</p><p>九二爻辞</p><p>说没有悔恨，因为能坚守中正之道。</p><p>北宋易学家邵雍解</p><p>平：得此爻者，安分守己则无忧。做官的宜洁身自爱，谨慎行事。</p><p>台湾国学大儒傅佩荣解</p><p>时运：稳住阵脚，可以免祸。</p><p>财运：苦撑待变，将可回本。</p><p>家宅：位置不利，须待十年。</p><p>身体：尚称平顺。</p><p>九二变卦</p><p>九二爻动变得周易第62卦：雷山小过。这个卦是异卦（下艮上震）相叠。艮为山，震为雷，过山雷鸣，不可不畏惧。阳为大，阴为小，卦外四阴超过中二阳，故称“小过”，小有越过。</p><p>九二爻</p><p>的哲学含义</p><p>恒卦第二爻，爻辞：九二：悔亡。爻辞释义</p><p>亡：是指自行消失。</p><p>本爻辞的意思是：悔恨自行消除。</p><p>从卦象上看，九二属于阳爻居柔位，本有失正之悔，但是由于其居位而应中，能谨守中道而恒久不偏，所以能消除失正之悔。</p><p>《象》中这样分析此爻：九二“悔亡”，能久中也。这里指出，九二这一爻能够使“悔恨自行消除”，是由于它能够常久地守中不偏的缘故。</p><p>占得此爻者，应该记住本爻的启示，在处理问题时要坚持不偏不倚的原则，这样便没有什么可担忧的，“人存中正德，守己自然安”，做事坚持正道，安分守己，一切都会变得顺利。</p><p>占得此爻者，如果现在正为所做过的事情后悔，那么不妨离开一段时间，或者是转移一下注意力，后悔就会自行消除了。</p><p>女子占得此爻，表示争强好胜，才能突出，在男人面前很强势，对丈夫横加指责或挑剔，有些违逆不敬的现象存在。但是女人对其丈夫是忠诚的，并无悖德行为发生，所以不会有灾祸，也不会发生什么后悔的事情。</p><p>九二爻居于下卦的中位，又与六五相应，所以不会有悔恨的事情发生。在恒卦中，九二能够恒久地守于中庸之道，既不过激也不过缓，所以可以恒而有成，不会造成悔恨。</p>",
    "bgtitle": "雷山小过",
    "bgcontent": "这个卦是异卦（下艮上震）相叠。艮为山，震为雷，过山雷鸣，不可不畏惧。阳为大，阴为小，卦外四阴超过中二阳，故称“小过”，小有越过。"
}