{
    "gname": "雷风恒",
    "gcontent": "<p>周易第三十二卦详解</p>\n<p>恒卦原文</p>\n<p>恒。亨，无咎，利贞。利有攸往。</p>\n<p>象曰：雷风，恒。君子以立不易方。</p>\n<p>白话文解释</p>\n<p>恒卦：通达，没有过失，吉利的卜问。有所往则有利。</p>\n<p>《象辞》说：本卦上卦为震，震为雷，下卦为巽，巽为风，风雷荡涤，宇宙常新，这是恒卦的卦象。君子观此卦象，从而立于正道，坚守不易。</p>\n<p>《断易天机》解</p>\n<p>恒卦震上巽下，为震宫三世卦。恒卦的意思就是要坚持、恒定、有恒心，这样才能获得亨通。</p>\n<p>北宋易学家邵雍解</p>\n<p>经常恒久，长久不变；君子以利，不易其方。</p>\n<p>得此卦者，须立身正道，坚守不易，持续努力，必能亨通。缺少毅力，朝三暮四者则不会成功。</p>\n<p>台湾国学大儒傅佩荣解</p>\n<p>时运：努力耕耘，不可躁进。</p>\n<p>财运：贸易之地，不可更改。</p>\n<p>家宅：方向不改；百年好合。</p>\n<p>身体：气喘有痰，仍服旧方。</p>\n<p>传统解卦</p>\n<p>这个卦是异卦（下巽上震）相叠。震为男、为雷；巽为女、为风。震刚在上，巽柔在下。刚上柔下，造化有常，相互助长。阴阳相应，常情，故称为恒。</p>\n<p>大象：震者为动，宜向外发展，巽为入，为内向，一内一外，各居本位，故能永恒不变，喻夫妇之道。</p>\n<p>运势：万事亨通，能恒久努力，安守本份则吉，妄动则招灾。</p>\n<p>事业：诸事无不成于恒，持之以恒，必有成效。恒乃成功之本。为此，务必动机纯正，守静而勿躁动，不可急于求成，也不可固守死道，应从个人实际出发。最忌人云亦云，最宜随机应变。如此，诸事顺而成。</p>\n<p>经商：大胆行动，有所往必有所利。注意市场行情和周围的情况。随时变化经营策略，但不得改变常理常道，坚持慎重选择的方向，勿追随潮流。忌不自量而冒险强求。</p>\n<p>求名：有始有终，善始善终，立于正道，坚持不懈，学习方面尤应提高涵养，必可成。</p>\n<p>婚恋：好事多磨，有曲折，唯不可见异思迁，和睦相处，勿固执己见。</p>\n<p>决策：循序渐进，不要在一开始时期望过高，但不能因此放弃追求，应脚踏实地，从实际也发，不要好高骛远，更不可不自量，勿冒险激进，勿反复无常。坚信宇宙常新，不断修正自己的见解，补充新内容。</p>\n<p>第三十二卦的哲学含义</p>\n<p>恒卦卦象，雷风恒卦的象征意义</p>\n<p>恒卦，这个卦是异卦相叠，巽为下卦，震为上卦。震为男、为雷；巽为女、为风。震刚在上，巽柔在下。刚上柔下，造化有常，相互助长。阴阳相应，常情，故称为恒。</p>\n<p>恒卦位于咸卦之后，《序卦》中说道：“夫妇之道不可以不久也，故受之以恒。恒者，久也。”咸卦描述男女感应，推及夫妇之道；在迅速引发情感之后，接着要考虑的是长久维持，所以出现了恒卦。</p>\n<p>《象》中这样解释恒卦：雷风，恒；君子以立不易方。这里指出，恒卦的卦象是巽（风）下震（雷）上，为风雷交加之表象，二者常是相辅相成而不停地活动的形象，因而象征常久；君子效法这一现象，应当树立自身的形象，坚守常久不变的正道。</p>\n<p>从卦象上进行分析，恒卦上卦为震为雷为长子，下卦为巽为风为长女，雷动风随，这是自然界最大的永远相随的形象，也是人们都能看到的形象。一打雷接着就会刮风,古人从这一自然现象来说明阴阳相随的道理。从而引申出夫妇亦应当像雷与风一样永远和睦相处。上一卦咸卦为少男与少女，这一卦则变为长子长女，这是喻示着男女由年少的相恋，到现在已经长大成熟，成为持久的夫妇关系。恒卦中内卦为巽外卦为震，则表示妻主内男主外的生活模式。</p>",
    "title": "上九爻",
    "content": "<p>上六爻辞</p><p>上六。振恒，凶。</p><p>象曰：振恒在上，大无功也。</p><p>白话文解释</p><p>上六：久动不息，凶险。</p><p>《象辞》说：统治者朝令夕改，政令无常，其结果必所向无功。</p><p>北宋易学家邵雍解</p><p>凶：得此爻者，求名望利，小能成，大则无功，女人不利夫子。做官的会很劳累，多动少静。</p><p>台湾国学大儒傅佩荣解</p><p>时运：功名已尽，不可妄动。</p><p>财运：不愿结算，无利可言。</p><p>家宅：旧宅不改；再娶必凶。</p><p>身体：小心保养。</p><p>上六变卦</p><p>上六爻动变得周易第50卦：火风鼎。这个卦是异卦（下巽上离）相叠。燃木煮食，化生为熟，除旧布新的意思。鼎为重宝大器，三足稳重之象。煮食，喻食物充足，不再有困难和困扰。在此基础上宜变革，发展事业。</p><p>上九爻</p><p>的哲学含义</p><p>恒卦第六爻，爻辞：上六：振恒，凶。</p><p>恒卦第六爻，爻辞：上六：振恒，凶。爻辞释义</p><p>本爻辞的意思是：摇摆不定，不能坚守常久之道，凶险。</p><p>《象》分析此爻说：振恒在上，大无功也。这里指出：摇摆不定，不能坚守常久之道，但是又高高在上，终将一无所成，不会有所建树。</p><p>从卦象上看，上六居于全卦最高位置，有如上位者。如果他不断地改变政策和作风，别人将无所适从。占得此爻者，做事要有恒心，耐住性子，坚持始终才会有所收获。倘若见异思迁，好动不止，不能守恒，是成不了大事的。</p><p>从夫妻关系上看，若是不能“守恒”，不能对妻子保持忠诚，而是在外面拈花惹草，动念不止，夫妻之情是难以恒久的，结果也必然凶险。</p><p>上六：振恒，凶。</p><p>象曰：振恒在上，大无功也。</p><p>经文意思是：震动长时间不停，凶险。</p><p>象辞意思是：上六在最上位摇摆不定，什么事也办不成所以有凶险。</p><p>上六处于全卦的最高处，可是他由于又是震卦的最上爻，所以有剧烈摆动的形象。身临高位而摇摆不定，是不会有所作为的，所以上六凶险。《老子》中说：“治大国，若烹小鲜。”什么意思呢？就是说治理大的邦国，政策不能频繁改动，如果朝令夕改，那么百姓很难明白国君的政策到底是什么。因为古代信息不发达，所以大国家的君王要像烹饪小鱼小虾一样治理国家，小鱼小虾烹饪时不能经常翻动，如果翻动就会变成碎末，所以治大国也要这样。而上六就好比一个经常改变自己主意的君王，怎么会不凶险呢？</p>",
    "bgtitle": "火风鼎",
    "bgcontent": "这个卦是异卦（下巽上离）相叠。燃木煮食，化生为熟，除旧布新的意思。鼎为重宝大器，三足稳重之象。煮食，喻食物充足，不再有困难和困扰。在此基础上宜变革，发展事业。"
}