{
    "gname": "雷风恒",
    "gcontent": "<p>周易第三十二卦详解</p>\n<p>恒卦原文</p>\n<p>恒。亨，无咎，利贞。利有攸往。</p>\n<p>象曰：雷风，恒。君子以立不易方。</p>\n<p>白话文解释</p>\n<p>恒卦：通达，没有过失，吉利的卜问。有所往则有利。</p>\n<p>《象辞》说：本卦上卦为震，震为雷，下卦为巽，巽为风，风雷荡涤，宇宙常新，这是恒卦的卦象。君子观此卦象，从而立于正道，坚守不易。</p>\n<p>《断易天机》解</p>\n<p>恒卦震上巽下，为震宫三世卦。恒卦的意思就是要坚持、恒定、有恒心，这样才能获得亨通。</p>\n<p>北宋易学家邵雍解</p>\n<p>经常恒久，长久不变；君子以利，不易其方。</p>\n<p>得此卦者，须立身正道，坚守不易，持续努力，必能亨通。缺少毅力，朝三暮四者则不会成功。</p>\n<p>台湾国学大儒傅佩荣解</p>\n<p>时运：努力耕耘，不可躁进。</p>\n<p>财运：贸易之地，不可更改。</p>\n<p>家宅：方向不改；百年好合。</p>\n<p>身体：气喘有痰，仍服旧方。</p>\n<p>传统解卦</p>\n<p>这个卦是异卦（下巽上震）相叠。震为男、为雷；巽为女、为风。震刚在上，巽柔在下。刚上柔下，造化有常，相互助长。阴阳相应，常情，故称为恒。</p>\n<p>大象：震者为动，宜向外发展，巽为入，为内向，一内一外，各居本位，故能永恒不变，喻夫妇之道。</p>\n<p>运势：万事亨通，能恒久努力，安守本份则吉，妄动则招灾。</p>\n<p>事业：诸事无不成于恒，持之以恒，必有成效。恒乃成功之本。为此，务必动机纯正，守静而勿躁动，不可急于求成，也不可固守死道，应从个人实际出发。最忌人云亦云，最宜随机应变。如此，诸事顺而成。</p>\n<p>经商：大胆行动，有所往必有所利。注意市场行情和周围的情况。随时变化经营策略，但不得改变常理常道，坚持慎重选择的方向，勿追随潮流。忌不自量而冒险强求。</p>\n<p>求名：有始有终，善始善终，立于正道，坚持不懈，学习方面尤应提高涵养，必可成。</p>\n<p>婚恋：好事多磨，有曲折，唯不可见异思迁，和睦相处，勿固执己见。</p>\n<p>决策：循序渐进，不要在一开始时期望过高，但不能因此放弃追求，应脚踏实地，从实际也发，不要好高骛远，更不可不自量，勿冒险激进，勿反复无常。坚信宇宙常新，不断修正自己的见解，补充新内容。</p>\n<p>第三十二卦的哲学含义</p>\n<p>恒卦卦象，雷风恒卦的象征意义</p>\n<p>恒卦，这个卦是异卦相叠，巽为下卦，震为上卦。震为男、为雷；巽为女、为风。震刚在上，巽柔在下。刚上柔下，造化有常，相互助长。阴阳相应，常情，故称为恒。</p>\n<p>恒卦位于咸卦之后，《序卦》中说道：“夫妇之道不可以不久也，故受之以恒。恒者，久也。”咸卦描述男女感应，推及夫妇之道；在迅速引发情感之后，接着要考虑的是长久维持，所以出现了恒卦。</p>\n<p>《象》中这样解释恒卦：雷风，恒；君子以立不易方。这里指出，恒卦的卦象是巽（风）下震（雷）上，为风雷交加之表象，二者常是相辅相成而不停地活动的形象，因而象征常久；君子效法这一现象，应当树立自身的形象，坚守常久不变的正道。</p>\n<p>从卦象上进行分析，恒卦上卦为震为雷为长子，下卦为巽为风为长女，雷动风随，这是自然界最大的永远相随的形象，也是人们都能看到的形象。一打雷接着就会刮风,古人从这一自然现象来说明阴阳相随的道理。从而引申出夫妇亦应当像雷与风一样永远和睦相处。上一卦咸卦为少男与少女，这一卦则变为长子长女，这是喻示着男女由年少的相恋，到现在已经长大成熟，成为持久的夫妇关系。恒卦中内卦为巽外卦为震，则表示妻主内男主外的生活模式。</p>",
    "title": "九五爻",
    "content": "<p>六五爻辞</p><p>六五。恒其德，贞。妇人吉，夫子凶。</p><p>象曰：妇人贞吉，从一而终也。夫子制义，从妇凶也。</p><p>白话文解释</p><p>六五：操行一贯。卜得妇人吉利，丈夫凶险。</p><p>《象辞》说：爻辞讲妇人操守贞洁则吉利，这是符合从夫以终其身的道理。丈夫则因事制义，其道多方，如果以妇德来约束男子，则必遭凶险。</p><p>北宋易学家邵雍解</p><p>凶：得此爻者，多招毁谤，有所损失。做官的多阿谀权势而有失。</p><p>台湾国学大儒傅佩荣解</p><p>时运：迷恋感情，因小失大。</p><p>财运：只见小利，如何致富。</p><p>家宅：女强男弱；女占喜，男占凶。</p><p>身体：男女异命。</p><p>六五变卦</p><p>六五爻动变得周易第28卦：泽风大过。这个卦是异卦（下巽上兑）相叠。兑为泽、为悦，巽为木、为顺，泽水淹舟，遂成大错。阴阳爻相反，阳大阴小，行动非常，有过度形象，内刚外柔。</p><p>九五爻</p><p>的哲学含义</p><p>恒卦第五爻，爻辞：六五：恒其德，贞；妇人吉，夫子凶。爻辞释义</p><p>本爻辞的意思是：长久地保持美德，坚守正道。对女子吉祥，对男子有凶</p><p>六五这一爻，要看占之者是男是女，同样要求做到“恒”，对于女人来说，</p><p>强调的是嫁人及夫妻关系，对于男人则调强的做事，开创事业，所以男女“丨亘”的结果是不同的。</p><p>《象》这样分析本爻：妇人贞吉，从一而终也；夫子制义，从妇凶也。这里指出，女人恒其美德，坚守正道可以获得吉祥，是说女人一生应该只嫁一个丈夫，终身都不能改嫁他人；男人遇事应当果断处理，如果像女人那样只知顺从、优柔寡断的话，就会遭遇凶险。因为男人在社交活动中，要因事制宜，善于权变，如果像女人一样处处唯唯诺诺，默守陈规陋俗，缺乏开创精神，是很难有所成就的，甚至会出现不能挣钱养家的情况。</p><p>六五以阴柔之德居于尊位，虽不得位但是居中，所以能够坚守中庸之道。六五的恒久相对妇人来讲是吉祥的。因为跟一个男人白头到老符合封建的礼教思想。可是男人如果像女人一样就会凶险了，这是怎么回事呢？其实六五的夫子指的便是九二与九四。六五地位髙于九二与九四，所以九二与九四必须听从六五的，故此爻辞中说六五的丈夫凶险。而六五的吉祥则来自于她在九二与九四之间选一个人作为自己的丈夫，并且能够从一而终，所以吉祥。从卦象上分析，他选择的应当是九四。也正因为这样，九四才会“田无禽”。因为九四与初六相应，有相恋之象，可是由于与六五的关系，他又无法与初六进一步发展，所以“无禽”。</p>",
    "bgtitle": "泽风大过",
    "bgcontent": "这个卦是异卦（下巽上兑）相叠。兑为泽、为悦，巽为木、为顺，泽水淹舟，遂成大错。阴阳爻相反，阳大阴小，行动非常，有过度形象，内刚外柔。"
}