{
    "gname": "雷水解",
    "gcontent": "<p>周易第四十卦详解</p>\n<p>解卦原文</p>\n<p>解。利西南。无所往，其来复吉。有攸往，夙吉。</p>\n<p>象曰：雷雨作，解。君子以赦过宥罪。</p>\n<p>白话文解释</p>\n<p>解卦：利于西南行，但是，若没有确定的目标，则不如返回，返回吉利。如果有确定的目标，则宜早行，早行吉利。</p>\n<p>《象辞》说：本卦上卦为震，震为雷；下卦为坎，坎为雨，雷雨并作，化育万物，是解卦的卦象。君子观此卦象，从而赦免过失，宽宥罪人。</p>\n<p>《断易天机》解</p>\n<p>解卦震上坎下，为震宫二世卦。震为动，坎为险，遇险而动，为即将脱险走出困境之兆，因此多主吉。</p>\n<p>北宋易学家邵雍解</p>\n<p>艰难化散，排难解纷；把握时机，趁早进行。</p>\n<p>得此卦者，能解脱先前之困难，宜把握良机，求谋事业，出外谋事者更佳。</p>\n<p>台湾国学大儒傅佩荣解</p>\n<p>时运：灾难已解，声名大起。</p>\n<p>财运：天时地利，人和为贵。</p>\n<p>家宅：祈祷解厄；婚姻吉祥。</p>\n<p>身体：药到病除。</p>\n<p>传统解卦</p>\n<p>这个卦是异卦（下坎上震）相叠。震为雷、为动；坎为水、为险。险在内，动在外。严冬天地闭塞，静极而动。万象更新，冬去春来，一切消除，是为解。</p>\n<p>大象：春雷大作，大地解冻，喻冬去春来生机再现。</p>\n<p>运势：宜把握良机，快速处理身边困境，更宜出外求谋，因贵人在远方，以西南为吉方。</p>\n<p>事业：元气初复，宜休养生息，安静平易为佳，宜宽宜和。当准备就绪则应立即行动，争取主动，不可拖廷，所往必有功利，但切勿贪得无厌。克勤克俭，刚柔相济，以柔为主。远避小人，团结君子，相互依托，共成事业。</p>\n<p>经商：行动贵神速，积极而为，方可摆脱险境。行商宜循正道，切勿招摇过市，此乃愚蠢行动，必自招灾祸。</p>\n<p>求名：初出茅庐，应继续充实自己。待机行动。尤应远小人，近君子和有才德的人，以期迅速提高自己。</p>\n<p>婚恋：应适时进行。夫妻和衷共济，可家庭和睦，免除灾难。</p>\n<p>决策：稳妥为宜，亦不应冒险，因一切尚在元气初复阶段。为争取大发展，务必宽以待人，以柔致治，广交贤者，遣散小人，以中庸、正直的方式，张驰结合的手段，开拓方兴未艾的事业。</p>\n<p>初九爻的哲学含义</p>\n<p>解卦卦象，雷水解卦的象征意义</p>\n<p>解卦，本卦是异卦相叠，下卦为坎，上卦为震。震为雷、为动；坎为水、为险。险在内，动在外。本卦的大意是，等严冬过后，当人们听到天上第一个雷声时，就知道地上的水已经冰消雪化，春天到来了。这意味着万物已经从不适于生存的寒冬解脱出来。“严冬天地闭塞，静极而动。万象更新，冬去春来，一切消除，是为解。”</p>\n<p>从另一个角度看，坎下震上，是说在危险中只要能积极坚持活动，终有一天会从困难的险境中解脱出来。</p>\n<p>解卦，位于蹇卦之后。《序卦传》中这样解释道：“物不可以终难，故受之以解；解者缓也。”意思是事物不可能一直处于危难之中，所以在表示险难的蹇卦之后接着是解卦，意思是险难缓解。</p>\n<p>《象》中这样分析本卦：雷雨作，解；君子以赦过宥罪。这里指出：解卦的卦象是坎（水）下震（雷）上，坎又代表雨；为春雷阵阵，春雨瀟瀟，万物舒展生长之表象，充分显示了解卦所蕴含的解除危难的含义。君子应该学习这种精神，赦免有过失的人，宽恕有罪恶的人，给他们重新做人的机会。解卦所启示的道理就是：柔道致治。</p>\n<p>解卦象征着灾祸危难的舒解，属于中上卦。《象》中这样来断此卦：目下月令如过关，千辛万苦受熬煎，时来恰相有人救，任意所为不相干。</p>",
    "title": "九五爻",
    "content": "<p>六五爻辞</p><p>六五。君子维有解，吉，有孚于小人。</p><p>象曰：君子有解，小人退也。</p><p>白话文解释</p><p>六五：君子被拘囚后又获释，吉利；小人则将受罚。</p><p>《象辞》说：君子解除了小人的职务，说明小人被摒退。</p><p>北宋易学家邵雍解</p><p>吉：得此爻者，正当好运，君子有利，病者愈。做官的会身居要职。</p><p>台湾国学大儒傅佩荣解</p><p>时运：正运亨通，君子有利。</p><p>财运：自然作去，就有利润。</p><p>家宅：福宅可居；婚姻吉祥。</p><p>身体：恢复正气。</p><p>六五变卦</p><p>六五爻动变得周易第47卦：泽水困。这个卦是异卦（下坎上兑）相叠。兑为阴为泽喻悦；坎为阳为水喻险。泽水困，陷入困境，才智难以施展，仍坚守正道，自得其乐，必可成事，摆脱困境。</p><p>九五爻</p><p>的哲学含义</p><p>解卦第五爻，爻辞：六五：君子维有解，吉，有孚于小人。爻辞释义维：语气词。</p><p>本爻辞的意思是：君子只有消除了险阻，才会有吉祥；同时，也只有这样，才有可能去赢得小人的柄服。</p><p>从卦象上看，六五居上卦的中位，有恩威并施之象。六五阴爻居阳位，具有柔顺的特性，能亲近贤能的大臣，但对小人也有信用。一方面任用阳刚君子去除奸邪小人，一方面也用诚信去安抚感化小人，给其改正的机会，使矛盾得到了缓</p><p>解。</p><p>《象》中这样本爻：君子有解，小人退也。这里指出：君子只有消除了险阻，才有可能去赢得小人的信服。这里强调的是阳长阴消的道理，坚持自己的正气，邪气自然就会退缩乃至消失。</p><p>占得此爻者，在工作中对待下属，一方面要任用有能力之人，另一方面对待小人也不要放弃或惩罚，而应采用感化的方法，使其转变过来。</p><p>六五：君子维有解，吉；有孚于小人。</p><p>象曰：君子有解，小人退也。</p><p>经文意思是：君子解脱了困境，吉祥；用诚信感化小人。</p><p>象辞意思是：君子得到解脱，小人势力消退。</p><p>六五处于尊位，相当于国君。可是他处于上互卦坎卦的上爻，所以有险难与被缚之象。但谁能够把国君缚束起来呢？一般来讲是没有人敢这样做的。但是一些小人围靠在君王左右，就像绳子将君王捆住一样。君王如何摆脱这种困境呢？只有亲贤臣远小人。六五做到了，他与九四这位贤臣相合，与九二这个贤臣相应，所以他解除了小人对自己的羁绊。能够自我解除羁绊，当然吉祥了。君王这样做，其实正是在感化小人，让小人成为君子。</p>",
    "bgtitle": "泽水困",
    "bgcontent": "这个卦是异卦（下坎上兑）相叠。兑为阴为泽喻悦；坎为阳为水喻险。泽水困，陷入困境，才智难以施展，仍坚守正道，自得其乐，必可成事，摆脱困境。"
}