{
    "gname": "雷水解",
    "gcontent": "<p>周易第四十卦详解</p>\n<p>解卦原文</p>\n<p>解。利西南。无所往，其来复吉。有攸往，夙吉。</p>\n<p>象曰：雷雨作，解。君子以赦过宥罪。</p>\n<p>白话文解释</p>\n<p>解卦：利于西南行，但是，若没有确定的目标，则不如返回，返回吉利。如果有确定的目标，则宜早行，早行吉利。</p>\n<p>《象辞》说：本卦上卦为震，震为雷；下卦为坎，坎为雨，雷雨并作，化育万物，是解卦的卦象。君子观此卦象，从而赦免过失，宽宥罪人。</p>\n<p>《断易天机》解</p>\n<p>解卦震上坎下，为震宫二世卦。震为动，坎为险，遇险而动，为即将脱险走出困境之兆，因此多主吉。</p>\n<p>北宋易学家邵雍解</p>\n<p>艰难化散，排难解纷；把握时机，趁早进行。</p>\n<p>得此卦者，能解脱先前之困难，宜把握良机，求谋事业，出外谋事者更佳。</p>\n<p>台湾国学大儒傅佩荣解</p>\n<p>时运：灾难已解，声名大起。</p>\n<p>财运：天时地利，人和为贵。</p>\n<p>家宅：祈祷解厄；婚姻吉祥。</p>\n<p>身体：药到病除。</p>\n<p>传统解卦</p>\n<p>这个卦是异卦（下坎上震）相叠。震为雷、为动；坎为水、为险。险在内，动在外。严冬天地闭塞，静极而动。万象更新，冬去春来，一切消除，是为解。</p>\n<p>大象：春雷大作，大地解冻，喻冬去春来生机再现。</p>\n<p>运势：宜把握良机，快速处理身边困境，更宜出外求谋，因贵人在远方，以西南为吉方。</p>\n<p>事业：元气初复，宜休养生息，安静平易为佳，宜宽宜和。当准备就绪则应立即行动，争取主动，不可拖廷，所往必有功利，但切勿贪得无厌。克勤克俭，刚柔相济，以柔为主。远避小人，团结君子，相互依托，共成事业。</p>\n<p>经商：行动贵神速，积极而为，方可摆脱险境。行商宜循正道，切勿招摇过市，此乃愚蠢行动，必自招灾祸。</p>\n<p>求名：初出茅庐，应继续充实自己。待机行动。尤应远小人，近君子和有才德的人，以期迅速提高自己。</p>\n<p>婚恋：应适时进行。夫妻和衷共济，可家庭和睦，免除灾难。</p>\n<p>决策：稳妥为宜，亦不应冒险，因一切尚在元气初复阶段。为争取大发展，务必宽以待人，以柔致治，广交贤者，遣散小人，以中庸、正直的方式，张驰结合的手段，开拓方兴未艾的事业。</p>\n<p>初九爻的哲学含义</p>\n<p>解卦卦象，雷水解卦的象征意义</p>\n<p>解卦，本卦是异卦相叠，下卦为坎，上卦为震。震为雷、为动；坎为水、为险。险在内，动在外。本卦的大意是，等严冬过后，当人们听到天上第一个雷声时，就知道地上的水已经冰消雪化，春天到来了。这意味着万物已经从不适于生存的寒冬解脱出来。“严冬天地闭塞，静极而动。万象更新，冬去春来，一切消除，是为解。”</p>\n<p>从另一个角度看，坎下震上，是说在危险中只要能积极坚持活动，终有一天会从困难的险境中解脱出来。</p>\n<p>解卦，位于蹇卦之后。《序卦传》中这样解释道：“物不可以终难，故受之以解；解者缓也。”意思是事物不可能一直处于危难之中，所以在表示险难的蹇卦之后接着是解卦，意思是险难缓解。</p>\n<p>《象》中这样分析本卦：雷雨作，解；君子以赦过宥罪。这里指出：解卦的卦象是坎（水）下震（雷）上，坎又代表雨；为春雷阵阵，春雨瀟瀟，万物舒展生长之表象，充分显示了解卦所蕴含的解除危难的含义。君子应该学习这种精神，赦免有过失的人，宽恕有罪恶的人，给他们重新做人的机会。解卦所启示的道理就是：柔道致治。</p>\n<p>解卦象征着灾祸危难的舒解，属于中上卦。《象》中这样来断此卦：目下月令如过关，千辛万苦受熬煎，时来恰相有人救，任意所为不相干。</p>",
    "title": "初九爻",
    "content": "<p>初六爻辞</p><p>初六。无咎。</p><p>象曰：刚柔之际，义无咎也。</p><p>白话文解释</p><p>初六：筮遇此爻，没有灾难。</p><p>《象辞》说：初六与九二相接，为刚柔相应之象，喻君臣、夫妻和衷共济，其义自无灾难。</p><p>北宋易学家邵雍解</p><p>平：得此爻者，经营者吉，未婚者配。做官的德位相称，晋升有望，读书人会取得好成绩。</p><p>台湾国学大儒傅佩荣解</p><p>时运：困难初解，不可妄动。</p><p>财运：没有损失，即是幸事。</p><p>家宅：平安度日。</p><p>身体：一切无恙。</p><p>初六变卦</p><p>初六爻动变得周易第54卦：雷泽归妹。这个卦是异卦（下兑上震）相叠。震为动、为长男；兑为悦、为少女。以少女从长男，产生爱慕之情，有婚姻之动，有嫁女之象，故称归妹。</p><p>初九爻的哲学含义</p><p>解卦第一爻，爻辞：初六：无咎。爻辞释义</p><p>本爻辞的意思是：处在危难才解的情形下，没有什么过失和不当的。</p><p>这一爻是解除困难的时刻，初六是阴爻居柔位，在解卦最下端，柔顺，位置不显著，所以安全。而且，初六与上卦的九四，阴阳相应，虽然不会大吉，也没有灾难。</p><p>《象》中这样解释本爻：刚柔之际，义无咎也。这里指出：处在刚柔相济、相辅相成的地位，是不会有什么过失和不当的。</p><p>占得此爻者，没有灾，没有祸，没有错，没有罪，一切平安。这意味着所从事业正向好的方面转化，从险阻状态回归到正常状态，不过现在不宜立刻行动，而应做好行动的准备。</p><p>初六：无咎。</p><p>象曰：刚柔之际，义无咎也。</p><p>经文意思是：没有灾难。</p><p>象辞意思是：初六与九二刚柔相济，合乎道义所以没有灾难。</p><p>初六爻是解卦下卦坎的最下爻，坎为险，所以初六处于险难的边缘，并且初六柔爻居奇位，所以处境不是很好。可是由于与九二阴阳相合，并且与九四相应，所解除初六的灾难。也就是说初六虽然有难，但可以解脱，所以“无咎”。</p>",
    "bgtitle": "雷泽归妹",
    "bgcontent": "这个卦是异卦（下兑上震）相叠。震为动、为长男；兑为悦、为少女。以少女从长男，产生爱慕之情，有婚姻之动，有嫁女之象，故称归妹。"
}