{
    "gname": "雷水解",
    "gcontent": "<p>周易第四十卦详解</p>\n<p>解卦原文</p>\n<p>解。利西南。无所往，其来复吉。有攸往，夙吉。</p>\n<p>象曰：雷雨作，解。君子以赦过宥罪。</p>\n<p>白话文解释</p>\n<p>解卦：利于西南行，但是，若没有确定的目标，则不如返回，返回吉利。如果有确定的目标，则宜早行，早行吉利。</p>\n<p>《象辞》说：本卦上卦为震，震为雷；下卦为坎，坎为雨，雷雨并作，化育万物，是解卦的卦象。君子观此卦象，从而赦免过失，宽宥罪人。</p>\n<p>《断易天机》解</p>\n<p>解卦震上坎下，为震宫二世卦。震为动，坎为险，遇险而动，为即将脱险走出困境之兆，因此多主吉。</p>\n<p>北宋易学家邵雍解</p>\n<p>艰难化散，排难解纷；把握时机，趁早进行。</p>\n<p>得此卦者，能解脱先前之困难，宜把握良机，求谋事业，出外谋事者更佳。</p>\n<p>台湾国学大儒傅佩荣解</p>\n<p>时运：灾难已解，声名大起。</p>\n<p>财运：天时地利，人和为贵。</p>\n<p>家宅：祈祷解厄；婚姻吉祥。</p>\n<p>身体：药到病除。</p>\n<p>传统解卦</p>\n<p>这个卦是异卦（下坎上震）相叠。震为雷、为动；坎为水、为险。险在内，动在外。严冬天地闭塞，静极而动。万象更新，冬去春来，一切消除，是为解。</p>\n<p>大象：春雷大作，大地解冻，喻冬去春来生机再现。</p>\n<p>运势：宜把握良机，快速处理身边困境，更宜出外求谋，因贵人在远方，以西南为吉方。</p>\n<p>事业：元气初复，宜休养生息，安静平易为佳，宜宽宜和。当准备就绪则应立即行动，争取主动，不可拖廷，所往必有功利，但切勿贪得无厌。克勤克俭，刚柔相济，以柔为主。远避小人，团结君子，相互依托，共成事业。</p>\n<p>经商：行动贵神速，积极而为，方可摆脱险境。行商宜循正道，切勿招摇过市，此乃愚蠢行动，必自招灾祸。</p>\n<p>求名：初出茅庐，应继续充实自己。待机行动。尤应远小人，近君子和有才德的人，以期迅速提高自己。</p>\n<p>婚恋：应适时进行。夫妻和衷共济，可家庭和睦，免除灾难。</p>\n<p>决策：稳妥为宜，亦不应冒险，因一切尚在元气初复阶段。为争取大发展，务必宽以待人，以柔致治，广交贤者，遣散小人，以中庸、正直的方式，张驰结合的手段，开拓方兴未艾的事业。</p>\n<p>初九爻的哲学含义</p>\n<p>解卦卦象，雷水解卦的象征意义</p>\n<p>解卦，本卦是异卦相叠，下卦为坎，上卦为震。震为雷、为动；坎为水、为险。险在内，动在外。本卦的大意是，等严冬过后，当人们听到天上第一个雷声时，就知道地上的水已经冰消雪化，春天到来了。这意味着万物已经从不适于生存的寒冬解脱出来。“严冬天地闭塞，静极而动。万象更新，冬去春来，一切消除，是为解。”</p>\n<p>从另一个角度看，坎下震上，是说在危险中只要能积极坚持活动，终有一天会从困难的险境中解脱出来。</p>\n<p>解卦，位于蹇卦之后。《序卦传》中这样解释道：“物不可以终难，故受之以解；解者缓也。”意思是事物不可能一直处于危难之中，所以在表示险难的蹇卦之后接着是解卦，意思是险难缓解。</p>\n<p>《象》中这样分析本卦：雷雨作，解；君子以赦过宥罪。这里指出：解卦的卦象是坎（水）下震（雷）上，坎又代表雨；为春雷阵阵，春雨瀟瀟，万物舒展生长之表象，充分显示了解卦所蕴含的解除危难的含义。君子应该学习这种精神，赦免有过失的人，宽恕有罪恶的人，给他们重新做人的机会。解卦所启示的道理就是：柔道致治。</p>\n<p>解卦象征着灾祸危难的舒解，属于中上卦。《象》中这样来断此卦：目下月令如过关，千辛万苦受熬煎，时来恰相有人救，任意所为不相干。</p>",
    "title": "上九爻",
    "content": "<p>上六爻辞</p><p>上六。公用射隼，于高墉之上，获之无不利。</p><p>象曰：公用射隼，以解悖也。</p><p>白话文解释</p><p>上六：在高高的城墙上，王公射中一只鹰，并且抓到了，这没有什么不吉利的。</p><p>《象辞》说：王公射鹰，意在除强去暴。</p><p>北宋易学家邵雍解</p><p>吉：得此爻者，运途顺利，多营谋获利。做官的闲职者会复职，居要位。</p><p>台湾国学大儒傅佩荣解</p><p>时运：运途顺利，须防小寇。</p><p>财运：谨慎防范，有利无损。</p><p>家宅：防备窃盗。</p><p>身体：户外运动。</p><p>上六变卦</p><p>上六爻动变得周易第64卦：火水未济。这个卦是异卦（下坎上离）相叠。离为火，坎为水。火上水下，火势压倒水势，救火大功未成，故称未济。《周易》以乾坤二卦为始，以既济、未济二卦为终，充分反映了变化发展的思想。</p><p>上九爻</p><p>的哲学含义</p><p>解卦第六爻，爻辞：上六：公用射隼于高墉之上，获之，无不利。爻辞释义</p><p>公：诸侯。隼：凶猛贪残的鸟。墉：指城墙。</p><p>本爻辞的意思是：彻底解除内患要象公侯用箭去射那盘踞在高城上的恶鸟，一箭射中，无所不利。</p><p>这一爻启示的道理是对付邪恶应采取果断手段。</p><p>上六这一爻是阴爻居柔位，得位，而且是这一卦的最高位，这一爻，是解卦的终结的一爻，必然一切困难都已经解除。隼，是指凶残的鸟，这里指引起内患的乱臣贼子。上六对贪想高位、不相应的乱臣贼子就像对站在高墙上射隼一样，将其射落，一切都很吉利。</p><p>《象》中这样解释本爻：“公用射隼”，以解悖也。这里指出：“象公侯用箭去射那盘踞在高城上的恶鸟”，君主应如此去解除因悖逆所造成的危难。</p><p>占得此爻者，在事业上或家庭中出现矛盾，这些矛盾来自于公司的领导层或是家庭成员。面对这种情况，必须痛下决心，敢于面对，不要拖泥带水，要把这个矛盾尽快解除掉。</p><p>上六：公用射隼，于高墉之上，获之，无不利。</p><p>象曰：公用射阜，以解蜂也。</p><p>经文意思是：王公在高墙上射大鹰，射中了，没有不利的。</p><p>象辞思思是：王公射大鹰，是为了解除恃逆者。</p><p>上六处于解卦的最上爻，所以为“高墉”。王公为什么要站到高墙上射大鹰呢？这是为了给天下人看。王公射大鹰，其实喻示的是征讨不归顺的诸侯国。征讨叛乱的诸侯国，是为了使天下统一和平，是以战争解除战争的威胁。对于一个国家来说，既需要用“却千里马”的方式解除小人的羁绊，也需要用武力去解除叛乱的威胁，这就是文治武备。王公讨伐叛乱获得成功，当然不会有不利的因素了。</p>",
    "bgtitle": "火水未济",
    "bgcontent": "这个卦是异卦（下坎上离）相叠。离为火，坎为水。火上水下，火势压倒水势，救火大功未成，故称未济。《周易》以乾坤二卦为始，以既济、未济二卦为终，充分反映了变化发展的思想。"
}