{
    "gname": "雷山小过",
    "gcontent": "<p>周易第六十二卦详解</p>\n<p>小过卦原文</p>\n<p>小过。亨，利贞。可小事，不可大事。飞鸟遗之音。不宜上，宜下，大吉。</p>\n<p>象曰：山上有雷，小过。君子以行过乎恭，丧过乎衰，用过乎俭。</p>\n<p>白话文解释</p>\n<p>小过卦：亨通，这是吉利的贞卜。但是只适宜于小事，不适宜大事。飞鸟空中过，叫声耳边留，警惕人们：登高必遇险，下行则吉利。</p>\n<p>象辞》说：本卦下卦为艮，艮为山；上卦为震，震为雷，山上有雷，是小过的卦象。君子观此卦象，惧畏天雷，不敢有过失。因而行事不敢过于恭谦，居丧不敢过度哀伤，用度不敢过于节俭，唯适中而已。</p>\n<p>《断易天机》解</p>\n<p>小过卦震上艮下，为兑宫游魂卦。占得此卦，举事有利，可以举小事，不可举大事。</p>\n<p>北宋易学家邵雍解</p>\n<p>阴顺阳困，柔软用事；谨慎自持，不宜急进。</p>\n<p>得此卦者，诸事不利，宜行小事，不宜成大事，更防因自身的过失惹来是非争讼。</p>\n<p>台湾国学大儒傅佩荣解</p>\n<p>时运：清高自处，反遭人忌。</p>\n<p>财运：价格不合，无利可图。</p>\n<p>家宅：高处之家；老夫少妻。</p>\n<p>身体：过寒或过热。</p>\n<p>传统解卦</p>\n<p>这个卦是异卦（下艮上震）相叠。艮为山，震为雷，过山雷鸣，不可不畏惧。阳为大，阴为小，卦外四阴超过中二阳，故称“小过”，小有越过。</p>\n<p>大象：山上有雷，雷声虽大但被山阻隔，雷声减弱，即为「小过」。</p>\n<p>运势：诸事不利，宜行小事，不宜做大事，更防因小过失造成惊动，惹来是非争讼。</p>\n<p>事业：行动宜谨慎小心，切勿冒险，尤其不得钻空子。但只要坚持正当的行为，可勇敢向前，努力奋斗，开拓事业。不过，一定要把握尺度，不要好高骛远，以免招致灾祸。随机应变是关键。</p>\n<p>经商：对市场行情不十分掌握，可先稍试探一下，随即收敛行为，否则会导致危险。不应大规模行动，也不必胆小怕事，稳扎稳打，逐步发展。</p>\n<p>求名：应遵循中正的原则和循序渐进的道理，求得稳步前进。切勿追求虚名，更不得不顾实际情况攀高位。</p>\n<p>婚恋：应较长时间的彼此了解，不可仓促行事。</p>\n<p>决策：行动必须把握分寸，适可而止。盛时应防止办事过火，应即时收敛自己。过度将不足成事，反会招祸。一切行动都要因应变通，不可固执。</p>\n<p>第六十二卦的哲学含义</p>\n<p>小过卦，这个卦是异卦相叠，下卦为艮，上卦为震。艮为山，震为雷。山在下，雷在上。这意味着山上有雷雨，雷雨在山上能把树木击坏，又能使水土流失。虽然如此，山上万物若无雷雨的滋润，就不能生存。相比之下，雷雨所造成的损失，只是雷雨的一种小过失，故本卦被取名为“小过”。</p>\n<p>小过卦位于中孚卦之后，《序卦》之中这样解释道：“有其信者必行之，故受之以小过。”有诚信的人一定会行动，在行动时若是把握不住限度，可能就会有小过，所以接着要谈小过。</p>\n<p>《象》中这样解释本卦：山上有雷，小过；君子以行过乎恭，丧过乎哀，用过乎俭。这里指出：小过卦的卦象是艮（山）下震（雷）上，为山上响雷之象，雷声超过了寻常的雷鸣，以此比喻“小有过越”，君子应效法“小过”之象，在一些寻常小事上能略有过分，如行止时过分恭敬，遇到丧事时过分悲哀，日常用度过分节俭，为的是矫枉过正。</p>\n<p>小过卦象征略为过分，启示的是行动有度的道理，属于中上卦。《象》中这样来断此卦：行人路过独木桥，心内惶恐眼里瞧，爽利保保过得去，慢行一定不安牢。</p>",
    "title": "九五爻",
    "content": "<p>六五爻辞</p><p>六五。密云不雨，自我西郊。公弋取彼在穴。</p><p>象曰：密云不雨，已上也。</p><p>白话文解释</p><p>六五：在我西郊的上空，云气密布，降雨在即。王公本是去射鸟，可是在洞穴捉到野兽。</p><p>《象辞》说：云气密布，降雨在即，因为雨云已聚集在空中。</p><p>北宋易学家邵雍解</p><p>平：得此爻者，不利谋事，守旧为佳。做官的有告休之危。</p><p>台湾国学大儒傅佩荣解</p><p>时运：平淡之时，难成大事。</p><p>财运：小利可得，不必多想。</p><p>家宅：小康之家；恐非正娶。</p><p>身体：针灸可治。</p><p>六五变卦</p><p>六五爻动变得周易第31卦：泽山咸。这个卦是异卦（下艮上兑）相叠。艮为山；泽为水。兑柔在上，艮刚在下，水向下渗，柔上而刚下，交相感应。感则成。</p><p>九五爻</p><p>的哲学含义</p><p>小过卦第五爻，爻辞：六五：密云不雨，自我西郊；公弋取彼在穴。爻辞释义</p><p>弋：指带绳子的箭。这里含有诚心追访之意。穴：穴居，这里指隐士。</p><p>本爻辞的意思是：从西郊而来的乌云密布在天空，却不能降雨。王公们用细绳系在箭上射取那些藏在穴中的野兽。</p><p>从卦象上看，六五属于阴爻居于君位，失位，喻指治国能力很差。“密云不雨，自我西郊”，在古人看来，云彩自西向东，是不会下雨的。</p><p>《象》中这样分析本爻：密云不雨，已上也。这里指出：“乌云密布在天空而不下雨”，是因为阴气超过了阳气，阴阳不合，故而不能化雨。这就像君主虽然是一国之君，却不能恩泽于天下一样。这个时候，就应该像打猎一样去寻访那些能人和隐士前来辅佐，去与阳气遇合，从而使天下得到治理。</p><p>占得此爻者，你虽处于领导之位，但是你的能力有限，所以当下之急，是寻找有能力的人来辅佐自己。若是在婚恋方面，也是要寻找与自己互补的人。占得此爻者，你希望做成的事正在酝酿之中，要耐心等待，切记冒进行事。</p><p>六五：密云不雨，自我西郊，公弋取波在穴。</p><p>象曰：密云不雨，已上也。</p>",
    "bgtitle": "泽山咸",
    "bgcontent": "这个卦是异卦（下艮上兑）相叠。艮为山；泽为水。兑柔在上，艮刚在下，水向下渗，柔上而刚下，交相感应。感则成。"
}