{
    "gname": "雷地豫",
    "gcontent": "<p>周易第十六卦详解</p>\n<p>豫卦原文</p>\n<p>豫。利建侯行师。</p>\n<p>象曰：雷出地奋，豫。先王以作乐崇德，殷荐之上帝，以配祖考。</p>\n<p>白话文解释</p>\n<p>豫卦：有利于封侯建国，出兵打仗。</p>\n<p>《象辞》说：本卦上卦为震，震为雷，下卦为坤，坤为地。春雷轰鸣，大地震动，催发万物，这是豫卦的卦象。先王观此卦象，取法于声满大地的雷鸣，制作音乐，歌功颂德，光荣归于上帝，光荣归于祖考。</p>\n<p>《断易天机》解</p>\n<p>豫卦震上坤下，为震宫初世卦。雷出地奋，象征春雷使万物苏醒，君王之威行于子民，因此有利于建候、行师。</p>\n<p>北宋易学家邵雍解</p>\n<p>雷出地上，悦服快乐；安乐之中，预防忧患。</p>\n<p>得此卦者，顺天应时，事事吉祥，可得长辈之助，但须防色难，切不可沉迷于声色欢场之中。</p>\n<p>台湾国学大儒傅佩荣解</p>\n<p>时运：春雷发动，诸事吉祥。</p>\n<p>财运：新货上市，必有大利。</p>\n<p>家宅：祈神祭祖，可保平安。</p>\n<p>身体：祷告静心。</p>\n<p>传统解卦</p>\n<p>这个卦是异卦（下坤上震）相叠，坤为地，为顺；震为雷，为动。雷依时出，预示大地回春。因顺而动，和乐之源。此卦与谦卦互为综卦，交互作用。</p>\n<p>大象：雷出于地上，阳气奋发，万物欣欣向荣。</p>\n<p>运势：如意安泰，可得长辈扶助，但须防色难，凡事应有备而战。</p>\n<p>事业：十分顺利，事业可以获得成功，但必须符合实际，顺应潮流，且得自己努力奋斗，树立远大目光，尤其不可因事业的顺利而放松谨慎小心的态度，陷于懒散享乐。否则，必将后悔莫及。</p>\n<p>经商：时运已到，应大胆行动，即使发生挫折，也可以很快化险为夷。应加强同他人的合作，开诚布公，共同开发事业。</p>\n<p>求名：天资聪颖，如能坚守正直的品德，严格要求自己，努力上进，不因有成绩骄傲满足，停止前进，而是兢兢业业，不惰不怠，必定可以有重大成功。</p>\n<p>婚恋：十分顺利，一生顺利和吉祥，但万不可掉以轻心，更不可玩弄感情，否则将会出现悲剧。</p>\n<p>决策：一生顺利，不会出现大的波折，容易比较顺利得到自己应该得到的。但关键在于自己的努力和奋斗，不得耽于安乐，不可玩物丧志。豁达、大度更有利于健康和长寿。一旦遇到意外的灾害，只要时时严格要求自己，坚守纯正，乐不忘忧，居安思危，必可转危为安。</p>\n<p>第十六卦的哲学含义</p>\n<p>雷地豫卦，由坤卦和震卦组成，下坤上震，坤为地，为顺；震为雷，为动。雷依时出，预示大地回春。</p>\n<p>从卦象上看，坤为地在下，是万物生长之处，震为雷在上，雷在沉寂的大地上发生轰鸣，表明春天来了，给万物带来了生机，所以形成了万物合乐的局面。震为动在上，坤为顺在下，说明震在前动，坤在后顺其意志而行，从而显出彼此的和好，其乐无穷的气氛。</p>\n<p>豫卦位于谦卦之后，《序卦》之中这样说道：“有大而能谦必豫，故受之以豫。”在此之前是大有卦与谦卦，接着一定是代表愉悦的豫卦。豫卦与谦卦互为正覆关系，“豫”有愉悦之意，但也有居安思危的预备之意。</p>\n<p>《象》中这样解释豫卦：雷出地奋，豫。先以作乐崇德，殷荐之上帝，以配祖考。</p>\n<p>《象》中指出：雷从地下出来，万物振作，这就是豫卦。古代君王学习这种精神，制作音乐来推崇道德，并以隆重的仪式向上帝祭祀，连带也向祖先祭祀。</p>\n<p>雷地豫卦启示了顺时依势的道理，属于中中卦。《象》中这样来断此卦：太公插下杏黄旗，收妖为徒归西歧，自此青龙得了位，一旦谋望百事宜。</p>\n<p>豫卦之象:有两重山，为出字；官人在中，出求贵义；一鹿一马，指禄马运动；金钱数锭一堆者，乃厚获钱钞无数，占者得之求才遇贵吉利之兆。凤凰生雏之卦，万物发生之象。</p>",
    "title": "九二爻",
    "content": "<p>六二爻辞</p><p>六二。介于石，不终日，贞吉。</p><p>象曰：不终日，贞吉，以中正也。</p><p>白话文解释</p><p>六二：夹在石缝中，幸而不到一天就被人救出。卜问得吉兆。</p><p>《象辞》说：磨难不足一日即解除，卜问得吉兆，因为六二之爻居下卦中位，像人得中正之道。</p><p>北宋易学家邵雍解</p><p>吉：得此爻者，会获利。做官的宜急流勇退，读书人有成名之机。</p><p>台湾国学大儒傅佩荣解</p><p>时运：人品高尚，不逐浮华。</p><p>财运：自定其志，快速获利。</p><p>家宅：严正持家，拒斥小人。</p><p>身体：新病可愈，宿疾即忘。</p><p>六二变卦</p><p>六二爻动变得周易第40卦：雷水解。这个卦是异卦（下坎上震）相叠。震为雷、为动；坎为水、为险。险在内，动在外。严冬天地闭塞，静极而动。万象更新，冬去春来，一切消除，是为解。</p><p>九二爻</p><p>的哲学含义</p><p>占得此爻者，你要保持清醒，不要在娱乐中放纵自己而忘了该办的正事。这样，你就能做到享乐、事业两不误。</p><p>在这个方面有一个反面的例子，就是刘备的儿子刘禅。刘禅庸碌无能，贪图享乐，沉溺其中。在位前期，主要依靠诸葛亮来治理国政。自诸葛亮死后，刘禅更加昏庸无道，贪图享乐，不理朝政，宦官黄皓乘机取宠弄权，结党营私，朝政日非。魏国来攻，刘禅反缚自己双手，出城投降。在魏国时还是沉溺于玩乐之中，乐不思蜀。</p><p>占得此爻者，要深知欢乐必须适中有度，并能固守贞正之道，这样才会有吉祥的结果。</p>",
    "bgtitle": "雷水解",
    "bgcontent": "这个卦是异卦（下坎上震）相叠。震为雷、为动；坎为水、为险。险在内，动在外。严冬天地闭塞，静极而动。万象更新，冬去春来，一切消除，是为解。"
}