{
    "gname": "雷地豫",
    "gcontent": "<p>周易第十六卦详解</p>\n<p>豫卦原文</p>\n<p>豫。利建侯行师。</p>\n<p>象曰：雷出地奋，豫。先王以作乐崇德，殷荐之上帝，以配祖考。</p>\n<p>白话文解释</p>\n<p>豫卦：有利于封侯建国，出兵打仗。</p>\n<p>《象辞》说：本卦上卦为震，震为雷，下卦为坤，坤为地。春雷轰鸣，大地震动，催发万物，这是豫卦的卦象。先王观此卦象，取法于声满大地的雷鸣，制作音乐，歌功颂德，光荣归于上帝，光荣归于祖考。</p>\n<p>《断易天机》解</p>\n<p>豫卦震上坤下，为震宫初世卦。雷出地奋，象征春雷使万物苏醒，君王之威行于子民，因此有利于建候、行师。</p>\n<p>北宋易学家邵雍解</p>\n<p>雷出地上，悦服快乐；安乐之中，预防忧患。</p>\n<p>得此卦者，顺天应时，事事吉祥，可得长辈之助，但须防色难，切不可沉迷于声色欢场之中。</p>\n<p>台湾国学大儒傅佩荣解</p>\n<p>时运：春雷发动，诸事吉祥。</p>\n<p>财运：新货上市，必有大利。</p>\n<p>家宅：祈神祭祖，可保平安。</p>\n<p>身体：祷告静心。</p>\n<p>传统解卦</p>\n<p>这个卦是异卦（下坤上震）相叠，坤为地，为顺；震为雷，为动。雷依时出，预示大地回春。因顺而动，和乐之源。此卦与谦卦互为综卦，交互作用。</p>\n<p>大象：雷出于地上，阳气奋发，万物欣欣向荣。</p>\n<p>运势：如意安泰，可得长辈扶助，但须防色难，凡事应有备而战。</p>\n<p>事业：十分顺利，事业可以获得成功，但必须符合实际，顺应潮流，且得自己努力奋斗，树立远大目光，尤其不可因事业的顺利而放松谨慎小心的态度，陷于懒散享乐。否则，必将后悔莫及。</p>\n<p>经商：时运已到，应大胆行动，即使发生挫折，也可以很快化险为夷。应加强同他人的合作，开诚布公，共同开发事业。</p>\n<p>求名：天资聪颖，如能坚守正直的品德，严格要求自己，努力上进，不因有成绩骄傲满足，停止前进，而是兢兢业业，不惰不怠，必定可以有重大成功。</p>\n<p>婚恋：十分顺利，一生顺利和吉祥，但万不可掉以轻心，更不可玩弄感情，否则将会出现悲剧。</p>\n<p>决策：一生顺利，不会出现大的波折，容易比较顺利得到自己应该得到的。但关键在于自己的努力和奋斗，不得耽于安乐，不可玩物丧志。豁达、大度更有利于健康和长寿。一旦遇到意外的灾害，只要时时严格要求自己，坚守纯正，乐不忘忧，居安思危，必可转危为安。</p>\n<p>第十六卦的哲学含义</p>\n<p>雷地豫卦，由坤卦和震卦组成，下坤上震，坤为地，为顺；震为雷，为动。雷依时出，预示大地回春。</p>\n<p>从卦象上看，坤为地在下，是万物生长之处，震为雷在上，雷在沉寂的大地上发生轰鸣，表明春天来了，给万物带来了生机，所以形成了万物合乐的局面。震为动在上，坤为顺在下，说明震在前动，坤在后顺其意志而行，从而显出彼此的和好，其乐无穷的气氛。</p>\n<p>豫卦位于谦卦之后，《序卦》之中这样说道：“有大而能谦必豫，故受之以豫。”在此之前是大有卦与谦卦，接着一定是代表愉悦的豫卦。豫卦与谦卦互为正覆关系，“豫”有愉悦之意，但也有居安思危的预备之意。</p>\n<p>《象》中这样解释豫卦：雷出地奋，豫。先以作乐崇德，殷荐之上帝，以配祖考。</p>\n<p>《象》中指出：雷从地下出来，万物振作，这就是豫卦。古代君王学习这种精神，制作音乐来推崇道德，并以隆重的仪式向上帝祭祀，连带也向祖先祭祀。</p>\n<p>雷地豫卦启示了顺时依势的道理，属于中中卦。《象》中这样来断此卦：太公插下杏黄旗，收妖为徒归西歧，自此青龙得了位，一旦谋望百事宜。</p>\n<p>豫卦之象:有两重山，为出字；官人在中，出求贵义；一鹿一马，指禄马运动；金钱数锭一堆者，乃厚获钱钞无数，占者得之求才遇贵吉利之兆。凤凰生雏之卦，万物发生之象。</p>",
    "title": "九五爻",
    "content": "<p>六五爻辞</p><p>六五。贞疾，恒不死。</p><p>象曰：六五贞疾，乘刚也。恒不死，中未亡也。</p><p>白话文解释</p><p>六五：卜问疾病，长时间内不会死去。</p><p>《象辞》说：六五爻辞讲患病，因为六五阴爻居于九四阳爻之上，犯了柔乘刚之象。“长时间不会死去”，因为六五之爻居于上卦中位，正当不死之象。</p><p>北宋易学家邵雍解</p><p>凶：得此爻者，多心事，有灾难，或有腹疾。做官的多洋洋得意，持恩固宠，难免有失。</p><p>台湾国学大儒傅佩荣解</p><p>时运：性格柔弱，难以振作。</p><p>财运：用人不当，致生损失。</p><p>家宅：恐被侵占。</p><p>身体：带病延年。</p><p>六五变卦</p><p>六五爻动变得周易第45卦：泽地萃。这个卦是异卦（下坤上兑）相叠。坤为地、为顺；兑为泽、为水。泽泛滥淹没大地，人众多相互斗争，危机必四伏，务必顺天任贤，未雨绸缪，柔顺而又和悦，彼此相得益彰，安居乐业。萃，聚集、团结。</p><p>九五爻</p><p>的哲学含义</p><p>豫卦第五爻，爻辞：六五：贞疾，恒不死。</p><p>从卦象上看，六五这一爻本来是属于君主之位，可是却是阴爻，而且下面九四是全卦之中唯一的阳爻。六五不得位，势力不如九四，但是因为居中，处于君主这一位置上，所以平安无事。</p><p>六五爻得了病，这是怎么回事呢?对此，虞翻的解释是：“坎为疾，坤为死，震为反生，位在震中，与坤体绝，故‘贞疾，恒不死’也。”意思是说，豫卦上互卦为坎，坎含有疾病的意思，所以六五处于疾病的边缘。又由于坤为归藏代表死，可是豫卦的上卦为震，与坤没有一点关系，震有起死回生的含义，六五处于震卦的中位，所以他患有疾病，但不会因此而死亡。但六五得的是什么病呢？是心病。为什么这样说呢？因为坎便代表心病。六五的心病便是对九四的心病。打个比方说，九四是一个男人，众阴爻是他的五个妻子，有一个妻子在家里处干领导地位，凌驾在丈夫之上，这个妻子便是六五爻，为什么六五会有心病呢？因为丈夫更爱六二与六三这两个妻子，有权势的六五自然会吃醋而生心病了。可是由于六五居中，能够做到以中庸之道持家，所以她尽管受了心灵的伤害，但还不至干因此而丢掉性命。不过这种醋劲也使她徘徊在生与死的边缘。若是占问身体健康状况，则意味着会生病，但病小致死。</p>",
    "bgtitle": "泽地萃",
    "bgcontent": "这个卦是异卦（下坤上兑）相叠。坤为地、为顺；兑为泽、为水。泽泛滥淹没大地，人众多相互斗争，危机必四伏，务必顺天任贤，未雨绸缪，柔顺而又和悦，彼此相得益彰，安居乐业。萃，聚集、团结。"
}