{
    "gname": "风天小畜",
    "gcontent": "<p>周易第九卦详解</p>\n<p>小畜卦原文</p>\n<p>小畜。亨。密云不雨，自我西郊。</p>\n<p>象曰：风行天上，小畜。君子以懿文德。</p>\n<p>白话文解释</p>\n<p>小畜卦：吉利。在西郊一带浓云密布，但雨没有下来。</p>\n<p>《象辞》说：上卦为巽，巽为风；下卦为乾，乾为天，和风拂地，草木低昂，勃勃滋生，这是小畜的卦象。君子观此卦象，取法催发万物的和风，自励风范，推行德教。</p>\n<p>《断易天机》解</p>\n<p>小畜卦巽上乾下，为巽宫初世卦。小畜为小的蓄积、小的阻碍，阳盛而阴不足，以致不得不暂时停顿，但终究还能亨通。</p>\n<p>北宋易学家邵雍解</p>\n<p>力量寡弱，阻止前进；藏器待时，耐心推进。</p>\n<p>得此卦者，力量薄弱，运势反覆，宜蓄养实力，静待时机，急进则有险，凡事须耐心推进。</p>\n<p>台湾国学大儒傅佩荣解</p>\n<p>时运：平平无奇，受人牵制。</p>\n<p>财运：外表不错，内多耗损。</p>\n<p>家宅：小康，须防口舌；娶得淑女。</p>\n<p>身体：风火之症；小孩吉，大人凶。</p>\n<p>传统解卦</p>\n<p>这个卦是异卦（下乾上巽）相叠，乾为天，巽为风。喻风调雨顺，谷物滋长，故卦名小畜（蓄）。力量有限，须待发展到一定程度，才可大有作为。</p>\n<p>大象：蓄养之量有限，力不从心，故宜忍耐蓄养实力，静待时机。</p>\n<p>运势：运势反覆，有口舌之争，但难于短期内解决，须忍耐，静待时机。</p>\n<p>事业：时机尚不成熟，应当耐心而积极地积存力量，切不可冒险行动。遇到挫折不可灰心，鼓起勇气战胜困难，坚持原则，加强团结合作，提前做好各项准备，会有所成。</p>\n<p>经商：已有一定的基础，但有失去危险，一定要特别慎重，争取与他人真诚合作，共同获利，决不贪心，适可而止，但更不能满足现状，不图进取。</p>\n<p>求名：树立远大目标，尽最大努力去争取，虚心求教他人，取得真诚帮助，实现自己的理想，警惕小人的破坏。</p>\n<p>婚恋：双方必须十分忠诚，第三者插足的现象极有可能发生。</p>\n<p>决策：不很顺利，前进途中会遇到一些意想不到的困难。但由于本人性格坚强，具有战胜不利条件的意志。因此，可以实理自己的理想。但极有可能遭到小人的伤害，必须得到志同道合者的真诚相助，才能可能排除障碍。对所得应满足，适可而止，切不可过度追求，以免满招损。</p>\n<p>第九卦的哲学含义</p>\n<p>小畜卦，这个卦是异卦相叠，下卦为乾，上卦为巽。乾为天，巽为风。喻风调雨顺，谷物滋长，故卦名小畜。畜的本义是田中作物茂聚，引申为积畜，小畜为一点点积畜。因为力量有限，还没有达到大畜的程度，所以须待发展到一定程度，才可大有作为。</p>\n<p>小畜卦位于比卦之后，《序卦》之中这样解释道：“比必有所畜，故受之以小畜。”比合在一起一定会有所积蓄，所以接着是小畜卦。</p>\n<p>象辞中说“君子以懿文德”，荀爽认为指的是周文王在西岐时还没有做天子，不 能把恩泽、政令施于民，所以只能美化自己的道德。事实上，这一卦应当描述的是周 公摄政的事。周公称王代替年幼的成王治理天下，而其依然自认为是臣民，所以以柔 顺之德居于六四之位，周公的东征，正是为周公之治的兴盛打下了基础，所以周公摄 政东征后，使西周的经济出现了小小的积蓄。</p>",
    "title": "九四爻",
    "content": "<p>六四爻辞</p><p>六四。有孚，血去惕出，无咎。</p><p>象曰：有孚惕出，上合志也。</p><p>白话文解释</p><p>六四：捕获了俘虏，战争危险暂时消除了，但仍须保持警惕，才能没有灾难。</p><p>《象辞》说：捕获了俘虏，保持着警惕，说明尚能统一意志。</p><p>北宋易学家邵雍解</p><p>平：得此爻者，心诚者，人情和合，营谋颇遂。做官的会得到上司的提拔，久任者，能转运。</p><p>台湾国学大儒傅佩荣解</p><p>时运：切忌争斗，出门远避；升迁靠长官提拔。</p><p>财运：利西北，不利东南；邻里相助。</p><p>家宅：管理得宜，否则受累。</p><p>身体：宽解治之，燥烈之药不宜。</p><p>六四变卦</p><p>六四爻动变得周易第1卦：乾为天。这个卦是同卦（下乾上乾）相叠。象征天，喻龙（德才的君子），又象征纯粹的阳和健，表明兴盛强健。乾卦是根据万物变通的道理，以“元、亨、利、贞”为卦辞，表示吉祥如意，教导人遵守天道的德行。</p><p>九四爻</p><p>的哲学含义</p><p>有孚：是指有诚信。血去：就是远离流血事件。惕出：就是不再恐惧。这句爻辞的意思是说：心怀诚信，就能免去伤害，走出恐惧，没有灾难。</p><p>占得此爻之人，可能处于某种选择之中，欲要做事。记住，在做事的时候一定要心怀诚信，这样可以避免流血事件，不会有过失。当然，对于一个领导者来说，除了自己心怀诚信，还要保证部下在做事时也对自己讲诚信才行。</p><p>《象》曰：“‘有孚惕出’，上合志也。”意思是说，以诚信取人，脱离恐惧，这是和上级的意志相符合的。由此我们可以得出，要与上级的意志相合，正如陶谦与曹操的意志相合，但是，在执行时，他的部下张与陶谦意志不合，结果事情办砸，陷入了麻烦和恐惧之中。</p><p>但是从卦象上看，六四以阴爻居于柔位，得位。其做为近君大臣，对九五谦卑顺从，又能诚信地对待下级，劝阻下卦之中冒进之爻回归本位，所以最终能脱离危险，免除了恐惧。</p>",
    "bgtitle": "乾为天",
    "bgcontent": ""
}