{
    "gname": "风泽中孚",
    "gcontent": "<p>周易第六十一卦详解</p>\n<p>中孚卦原文</p>\n<p>中孚。豚鱼，吉。利涉大川，利贞。</p>\n<p>象曰：泽上有风，中孚。君子以议狱缓死。</p>\n<p>白话文解释</p>\n<p>中孚卦：豚鱼献祭，虽物薄但心诚，吉利。并利于涉水过河。这是吉利的贞卜。</p>\n<p>《象辞》说：本卦上卦为巽，巽为风；下卦为兑，兑为泽，泽上有风，风起波涌。这是中孚的卦象。君子观此卦象，有感于风化邦国，唯德教为先，因而审议讼狱，不轻置重典。</p>\n<p>《断易天机》解</p>\n<p>中孚卦巽上兑下，为艮宫游魂卦。中孚即忠信之意，主利涉大川，厄难消除。</p>\n<p>北宋易学家邵雍解</p>\n<p>信而有实，诚恳诚信；知己协助，谋望克遂。</p>\n<p>得此卦者，正直诚信者吉利，会得到朋友的帮助，谋事可成；心存邪念者则凶。</p>\n<p>台湾国学大儒傅佩荣解</p>\n<p>时运：风波难免，小心诉讼。</p>\n<p>财运：谨慎行事，可免灾祸。</p>\n<p>家宅：诉讼之灾；婚姻致讼。</p>\n<p>身体：有惊无险。</p>\n<p>传统解卦</p>\n<p>这个卦是异卦（下兑上巽）相叠。孚本义孵，孵卵出壳的日期非常准确，有信的意义。卦形外实内虚，喻心中诚信，所以称中孚卦。这是立身处世的根本。</p>\n<p>大象：中孚为诚信意，风吹在泽水之上，泽水必相应而起波浪，为共鸣之象。</p>\n<p>运势：凡事以「诚」待人，以「信」处事则诸事皆吉，心存邪念则凶。</p>\n<p>事业：以诚实忠信的态度对待事业，获得重大的成就，发展顺利。必须继续遵循正道的原则，不可掉以轻心，也不可过分地相信人，尤其不可以孤傲的性格自我封闭。否则事业将走向失败。</p>\n<p>经商：处理得很好，符合市场的要求。小心谨慎地经营，讲究信义，优质服务，可有满意的结果，甚至冒险犯难也不会出问题。</p>\n<p>求名：必须在道德修养的基础上，刻苦学习知识和本领，不断提高自己。同时，不要惧怕困难，努力向前。</p>\n<p>婚恋：双方以诚信的态度相互对待，幸福美满。</p>\n<p>决策：以诚信为立身处世的基石，真诚待人，信守制度，坚持原则，和悦谦虚，可以战胜任何困难，即使出现了问题也可以亡羊补牢。但务必增强对人的观察能力，提高分辨是非的水平。</p>",
    "title": "九三爻",
    "content": "<p>六三爻辞</p><p>六三。得敌，或鼓或罢，或泣或歌。</p><p>象曰：或鼓或罢，位不当也。</p><p>白话文解释</p><p>六三：击败了敌人，有的击鼓追击，有的凯旋报捷；消息传来，有的高兴得热泪盈眶，有的放声高歌。</p><p>《象辞》说：有的人击鼓追击，有的凯旋报捷，但从爻象看来，六三阴爻而处于阳位，胜利之中，恐怕隐伏着不测之祸。</p><p>北宋易学家邵雍解</p><p>凶：得此爻者，喜中有忧，事多反复。做官的同僚不睦，先进后退。</p><p>台湾国学大儒傅佩荣解</p><p>时运：运势颠倒，荣辱随之。</p><p>财运：忽成忽败，缺乏主见。</p><p>家宅：谨防离奇；反复未成。</p><p>身体：时好时坏，求神保佑。</p><p>六三变卦</p><p>六三爻动变得周易第9卦：风天小畜。这个卦是异卦（下乾上巽）相叠，乾为天，巽为风。喻风调雨顺，谷物滋长，故卦名小畜（蓄）。力量有限，须待发展到一定程度，才可大有作为。</p><p>九三爻</p><p>的哲学含义</p><p>本爻辞的意思是：遭遇强大的敌人，或者击鼓进攻，或者因疲惫而败退，或者因为惧怕而哭泣，或者由于躲过灾难而高歌。</p><p>从卦象上看，六三以阴爻居阳位，失位。其处于上下卦之际，与上九有应，说明它的心动于外，系于物，就是说本来应该安于其位，可是却想攀附上九，以找到晋升的机会，或是更大的发展。但是其却受到了各方面的阻力，而使自己陷入了不安宁之中。</p><p>《象》中这样解释本爻：“或鼓或罢”，位不当也。这里指出：“遭遇强大的敌人，或者击鼓进攻，或者因疲惫而败退”，均是因为六三爻居位不正的缘</p><p>占得此爻者，尽管你有背景，或者跟上层的领导关系亲密，你也极力讨好巴结他，想谋求提升，或者给自己的发展提供方便。可是周围的人或者上级非常看不惯你这种做法，对你阻碍或者打击。而且你依附的并不是当权的最高领导者，所以障碍重重。</p><p>六三：得敌，或鼓或罢，或泣或歌。</p><p>象曰：或鼓或罢，位不当也。</p>",
    "bgtitle": "风天小畜",
    "bgcontent": "这个卦是异卦（下乾上巽）相叠，乾为天，巽为风。喻风调雨顺，谷物滋长，故卦名小畜（蓄）。力量有限，须待发展到一定程度，才可大有作为。"
}