{
    "gname": "风泽中孚",
    "gcontent": "<p>周易第六十一卦详解</p>\n<p>中孚卦原文</p>\n<p>中孚。豚鱼，吉。利涉大川，利贞。</p>\n<p>象曰：泽上有风，中孚。君子以议狱缓死。</p>\n<p>白话文解释</p>\n<p>中孚卦：豚鱼献祭，虽物薄但心诚，吉利。并利于涉水过河。这是吉利的贞卜。</p>\n<p>《象辞》说：本卦上卦为巽，巽为风；下卦为兑，兑为泽，泽上有风，风起波涌。这是中孚的卦象。君子观此卦象，有感于风化邦国，唯德教为先，因而审议讼狱，不轻置重典。</p>\n<p>《断易天机》解</p>\n<p>中孚卦巽上兑下，为艮宫游魂卦。中孚即忠信之意，主利涉大川，厄难消除。</p>\n<p>北宋易学家邵雍解</p>\n<p>信而有实，诚恳诚信；知己协助，谋望克遂。</p>\n<p>得此卦者，正直诚信者吉利，会得到朋友的帮助，谋事可成；心存邪念者则凶。</p>\n<p>台湾国学大儒傅佩荣解</p>\n<p>时运：风波难免，小心诉讼。</p>\n<p>财运：谨慎行事，可免灾祸。</p>\n<p>家宅：诉讼之灾；婚姻致讼。</p>\n<p>身体：有惊无险。</p>\n<p>传统解卦</p>\n<p>这个卦是异卦（下兑上巽）相叠。孚本义孵，孵卵出壳的日期非常准确，有信的意义。卦形外实内虚，喻心中诚信，所以称中孚卦。这是立身处世的根本。</p>\n<p>大象：中孚为诚信意，风吹在泽水之上，泽水必相应而起波浪，为共鸣之象。</p>\n<p>运势：凡事以「诚」待人，以「信」处事则诸事皆吉，心存邪念则凶。</p>\n<p>事业：以诚实忠信的态度对待事业，获得重大的成就，发展顺利。必须继续遵循正道的原则，不可掉以轻心，也不可过分地相信人，尤其不可以孤傲的性格自我封闭。否则事业将走向失败。</p>\n<p>经商：处理得很好，符合市场的要求。小心谨慎地经营，讲究信义，优质服务，可有满意的结果，甚至冒险犯难也不会出问题。</p>\n<p>求名：必须在道德修养的基础上，刻苦学习知识和本领，不断提高自己。同时，不要惧怕困难，努力向前。</p>\n<p>婚恋：双方以诚信的态度相互对待，幸福美满。</p>\n<p>决策：以诚信为立身处世的基石，真诚待人，信守制度，坚持原则，和悦谦虚，可以战胜任何困难，即使出现了问题也可以亡羊补牢。但务必增强对人的观察能力，提高分辨是非的水平。</p>",
    "title": "上九爻",
    "content": "<p>上九爻辞</p><p>上九。翰音登于天，贞凶。</p><p>象曰：翰音登于天，何可长也。</p><p>白话文解释</p><p>上九：鸡飞到天空。卜问得凶兆。</p><p>《象辞》说：鸡飞到天空，它怎能长久飞翔呢？</p><p>北宋易学家邵雍解</p><p>凶：得此爻者，多虚少实，前路凶险。经商者会有损失。做官的有近颜之喜。</p><p>台湾国学大儒傅佩荣解</p><p>时运：虚而不实，令人担心。</p><p>财运：外强中干，未来可忧。</p><p>家宅：家业难保；恐难偕老。</p><p>身体：病状甚苦。</p><p>上九变卦</p><p>上九爻动变得周易第60卦：水泽节。这个卦是异卦（下兑上坎）相叠。兑为泽，坎为水。泽有水而流有限，多必溢于泽外。因此要有节度，故称节。节卦与涣卦相反，互为综卦，交相使用。天地有节度才能常新，国家有节度才能安稳，个人有节度才能完美。</p><p>上九爻</p><p>的哲学含义</p><p>中孚卦第六爻，爻辞：上九：翰音登于天，贞凶。爻辞释义</p><p>翰：指赤羽的山鸡，又叫作锦鸡。</p><p>本爻辞的意思是：锦鸡凭借华美的外表，高声鸣叫要去登天，有可能出现凶</p><p>从卦象上看，上九以阳爻居于阴位，不能持中守正，又与九五相敌逆比。虽然以前取得过成绩或是有一定要名声，但是都像是锦鸡一样，徒有外表。其并不具备登天的能力，却是高声叫着要去登天，就像一个有名无实的骗子一样，极尽欺诈虚伪之能事，所以非常凶险。</p><p>《象》中这样分析本爻：“翰音登于天”，何可长也！这里指出：“锦鸡凭借华美的外表，高声鸣叫要去登天”，这种声音虚而不实，声高于情，怎么可能长久保持呢？</p><p>占得此爻者，不要去做自己不能做的事，不要为让别人佩服自己、跟从自己而虚张声势，总有一天你会露出马脚到灾祸的。如果你以前曾经成功过，你为此趾高气扬，不可一世，很快你就会尝到失败的滋味。</p><p>上九：翰音登于天，贞凶。</p><p>象曰：翰音登于天，何可长也。</p><p>经文意思是：鸡飞向天空，守正道凶险。</p><p>象辞意思是：鸡飞向天空，怎么能飞得长久呢？</p>",
    "bgtitle": "水泽节",
    "bgcontent": "这个卦是异卦（下兑上坎）相叠。兑为泽，坎为水。泽有水而流有限，多必溢于泽外。因此要有节度，故称节。节卦与涣卦相反，互为综卦，交相使用。天地有节度才能常新，国家有节度才能安稳，个人有节度才能完美。"
}