{
    "gname": "风泽中孚",
    "gcontent": "<p>周易第六十一卦详解</p>\n<p>中孚卦原文</p>\n<p>中孚。豚鱼，吉。利涉大川，利贞。</p>\n<p>象曰：泽上有风，中孚。君子以议狱缓死。</p>\n<p>白话文解释</p>\n<p>中孚卦：豚鱼献祭，虽物薄但心诚，吉利。并利于涉水过河。这是吉利的贞卜。</p>\n<p>《象辞》说：本卦上卦为巽，巽为风；下卦为兑，兑为泽，泽上有风，风起波涌。这是中孚的卦象。君子观此卦象，有感于风化邦国，唯德教为先，因而审议讼狱，不轻置重典。</p>\n<p>《断易天机》解</p>\n<p>中孚卦巽上兑下，为艮宫游魂卦。中孚即忠信之意，主利涉大川，厄难消除。</p>\n<p>北宋易学家邵雍解</p>\n<p>信而有实，诚恳诚信；知己协助，谋望克遂。</p>\n<p>得此卦者，正直诚信者吉利，会得到朋友的帮助，谋事可成；心存邪念者则凶。</p>\n<p>台湾国学大儒傅佩荣解</p>\n<p>时运：风波难免，小心诉讼。</p>\n<p>财运：谨慎行事，可免灾祸。</p>\n<p>家宅：诉讼之灾；婚姻致讼。</p>\n<p>身体：有惊无险。</p>\n<p>传统解卦</p>\n<p>这个卦是异卦（下兑上巽）相叠。孚本义孵，孵卵出壳的日期非常准确，有信的意义。卦形外实内虚，喻心中诚信，所以称中孚卦。这是立身处世的根本。</p>\n<p>大象：中孚为诚信意，风吹在泽水之上，泽水必相应而起波浪，为共鸣之象。</p>\n<p>运势：凡事以「诚」待人，以「信」处事则诸事皆吉，心存邪念则凶。</p>\n<p>事业：以诚实忠信的态度对待事业，获得重大的成就，发展顺利。必须继续遵循正道的原则，不可掉以轻心，也不可过分地相信人，尤其不可以孤傲的性格自我封闭。否则事业将走向失败。</p>\n<p>经商：处理得很好，符合市场的要求。小心谨慎地经营，讲究信义，优质服务，可有满意的结果，甚至冒险犯难也不会出问题。</p>\n<p>求名：必须在道德修养的基础上，刻苦学习知识和本领，不断提高自己。同时，不要惧怕困难，努力向前。</p>\n<p>婚恋：双方以诚信的态度相互对待，幸福美满。</p>\n<p>决策：以诚信为立身处世的基石，真诚待人，信守制度，坚持原则，和悦谦虚，可以战胜任何困难，即使出现了问题也可以亡羊补牢。但务必增强对人的观察能力，提高分辨是非的水平。</p>",
    "title": "九二爻",
    "content": "<p>九二爻辞</p><p>九二。鸣鹤在阴，其子和之。我有好爵，吾与尔靡之。</p><p>象曰：其子和之，中心愿也。</p><p>白话文解释</p><p>九二：老鹤在树荫下鸣叫，小鹤在旁边附和。我有美酒，与你共享用。</p><p>《象辞》说：小鹤和应老鹤，这是心灵相通的表现。</p><p>北宋易学家邵雍解</p><p>吉：得此爻者，无往不利，多进钱财，或生子。做官的会晋升。</p><p>台湾国学大儒傅佩荣解</p><p>时运：此唱彼和，正合我意。</p><p>财运：主客同心，交相获利。</p><p>家宅：家贵子孝；夫唱妇随。</p><p>身体：传染之疾。</p><p>九二变卦</p><p>九二爻动变得周易第42卦：风雷益。这个卦是异卦（下震上巽）相叠。巽为风；震为雷。风雷激荡，其势愈强，雷愈响，风雷相助互长，交相助益。此卦与损卦相反。它是损上以益下，后者是损下以益上。二卦阐述的是损益的原则。</p><p>九二爻</p><p>的哲学含义</p><p>中孚卦第二爻，爻辞：九二：鸣鹤在阴，其子和之</p><p>爻辞释义</p><p>阴：指幽暗之处。和：指应和。爵：古代的酒器，这里指代酒。糜：指共同分享。</p><p>本爻辞的意思是：仙鹤在阴蔽之处鸣叫，小鹤跟着应和。我有醇香的美酒，愿与你一同畅饮。</p><p>从卦象上看，九二以阳爻居阴位，处于下卦之中，其上面的六三、六四全为阴爻，所以其处于阴蔽之处。九二虽失位，但是能坚守中道，并愿意与他人分</p><p>九二这一爻启示了分享的精神。当你在工作中，虽然对于自己的职位不太满意，但是要调整自己的心态，来接受它，并能与其他的同事保持着应和关系，不要唱反调，而且要愿意与他人分享，这样会营造一个非常融洽的工作环境。</p><p>九二：鸣鹤在阴，其子和之，我有好爵，吾与尔靡之。</p><p>象曰：其子和之，中心愿也。</p>",
    "bgtitle": "风雷益",
    "bgcontent": "这个卦是异卦（下震上巽）相叠。巽为风；震为雷。风雷激荡，其势愈强，雷愈响，风雷相助互长，交相助益。此卦与损卦相反。它是损上以益下，后者是损下以益上。二卦阐述的是损益的原则。"
}