{
    "gname": "风泽中孚",
    "gcontent": "<p>周易第六十一卦详解</p>\n<p>中孚卦原文</p>\n<p>中孚。豚鱼，吉。利涉大川，利贞。</p>\n<p>象曰：泽上有风，中孚。君子以议狱缓死。</p>\n<p>白话文解释</p>\n<p>中孚卦：豚鱼献祭，虽物薄但心诚，吉利。并利于涉水过河。这是吉利的贞卜。</p>\n<p>《象辞》说：本卦上卦为巽，巽为风；下卦为兑，兑为泽，泽上有风，风起波涌。这是中孚的卦象。君子观此卦象，有感于风化邦国，唯德教为先，因而审议讼狱，不轻置重典。</p>\n<p>《断易天机》解</p>\n<p>中孚卦巽上兑下，为艮宫游魂卦。中孚即忠信之意，主利涉大川，厄难消除。</p>\n<p>北宋易学家邵雍解</p>\n<p>信而有实，诚恳诚信；知己协助，谋望克遂。</p>\n<p>得此卦者，正直诚信者吉利，会得到朋友的帮助，谋事可成；心存邪念者则凶。</p>\n<p>台湾国学大儒傅佩荣解</p>\n<p>时运：风波难免，小心诉讼。</p>\n<p>财运：谨慎行事，可免灾祸。</p>\n<p>家宅：诉讼之灾；婚姻致讼。</p>\n<p>身体：有惊无险。</p>\n<p>传统解卦</p>\n<p>这个卦是异卦（下兑上巽）相叠。孚本义孵，孵卵出壳的日期非常准确，有信的意义。卦形外实内虚，喻心中诚信，所以称中孚卦。这是立身处世的根本。</p>\n<p>大象：中孚为诚信意，风吹在泽水之上，泽水必相应而起波浪，为共鸣之象。</p>\n<p>运势：凡事以「诚」待人，以「信」处事则诸事皆吉，心存邪念则凶。</p>\n<p>事业：以诚实忠信的态度对待事业，获得重大的成就，发展顺利。必须继续遵循正道的原则，不可掉以轻心，也不可过分地相信人，尤其不可以孤傲的性格自我封闭。否则事业将走向失败。</p>\n<p>经商：处理得很好，符合市场的要求。小心谨慎地经营，讲究信义，优质服务，可有满意的结果，甚至冒险犯难也不会出问题。</p>\n<p>求名：必须在道德修养的基础上，刻苦学习知识和本领，不断提高自己。同时，不要惧怕困难，努力向前。</p>\n<p>婚恋：双方以诚信的态度相互对待，幸福美满。</p>\n<p>决策：以诚信为立身处世的基石，真诚待人，信守制度，坚持原则，和悦谦虚，可以战胜任何困难，即使出现了问题也可以亡羊补牢。但务必增强对人的观察能力，提高分辨是非的水平。</p>",
    "title": "九四爻",
    "content": "<p>六四爻辞</p><p>六四。月既望，马匹亡，无咎。</p><p>象曰：马匹亡，绝类上也。</p><p>白话文解释</p><p>六四：月中的时候，马匹丢失了，但无大的灾祸。</p><p>《象辞》说：马匹丢失了，此后要加倍警惕，防止再发生类似事情。</p><p>北宋易学家邵雍解</p><p>平：得此爻者，能得到提拔，但有失去配偶或财产之忧。做官的会晋升，身居要位。</p><p>台湾国学大儒傅佩荣解</p><p>时运：持盈保泰，先公后私。</p><p>财运：谋事顺利，财源亦丰。</p><p>家宅：阴气过盛；可能丧偶。</p><p>身体：可渐复元。</p><p>六四变卦</p><p>六四爻动变得周易第10卦：天泽履。这个卦是异卦（下兑上乾）相叠，乾为天，兑为泽，以天喻君，以泽喻民，原文：“履（踩）虎尾，不咥（咬）人”。因此，结果吉利。君上民下，各得其位。兑柔遇乾刚，所履危。履意为实践，卦义是脚踏实地的向前进取的意思。</p><p>九四爻</p><p>的哲学含义</p><p>中孚卦第四爻，爻辞：六四：月几望，马匹亡，无咎。爻辞释义</p><p>望：指农历十五、十六月圆之象。这里指月亮快要盈满而尚未盈满。</p><p>本爻辞的意思是：月亮将圆而未盈，好马失掉了匹配，没有过错。</p><p>从卦象上看，六四以阴爻居于柔位，得位。其为近君大臣之位，与九五君王亲比，关系很好，深得九五的信任。但是六四不能守持正道，与下面的初九有应，有营结私党之嫌。不过六四意识到了这方面的危险性，只忠心于九五，而断绝了与初九的关系，这就有如马匹只忠诚于主人而不去自己的同类与联系一样，“马匹亡”。既然六四能自己改正，也就没有什么过错了。</p><p>《象》中这样分析本爻：“马匹亡”，绝类上也。这里指出：“好马失掉了匹配”，是指六四爻诚信专一，断绝与同类之间的交往，而专心事奉君主。</p><p>占得此爻者，此时可能面临两个选择，可能在工作上或情感上有脚踏两只船之嫌。此时，你应该做出决断，当然，你自己知道哪个选择更适合自己，对自己更有利，所以一定要抛弃一个，这样才不会有过错。在单位里，你本来是领导的助手，可是下面有同事对领导有意见，你也随声附后，并与之交往过密，如果这样，你赶紧与这样的同事断绝关系，否则，会自惹麻烦。</p><p>六四:月几望，马匹亡，无咎。</p><p>象曰：马匹亡，绝类上也。</p><p>经文意思是：月近十五，马匹丢了，没有灾难。</p><p>象辞意思是：马匹丢了，是六四断绝同类而上承九五。</p>",
    "bgtitle": "天泽履",
    "bgcontent": "这个卦是异卦（下兑上乾）相叠，乾为天，兑为泽，以天喻君，以泽喻民，原文：“履（踩）虎尾，不咥（咬）人”。因此，结果吉利。君上民下，各得其位。兑柔遇乾刚，所履危。履意为实践，卦义是脚踏实地的向前进取的意思。"
}