{
    "gname": "风火家人",
    "gcontent": "<p>周易第三十七卦详解</p>\n<p>家人卦原文</p>\n<p>家人。利女贞。</p>\n<p>象曰：风自火出，家人。君子以言有物，而行有恒。</p>\n<p>白话文解释</p>\n<p>家人卦：卜问妇女之事吉利。</p>\n<p>《象辞》说：本卦外卦为巽，巽为风；内卦为离，离为火，内火外风，风助火势，火助风威，相辅相成，是家人的卦象。君子观此卦象，从而省悟到言辞须有内容才不致于空洞，德行须持之以恒才能充沛。</p>\n<p>《断易天机》解</p>\n<p>家人卦巽上离下，为巽宫二世卦。家人卦为家庭和睦、和合之象，多主吉。</p>\n<p>北宋易学家邵雍解</p>\n<p>人心内向，家道兴隆；严正有恒，不能移心。</p>\n<p>得此卦者，与人合作共事者会有利，且多有喜事之象，家庭和睦者，能同心协力，发展事业。</p>\n<p>台湾国学大儒傅佩荣解</p>\n<p>时运：旺运当头，言行小心。</p>\n<p>财运：囤积货品，后有高价。</p>\n<p>家宅：小心火灾；亲上加亲。</p>\n<p>身体：痰多气喘，难以根治。</p>\n<p>传统解卦</p>\n<p>这个卦是异卦（下离上巽）相叠。离为火；巽为风。火使热气上升，成为风。一切事物皆应以内在为本，然后伸延到外。发生于内，形成于外。喻先治家而后治天下，家道正，天下安乐。</p>\n<p>大象：风吹火之象，助火之威，喻家人同心协力，发展事业。</p>\n<p>运势：平安大吉，与人合作则易成，更有喜庆之象，如添丁婚嫁等。</p>\n<p>事业：成功与否取决于家庭的情况。严格治家，防止“后院”起火出现意外事故，这是事业成功的先决条件。夫妇和睦，共同合作，必可脱贫致富。事业应由内而外，循序渐进，持之以恒，而后必有所成。</p>\n<p>经商：以治家方式用于商业活动。对待公司员工应严宽结合，以严为主。宜集中领导，主事一人，共同合作，日积月累。</p>\n<p>求名：以勤苦努力和安贫乐道为主，更应有家庭的支持。家道兴盛的同时，个人的事业也就容易成功。</p>\n<p>婚恋：和睦的家庭，是一切的基础，而妻子又是家道的根本。择妻应慎重，和乐兴家。</p>\n<p>决策：因好的家庭和妻子的支持而顺利成功，务必保持这种优势，否则，由盛转衰在顷刻之间。尤其应预防家庭变故。持家重在谦和待人，勤俭积蓄以致富。亲人相互和睦、友好。</p>\n<p>第三十七卦的哲学含义</p>\n<p>家人卦卦象，风火家人卦的象征意义</p>\n<p>家人卦是异卦相叠，下卦为离，上卦为巽。离为火，巽为风。火使热气上升，成为风。一切事物皆应以内在为本，然后延伸到外。发生于内，形成于外。</p>\n<p>喻先治家而后治天下，家道正，天下安乐。</p>\n<p>从另一个角度来看，家人卦是由巽和离组成的。离为火，火可以做饭；巽为风，无处不到。离下巽上，意味着人们用火做成饭，全家人吃了饭之后，像风一样到处去活动，各干其事，故本卦命名为家人。</p>\n<p>家人卦在明夷卦之后，《序》卦中这样说道：“伤于外者必反于家，故受之以家人。”明夷卦谈的是从政做官或在外做事受到了伤害，现在应该返回家庭，</p>\n<p>寻求安定。</p>\n<p>《象》中这样解释本卦：风自火出，家人；君子以言有物而行有恒。这里指出：家人卦的卦象是离（火）下巽（风）上，为风从火出之表象，象征着外部的风来自于本身的火，就像家庭的影响和作用都产生于自己内部一样。君子应该特别注意自己的一言一行，说话要有根据和内容，行动要有准则和规矩，不能朝三暮四和半途而废。</p>\n<p>家人卦所要表达的宗旨就是诚威治业，其属于下下卦。《象》中这样来断此卦：一朵鲜花镜中开，看着极好取不来，劝君休把镜花恋，卦若逢之主可怪。</p>",
    "title": "九三爻",
    "content": "<p>九三爻辞</p><p>九三。家人嗃嗃，悔厉，吉；妇子嘻嘻，终吝。</p><p>象曰：家人嗃嗃，未失也；妇子嘻嘻，失家节也。</p><p>白话文解释</p><p>九三：贫困之家，众口嗷嗷待哺，这是愁苦之事，但能辛勤劳作，可以脱贫致富。而富贵之家，骄奢淫逸，妻室儿女只知嬉笑作乐，终将败落。</p><p>《象辞》说：贫困之家，而能辛勤劳作，未失正派家风。富贵之冢，一味嬉笑作乐，则有失勤俭之道。</p><p>北宋易学家邵雍解</p><p>凶：得此爻者，忧喜参半，谨防沉迷于享乐中。做官的严而少宽恕之恩。</p><p>台湾国学大儒傅佩荣解</p><p>时运：刻苦有成，逸乐则废。</p><p>财运：内外皆齐，尚可自保。</p><p>家宅：家规严肃；两姓相从。</p><p>身体：凉剂解厄。</p><p>九三变卦</p><p>九三爻动变得周易第42卦：风雷益。这个卦是异卦（下震上巽）相叠。巽为风；震为雷。风雷激荡，其势愈强，雷愈响，风雷相助互长，交相助益。此卦与损卦相反。它是损上以益下，后者是损下以益上。二卦阐述的是损益的原则。</p><p>九三爻</p><p>的哲学含义</p><p>家人卦第三爻，爻辞：九三：家人嘀嘀，悔厉，吉；妇子嘻嘻，终吝。爻辞释义</p><p>嘀嘀：为发怒训斥之声。嘻嘻：为放肆嘻笑之声。</p><p>本爻辞的意思是：治家过于严厉，常常因为过分训斥家人而感到后悔，但毕竟家道未失，从长远来看，终能吉祥。若过于宽纵，妇人和孩子们随心所欲地大笑，最终的发展结果决不会好。</p><p>家人卦第三爻，爻辞：九三：家人嘀嘀，悔厉，吉；妇子嘻嘻，终吝。人生启示</p><p>从卦象上看，九三为阳爻居于刚位，指代家庭之中的父亲。父亲应该坚守家庭之中的规矩，负起管教之责。如果家人做事不对，可以严加训斥。要知道，“严是爱，松是害”。</p><p>《象》中这样解释本爻：“家人嘀嘀”，未失也；“妇子嘻嘻”，失家节也。这里指出：“治家过于严厉”，这样做是符合治家的原则的，虽然有过失，但不失根本。而听凭“妇人和孩子随心所欲，最终的发展结果却决不会好”，是因为这样做违背了治家的原则和规矩。</p><p>占得此爻者，不应放任自己的感情，对愚蠢的行为和过度的娱乐要严加限制，否则会有后悔的事情发生。</p><p>九三：家人嗃嗃，悔厉吉；妇子嘻嘻，终吝。</p><p>象曰：家人嗃嗃，未失也；妇子嘻嘻，失家节也。</p><p>经文意思是：家里人被嗃嗃训斥，治家严厉吉祥；妇女、孩子嘻嘻哈哈，最终会有忧吝。</p><p>象辞意思是：家里人被训斥，是没有失去家法；妇子、孩子嘻嘻哈哈，是失去了家的节制。</p><p>九三爻为下卦离的最上爻，下卦主内为家，所以九三爻在这里就相当于家长。家长该怎样去做呢？家长就应发道德、家法来约束每一位家庭成员，要严厉。所以爻辞中说“家人嗃嗃，悔厉吉”。</p>",
    "bgtitle": "风雷益",
    "bgcontent": "这个卦是异卦（下震上巽）相叠。巽为风；震为雷。风雷激荡，其势愈强，雷愈响，风雷相助互长，交相助益。此卦与损卦相反。它是损上以益下，后者是损下以益上。二卦阐述的是损益的原则。"
}