{
    "gname": "风火家人",
    "gcontent": "<p>周易第三十七卦详解</p>\n<p>家人卦原文</p>\n<p>家人。利女贞。</p>\n<p>象曰：风自火出，家人。君子以言有物，而行有恒。</p>\n<p>白话文解释</p>\n<p>家人卦：卜问妇女之事吉利。</p>\n<p>《象辞》说：本卦外卦为巽，巽为风；内卦为离，离为火，内火外风，风助火势，火助风威，相辅相成，是家人的卦象。君子观此卦象，从而省悟到言辞须有内容才不致于空洞，德行须持之以恒才能充沛。</p>\n<p>《断易天机》解</p>\n<p>家人卦巽上离下，为巽宫二世卦。家人卦为家庭和睦、和合之象，多主吉。</p>\n<p>北宋易学家邵雍解</p>\n<p>人心内向，家道兴隆；严正有恒，不能移心。</p>\n<p>得此卦者，与人合作共事者会有利，且多有喜事之象，家庭和睦者，能同心协力，发展事业。</p>\n<p>台湾国学大儒傅佩荣解</p>\n<p>时运：旺运当头，言行小心。</p>\n<p>财运：囤积货品，后有高价。</p>\n<p>家宅：小心火灾；亲上加亲。</p>\n<p>身体：痰多气喘，难以根治。</p>\n<p>传统解卦</p>\n<p>这个卦是异卦（下离上巽）相叠。离为火；巽为风。火使热气上升，成为风。一切事物皆应以内在为本，然后伸延到外。发生于内，形成于外。喻先治家而后治天下，家道正，天下安乐。</p>\n<p>大象：风吹火之象，助火之威，喻家人同心协力，发展事业。</p>\n<p>运势：平安大吉，与人合作则易成，更有喜庆之象，如添丁婚嫁等。</p>\n<p>事业：成功与否取决于家庭的情况。严格治家，防止“后院”起火出现意外事故，这是事业成功的先决条件。夫妇和睦，共同合作，必可脱贫致富。事业应由内而外，循序渐进，持之以恒，而后必有所成。</p>\n<p>经商：以治家方式用于商业活动。对待公司员工应严宽结合，以严为主。宜集中领导，主事一人，共同合作，日积月累。</p>\n<p>求名：以勤苦努力和安贫乐道为主，更应有家庭的支持。家道兴盛的同时，个人的事业也就容易成功。</p>\n<p>婚恋：和睦的家庭，是一切的基础，而妻子又是家道的根本。择妻应慎重，和乐兴家。</p>\n<p>决策：因好的家庭和妻子的支持而顺利成功，务必保持这种优势，否则，由盛转衰在顷刻之间。尤其应预防家庭变故。持家重在谦和待人，勤俭积蓄以致富。亲人相互和睦、友好。</p>\n<p>第三十七卦的哲学含义</p>\n<p>家人卦卦象，风火家人卦的象征意义</p>\n<p>家人卦是异卦相叠，下卦为离，上卦为巽。离为火，巽为风。火使热气上升，成为风。一切事物皆应以内在为本，然后延伸到外。发生于内，形成于外。</p>\n<p>喻先治家而后治天下，家道正，天下安乐。</p>\n<p>从另一个角度来看，家人卦是由巽和离组成的。离为火，火可以做饭；巽为风，无处不到。离下巽上，意味着人们用火做成饭，全家人吃了饭之后，像风一样到处去活动，各干其事，故本卦命名为家人。</p>\n<p>家人卦在明夷卦之后，《序》卦中这样说道：“伤于外者必反于家，故受之以家人。”明夷卦谈的是从政做官或在外做事受到了伤害，现在应该返回家庭，</p>\n<p>寻求安定。</p>\n<p>《象》中这样解释本卦：风自火出，家人；君子以言有物而行有恒。这里指出：家人卦的卦象是离（火）下巽（风）上，为风从火出之表象，象征着外部的风来自于本身的火，就像家庭的影响和作用都产生于自己内部一样。君子应该特别注意自己的一言一行，说话要有根据和内容，行动要有准则和规矩，不能朝三暮四和半途而废。</p>\n<p>家人卦所要表达的宗旨就是诚威治业，其属于下下卦。《象》中这样来断此卦：一朵鲜花镜中开，看着极好取不来，劝君休把镜花恋，卦若逢之主可怪。</p>",
    "title": "初九爻",
    "content": "<p>初九爻辞</p><p>初九。闲有家，悔亡。</p><p>象曰：闲有家，志未变也。</p><p>白话文解释</p><p>初九：防范家庭出现意外事故，没有悔恨。</p><p>《象辞》说：防范家庭出现意外事故，就是警惕未然事变。</p><p>北宋易学家邵雍解</p><p>平：得此爻者，谋事有成，未婚者会结婚，老者不利于寿。做官的闲职者会晋升有实权，当职者则权力旁落。</p><p>台湾国学大儒傅佩荣解</p><p>时运：好运初来，自我检点。</p><p>财运：初做生意，严守商规。</p><p>家宅：有规有矩；清白之家。</p><p>身体：有病就治，一拖难医。</p><p>初九变卦</p><p>初九爻动变得周易第53卦：风山渐。这个卦是异卦（下艮上巽）相叠。艮为山，巽为木。山上有木，逐渐成长，山也随着增高。这是逐渐进步的过程，所以称渐，渐即进，渐渐前进而不急速。</p><p>初九爻的哲学含义</p><p>家人卦第一爻，爻辞：初九：闲有家，悔亡。爻辞释义</p><p>闲：是指防范、戒备。有：可作“于”讲。</p><p>本爻辞的意思是：持家能够预防不测之灾，就不会有什么过失了。</p><p>从卦象上看，初九这一爻是阳爻居刚位，又是家人卦之始，意味着刚开始组建家庭。这个时候，最好要设下规矩，因为家人心意尚未受到外界影响，若是养成不良习惯，再来改正就困难了。</p><p>《象》中这样解本爻：“闲有家”，志未变也。这里指出：“持家能够预防不测之灾，就不会有什么过失了”，意义就在于开一个好头十分重要。如果等到出现了问题再去想办法，效果就差得多了。</p><p>占得此爻者，要约束自己，也要约束家中的女人和孩子，从一开始就树立正确的道德规范，告诉家里人不要搬弄是非，不要说别人的闲话。在空闲时学一下治家之道，或是生活中的必要技能，这样的家庭之中就不会出现后悔的事情。</p><p>初九：闲有家，悔亡。</p><p>象曰：闲有家，志未变也。</p><p>经文意思是：在家中做好防范，不会发生悔恨的事情。象辞意思是：在家中做好防范，是对家的观念没有改变。</p><p>远古时代的房屋虽然简陋，但却都有院落。院子的大门像两片木栅栏，关上门后插上一^根横木，外面的人就进不来了。这根横木就叫做“闲”。这根横木不但可以防止外人进来，还可以当武器用，当打开门发现来者心怀恶意时，可以用这根横木进行自卫。所以相对于一家人来说，平时懂得用横木把门插好，就不会有悔恨的事情发生了。</p>",
    "bgtitle": "风山渐",
    "bgcontent": "这个卦是异卦（下艮上巽）相叠。艮为山，巽为木。山上有木，逐渐成长，山也随着增高。这是逐渐进步的过程，所以称渐，渐即进，渐渐前进而不急速。"
}