{
    "gname": "风火家人",
    "gcontent": "<p>周易第三十七卦详解</p>\n<p>家人卦原文</p>\n<p>家人。利女贞。</p>\n<p>象曰：风自火出，家人。君子以言有物，而行有恒。</p>\n<p>白话文解释</p>\n<p>家人卦：卜问妇女之事吉利。</p>\n<p>《象辞》说：本卦外卦为巽，巽为风；内卦为离，离为火，内火外风，风助火势，火助风威，相辅相成，是家人的卦象。君子观此卦象，从而省悟到言辞须有内容才不致于空洞，德行须持之以恒才能充沛。</p>\n<p>《断易天机》解</p>\n<p>家人卦巽上离下，为巽宫二世卦。家人卦为家庭和睦、和合之象，多主吉。</p>\n<p>北宋易学家邵雍解</p>\n<p>人心内向，家道兴隆；严正有恒，不能移心。</p>\n<p>得此卦者，与人合作共事者会有利，且多有喜事之象，家庭和睦者，能同心协力，发展事业。</p>\n<p>台湾国学大儒傅佩荣解</p>\n<p>时运：旺运当头，言行小心。</p>\n<p>财运：囤积货品，后有高价。</p>\n<p>家宅：小心火灾；亲上加亲。</p>\n<p>身体：痰多气喘，难以根治。</p>\n<p>传统解卦</p>\n<p>这个卦是异卦（下离上巽）相叠。离为火；巽为风。火使热气上升，成为风。一切事物皆应以内在为本，然后伸延到外。发生于内，形成于外。喻先治家而后治天下，家道正，天下安乐。</p>\n<p>大象：风吹火之象，助火之威，喻家人同心协力，发展事业。</p>\n<p>运势：平安大吉，与人合作则易成，更有喜庆之象，如添丁婚嫁等。</p>\n<p>事业：成功与否取决于家庭的情况。严格治家，防止“后院”起火出现意外事故，这是事业成功的先决条件。夫妇和睦，共同合作，必可脱贫致富。事业应由内而外，循序渐进，持之以恒，而后必有所成。</p>\n<p>经商：以治家方式用于商业活动。对待公司员工应严宽结合，以严为主。宜集中领导，主事一人，共同合作，日积月累。</p>\n<p>求名：以勤苦努力和安贫乐道为主，更应有家庭的支持。家道兴盛的同时，个人的事业也就容易成功。</p>\n<p>婚恋：和睦的家庭，是一切的基础，而妻子又是家道的根本。择妻应慎重，和乐兴家。</p>\n<p>决策：因好的家庭和妻子的支持而顺利成功，务必保持这种优势，否则，由盛转衰在顷刻之间。尤其应预防家庭变故。持家重在谦和待人，勤俭积蓄以致富。亲人相互和睦、友好。</p>\n<p>第三十七卦的哲学含义</p>\n<p>家人卦卦象，风火家人卦的象征意义</p>\n<p>家人卦是异卦相叠，下卦为离，上卦为巽。离为火，巽为风。火使热气上升，成为风。一切事物皆应以内在为本，然后延伸到外。发生于内，形成于外。</p>\n<p>喻先治家而后治天下，家道正，天下安乐。</p>\n<p>从另一个角度来看，家人卦是由巽和离组成的。离为火，火可以做饭；巽为风，无处不到。离下巽上，意味着人们用火做成饭，全家人吃了饭之后，像风一样到处去活动，各干其事，故本卦命名为家人。</p>\n<p>家人卦在明夷卦之后，《序》卦中这样说道：“伤于外者必反于家，故受之以家人。”明夷卦谈的是从政做官或在外做事受到了伤害，现在应该返回家庭，</p>\n<p>寻求安定。</p>\n<p>《象》中这样解释本卦：风自火出，家人；君子以言有物而行有恒。这里指出：家人卦的卦象是离（火）下巽（风）上，为风从火出之表象，象征着外部的风来自于本身的火，就像家庭的影响和作用都产生于自己内部一样。君子应该特别注意自己的一言一行，说话要有根据和内容，行动要有准则和规矩，不能朝三暮四和半途而废。</p>\n<p>家人卦所要表达的宗旨就是诚威治业，其属于下下卦。《象》中这样来断此卦：一朵鲜花镜中开，看着极好取不来，劝君休把镜花恋，卦若逢之主可怪。</p>",
    "title": "九二爻",
    "content": "<p>六二爻辞</p><p>六二。无攸遂，在中馈，贞吉。</p><p>象曰：六二之吉，顺以巽也。</p><p>白话文解释</p><p>六二：妇女在家中料理家务，安排饍食，没有失误，这是吉利之象。</p><p>《象辞》说：</p><p>六二爻辞</p><p>之所以称吉利，因为六二阴爻居九三阳爻之下，像妇人对男人顺从而又谦逊。</p><p>北宋易学家邵雍解</p><p>吉：得此爻者，营谋成家，多喜事。做官的会荣华富贵。</p><p>台湾国学大儒傅佩荣解</p><p>时运：因人成事，尚可如意。</p><p>财运：贩运粮食，可以获利。</p><p>家宅：妇人当家。</p><p>身体：胃口尚好，可以无碍。</p><p>六二变卦</p><p>六二爻动变得周易第9卦：风天小畜。这个卦是异卦（下乾上巽）相叠，乾为天，巽为风。喻风调雨顺，谷物滋长，故卦名小畜（蓄）。力量有限，须待发展到一定程度，才可大有作为。</p><p>九二爻</p><p>的哲学含义</p><p>家人卦第二爻，爻辞：六二：无攸遂，在中馈，贞吉。爻辞释义</p><p>遂：如愿以偿，这里指随心所欲。中：家中。馈：烹饪饮食类杂务事。</p><p>本爻辞的意思是：不可随心所欲去追求外部事业上的功名，而是尽心料理家中的饮食起居，这样做结果一定是吉祥的。</p><p>从卦象上看，六二是阴爻居柔位，阳刚不足，才智柔弱，若从事社会上的工作难以如愿以偿。六二阴爻居于下卦离之中，离代表火；又在互坎〔六二、九三、六四）之中，坎为水；两者合观，则是水在火上，为烹饪饮食、做饭烧水之象。而六二具有柔顺、随顺的品德，所以结果是吉祥的。</p><p>《象》中这样解释本爻：六二之吉，顺以巽也。这里指出：六二之所以能够吉祥如意，是因为它位置居中，符合常规，而且温柔顺从的缘故。</p><p>占得此爻者，若是在外打拼事业无所成，或是受阻，可以在家里做做饭，招待一下亲朋好友，或是弄点礼品，馈赠亲朋好友，这样会获得吉祥。</p><p>六二：无攸遂，在中馈，贞吉。</p><p>象曰：六二之吉，顺以巽也。</p><p>经文意思是：不自作主张，到了中午开始吃饭，守正道吉祥。</p><p>象辞意思是：六二之所以吉祥，</p><p>六二与九五相应，就好比一个家庭中夫妻和睦。六二居于内卦之中且得位，代表家中持守中正之道的妻子。妻子在家中不是一^家之主，按现在的话说不是户主，所以做事不能擅自做主，有事要与丈夫商量。而妻子在家中主内，主要任务便是给一家人做饭，每天中午给家中人准备好可口的饭菜，听从丈夫的命令，守持正道，就会吉祥。这个吉祥，既是六二的吉祥，同时也是一家人的吉祥。当然，这是古代封建时期的思想，现在男女平等，有不少男子正逐渐担当起六二爻的职务,所以这种思想对现代家庭不是很合适。时代不同了嘛。</p>",
    "bgtitle": "风天小畜",
    "bgcontent": "这个卦是异卦（下乾上巽）相叠，乾为天，巽为风。喻风调雨顺，谷物滋长，故卦名小畜（蓄）。力量有限，须待发展到一定程度，才可大有作为。"
}