{
    "gname": "风雷益",
    "gcontent": "<p>周易第四十二卦详解</p>\n<p>益卦原文</p>\n<p>益。利有攸往，利涉大川。</p>\n<p>象曰：风雷，益。君子以见善则迁，有过则改。</p>\n<p>白话文解释</p>\n<p>益卦：筮遇此爻，利于有所往，利于涉水渡河。</p>\n<p>《象辞》说：本卦上卦为巽，巽为风；下卦为震，震为雷，风雷激荡，是益卦的卦象。君子观此卦象，惊恐于风雷的威力，从而见善则从之，有过则改之。</p>\n<p>《断易天机》解</p>\n<p>益卦巽上震下，为巽宫三世卦。益卦为损益、收益之意，利有所往，利涉大川，多主吉。</p>\n<p>北宋易学家邵雍解</p>\n<p>损上益下，奋发有为；进取成名，商贾获利。</p>\n<p>得此卦者，正当好运，奋发图进，得人帮助，能获名利。</p>\n<p>台湾国学大儒傅佩荣解</p>\n<p>时运：得意之时，改旧换新。</p>\n<p>财运：贸易要快，才有利益。</p>\n<p>家宅：小心风雷；婚姻好合。</p>\n<p>身体：肝火太盛。</p>\n<p>传统解卦</p>\n<p>这个卦是异卦（下震上巽）相叠。巽为风；震为雷。风雷激荡，其势愈强，雷愈响，风雷相助互长，交相助益。此卦与损卦相反。它是损上以益下，后者是损下以益上。二卦阐述的是损益的原则。</p>\n<p>大象：强风配快雷，声威增长之象，长男配长女，夫妇合体，增益儿孙之象。</p>\n<p>运势：现正当吉运，可得贵人之助而成功，宜施惠于人，施比受更有福。</p>\n<p>事业：大胆投入，勇于支持他人事业，必相得益彰。勇敢前进，敢作敢为。只要心地善良、纯洁、谦虚，事业必定与日俱增，前程无可限量。助人宜即时，要在应急。开拓事业，内部团结一致，人心所向，树立恒心，不怕冒险犯难。</p>\n<p>经商：勿追求小利，让利于顾客，反而必获丰厚利润，切忌贪心不足！在遇到危险时应向他人求教，争取诚实的援助。</p>\n<p>求名：真心实意地施惠于他人，自己必然可以得到诚心诚意的回报，并且获得支持，事业必成。</p>\n<p>婚恋：相亲相爱，良缘天定。</p>\n<p>决策：心胸开阔，乐于助人。人际关系好，得到众人的支持。自己贵在树立恒心，克服三心二意。尤其要向比自己优秀的人学习，借助对方的力量，充实和发展自己。树立必要的冒险精神。平日要施善于人。因此，即使遇到危险也会得到他人救助。</p>\n<p>第四十二卦的哲学含义</p>\n<p>益卦卦象，风雷益卦的象征意义</p>\n<p>益卦，本卦是异卦相叠，下卦为震，上卦为巽。巽为风，震为雷。当雷声大作时，震动它上面巽风。巽风刮起来了，就使地上的万物得益。风吹万物，往往自上而来，从这个角度来讲，所谓益者，是指上者使下者得益。</p>\n<p>从另一个角度来说，当雷声大作，震起巽风，巽风强劲，把雷声吹到遥远的地方。风雷激荡，其势愈强，雷愈响，风雷相助互长，交相助益。正如上级使下级得益，从而下级会更加拥护上级，从而上下得益。</p>\n<p>益卦位于损卦之后，《序卦》中解释道：“损而不已必受益，故受之以益。”一直减损下去，接着一定要有所增益。益卦与损卦为正覆关系，亦即现在要损上益下。</p>\n<p>《象》中这样分析益卦：风雷，益；君子以见善则迁，有过则改。这里指出：益卦的卦象是震下巽上，是为“风雷益”。刮风的时候，雷鸣增其威力；打雷时，强风益其声势。狂风和惊雷互相激荡，相得益彰之表象，象征“增益”的意思；君子应当由此领悟，取法别人的优点来增益自己的德行，看到良好的行为就马上向它看齐，有了过错就马上改正，不断增强自身的美好品德。</p>\n<p>益卦象征增益，属于上上卦。《象》中这样来断此卦：时来运转吉气发，多年枯木又开花，枝叶重生多茂盛，几人见了几人夸。</p>",
    "title": "初九爻",
    "content": "<p>初九爻辞</p><p>初九。利用为大作，元吉，无咎。</p><p>象曰：元吉无咎，下不厚事也。</p><p>白话文解释</p><p>初九：筮遇此爻，利于大兴土木，大吉大利，并无灾祸。</p><p>《象辞》说：大吉大利，并无灾祸，因为百姓努力工作，加快了工程进度。</p><p>北宋易学家邵雍解</p><p>吉：得此爻者，大事可成，万事称心。做官的会高升，读书人会取得大的成绩。</p><p>台湾国学大儒傅佩荣解</p><p>时运：大事可为，无不如意。</p><p>财运：有人有谋，大利在前。</p><p>家宅：新宅宽大，婚姻大吉。</p><p>身体：健康无虞。</p><p>初九变卦</p><p>初九爻动变得周易第20卦：风地观。这个卦是异卦（下坤上巽）相叠，风行地上，喻德教遍施。观卦与临卦互为综卦，交相使用。在上者以道义观天下；在下者以敬仰瞻上，人心顺服归从。</p><p>初九爻的哲学含义</p><p>益卦第一爻，爻辞：初九：利用为大作，元吉，无咎。爻辞释义</p><p>作：指作为。</p><p>本爻辞的意思是：有利于大作为，一开始就大吉大利，没有灾难。</p><p>从卦象上看，初九是阳爻居刚位，得位。虽然是益卦的最下层，但是因为益卦是损上益下，所以可以有大作为。</p><p>《象》中这样解释本爻：“元吉无咎”，不厚事也。这里指出：“有利于大作为，一开始就大吉大利，没有灾难”，是因为下位者不必全力侍奉上位者。</p><p>占得此爻者，意味着等待已久的时机已经到来，应该抓住机会，尽管这可能有一定的风险，但最终结果是十分喜人的。所要做的事是争取上级支持的，这时不必去恳求上级，上级会主动来帮助你。但是，做的事会有这样的隐患：这种事要是做好了，功劳可能会归于上级；若是做砸了，你可能会担主要的责任。所以对这样的事，要谨慎小心，全力以赴，最终会取得成功，为此深受上级的重视和赏识，得到格外的嘉奖。</p><p>初九：利用为大作，元吉，无咎。</p><p>象曰：元吉无咎，下不厚事也。</p><p>经文意思是：有利于发展大事业，大吉祥，没有灾难。</p><p>象辞意思是：大吉祥没有灾难，是因为下民不用承受繁重的剥削。</p><p>初九位于益卦的最下层，由于益卦是损上益下，所以初九也是最大的受益者。君王使民众受益，民众怎么能不吉祥，怎么会有灾难呢？所以处于这种大好形势下，民众就应当有大的作为，积极发展经济。因为君王不再厚取于民，民众的劳作收入大部分是自己的，为什么不利用这种优惠的政策兴办大事呢？</p>",
    "bgtitle": "风地观",
    "bgcontent": "这个卦是异卦（下坤上巽）相叠，风行地上，喻德教遍施。观卦与临卦互为综卦，交相使用。在上者以道义观天下；在下者以敬仰瞻上，人心顺服归从。"
}