{
    "gname": "风雷益",
    "gcontent": "<p>周易第四十二卦详解</p>\n<p>益卦原文</p>\n<p>益。利有攸往，利涉大川。</p>\n<p>象曰：风雷，益。君子以见善则迁，有过则改。</p>\n<p>白话文解释</p>\n<p>益卦：筮遇此爻，利于有所往，利于涉水渡河。</p>\n<p>《象辞》说：本卦上卦为巽，巽为风；下卦为震，震为雷，风雷激荡，是益卦的卦象。君子观此卦象，惊恐于风雷的威力，从而见善则从之，有过则改之。</p>\n<p>《断易天机》解</p>\n<p>益卦巽上震下，为巽宫三世卦。益卦为损益、收益之意，利有所往，利涉大川，多主吉。</p>\n<p>北宋易学家邵雍解</p>\n<p>损上益下，奋发有为；进取成名，商贾获利。</p>\n<p>得此卦者，正当好运，奋发图进，得人帮助，能获名利。</p>\n<p>台湾国学大儒傅佩荣解</p>\n<p>时运：得意之时，改旧换新。</p>\n<p>财运：贸易要快，才有利益。</p>\n<p>家宅：小心风雷；婚姻好合。</p>\n<p>身体：肝火太盛。</p>\n<p>传统解卦</p>\n<p>这个卦是异卦（下震上巽）相叠。巽为风；震为雷。风雷激荡，其势愈强，雷愈响，风雷相助互长，交相助益。此卦与损卦相反。它是损上以益下，后者是损下以益上。二卦阐述的是损益的原则。</p>\n<p>大象：强风配快雷，声威增长之象，长男配长女，夫妇合体，增益儿孙之象。</p>\n<p>运势：现正当吉运，可得贵人之助而成功，宜施惠于人，施比受更有福。</p>\n<p>事业：大胆投入，勇于支持他人事业，必相得益彰。勇敢前进，敢作敢为。只要心地善良、纯洁、谦虚，事业必定与日俱增，前程无可限量。助人宜即时，要在应急。开拓事业，内部团结一致，人心所向，树立恒心，不怕冒险犯难。</p>\n<p>经商：勿追求小利，让利于顾客，反而必获丰厚利润，切忌贪心不足！在遇到危险时应向他人求教，争取诚实的援助。</p>\n<p>求名：真心实意地施惠于他人，自己必然可以得到诚心诚意的回报，并且获得支持，事业必成。</p>\n<p>婚恋：相亲相爱，良缘天定。</p>\n<p>决策：心胸开阔，乐于助人。人际关系好，得到众人的支持。自己贵在树立恒心，克服三心二意。尤其要向比自己优秀的人学习，借助对方的力量，充实和发展自己。树立必要的冒险精神。平日要施善于人。因此，即使遇到危险也会得到他人救助。</p>\n<p>第四十二卦的哲学含义</p>\n<p>益卦卦象，风雷益卦的象征意义</p>\n<p>益卦，本卦是异卦相叠，下卦为震，上卦为巽。巽为风，震为雷。当雷声大作时，震动它上面巽风。巽风刮起来了，就使地上的万物得益。风吹万物，往往自上而来，从这个角度来讲，所谓益者，是指上者使下者得益。</p>\n<p>从另一个角度来说，当雷声大作，震起巽风，巽风强劲，把雷声吹到遥远的地方。风雷激荡，其势愈强，雷愈响，风雷相助互长，交相助益。正如上级使下级得益，从而下级会更加拥护上级，从而上下得益。</p>\n<p>益卦位于损卦之后，《序卦》中解释道：“损而不已必受益，故受之以益。”一直减损下去，接着一定要有所增益。益卦与损卦为正覆关系，亦即现在要损上益下。</p>\n<p>《象》中这样分析益卦：风雷，益；君子以见善则迁，有过则改。这里指出：益卦的卦象是震下巽上，是为“风雷益”。刮风的时候，雷鸣增其威力；打雷时，强风益其声势。狂风和惊雷互相激荡，相得益彰之表象，象征“增益”的意思；君子应当由此领悟，取法别人的优点来增益自己的德行，看到良好的行为就马上向它看齐，有了过错就马上改正，不断增强自身的美好品德。</p>\n<p>益卦象征增益，属于上上卦。《象》中这样来断此卦：时来运转吉气发，多年枯木又开花，枝叶重生多茂盛，几人见了几人夸。</p>",
    "title": "九四爻",
    "content": "<p>六四爻辞</p><p>六四。中行，告公从。利用为依迁国。</p><p>象曰：告公从，以益志也。</p><p>白话文解释</p><p>六四：中衍向周公报告了处理殷室遗民之事，周公听从了，顺利地将殷商遗民分封给各封国。</p><p>《象辞》说：周公听从了王命，说明君臣上下团结更加巩固。</p><p>北宋易学家邵雍解</p><p>平：得此爻者，或会迁居，或有修造，诉者利，官者伸。做官的会被领导委以重任。</p><p>台湾国学大儒傅佩荣解</p><p>时运：眼前有难，暂避为宜。</p><p>财运：改迁他处，另开店面。</p><p>家宅：最好迁移；另找媒人。</p><p>身体：外地就医。</p><p>六四变卦</p><p>六四爻动变得周易第25卦：天雷无妄。这个卦是异卦（下震上乾）相叠。乾为天为刚为健；震为雷为刚为动。动而健，刚阳盛，人心振奋，必有所得，但唯循纯正，不可妄行。无妄必有获，必可致福。</p><p>九四爻</p><p>的哲学含义</p><p>益卦第四爻，爻辞：六四：中行告公从，利用为依迁国。爻辞释义</p><p>六四这一爻，表现了坚守中庸之道的特点，它的正应是初九，初九在下卦震，震为诸侯，称公；六四在上卦巽，巽为随从，合之则是“告公从”，意思就是告之王公并且跟从。</p><p>《象》中这样解释本爻：“告公从”，以益志也。这里指出：“有事求告于王公的话，王公会很乐意地答应”并不是由于别的原因，完全是甘愿自我减损而使天下大众受益的志向感动了王公贵人。</p><p>占得此爻者，当你决定做一些重大的转变，比如改变投资策略或转变投资方向，应事先征得上级和同事的同意。你的事业在当地可能遇到了瓶颈，骑虎难下，你想把事业迁到外地去，或迁到外国，这需要征得上级的同意和协助才行。若是想改行或是跳槽，应该和家里人商量一下，这样你的主张才能顺利进行。</p><p>六四：中行，告公从。利用为依迁国。</p><p>象曰：告公从，以益定也。</p><p>经文意思是：行中庸之道，告诉王公的随从。利于依附强大的邦国而进行迁都。</p><p>象辞意思是告诉王公的随从，以增强众人的意志。</p><p>六四爻下互卦坤卦的上爻，又是上互卦艮卦的中爻，同时也是益卦上卦的下爻，并且与下卦震相临，综合这些卦象，可以看出六四所居之地是旱涝不断的灾区，这个环境不好，怎么办？只有迁都了。将国都迁到离天子的都城较近的地方，一旦本国发生灾荒，则可以迅速求救于天子的帮助。所以六四是想通过易地而受益。</p>",
    "bgtitle": "天雷无妄",
    "bgcontent": "这个卦是异卦（下震上乾）相叠。乾为天为刚为健；震为雷为刚为动。动而健，刚阳盛，人心振奋，必有所得，但唯循纯正，不可妄行。无妄必有获，必可致福。"
}