{
    "gname": "风雷益",
    "gcontent": "<p>周易第四十二卦详解</p>\n<p>益卦原文</p>\n<p>益。利有攸往，利涉大川。</p>\n<p>象曰：风雷，益。君子以见善则迁，有过则改。</p>\n<p>白话文解释</p>\n<p>益卦：筮遇此爻，利于有所往，利于涉水渡河。</p>\n<p>《象辞》说：本卦上卦为巽，巽为风；下卦为震，震为雷，风雷激荡，是益卦的卦象。君子观此卦象，惊恐于风雷的威力，从而见善则从之，有过则改之。</p>\n<p>《断易天机》解</p>\n<p>益卦巽上震下，为巽宫三世卦。益卦为损益、收益之意，利有所往，利涉大川，多主吉。</p>\n<p>北宋易学家邵雍解</p>\n<p>损上益下，奋发有为；进取成名，商贾获利。</p>\n<p>得此卦者，正当好运，奋发图进，得人帮助，能获名利。</p>\n<p>台湾国学大儒傅佩荣解</p>\n<p>时运：得意之时，改旧换新。</p>\n<p>财运：贸易要快，才有利益。</p>\n<p>家宅：小心风雷；婚姻好合。</p>\n<p>身体：肝火太盛。</p>\n<p>传统解卦</p>\n<p>这个卦是异卦（下震上巽）相叠。巽为风；震为雷。风雷激荡，其势愈强，雷愈响，风雷相助互长，交相助益。此卦与损卦相反。它是损上以益下，后者是损下以益上。二卦阐述的是损益的原则。</p>\n<p>大象：强风配快雷，声威增长之象，长男配长女，夫妇合体，增益儿孙之象。</p>\n<p>运势：现正当吉运，可得贵人之助而成功，宜施惠于人，施比受更有福。</p>\n<p>事业：大胆投入，勇于支持他人事业，必相得益彰。勇敢前进，敢作敢为。只要心地善良、纯洁、谦虚，事业必定与日俱增，前程无可限量。助人宜即时，要在应急。开拓事业，内部团结一致，人心所向，树立恒心，不怕冒险犯难。</p>\n<p>经商：勿追求小利，让利于顾客，反而必获丰厚利润，切忌贪心不足！在遇到危险时应向他人求教，争取诚实的援助。</p>\n<p>求名：真心实意地施惠于他人，自己必然可以得到诚心诚意的回报，并且获得支持，事业必成。</p>\n<p>婚恋：相亲相爱，良缘天定。</p>\n<p>决策：心胸开阔，乐于助人。人际关系好，得到众人的支持。自己贵在树立恒心，克服三心二意。尤其要向比自己优秀的人学习，借助对方的力量，充实和发展自己。树立必要的冒险精神。平日要施善于人。因此，即使遇到危险也会得到他人救助。</p>\n<p>第四十二卦的哲学含义</p>\n<p>益卦卦象，风雷益卦的象征意义</p>\n<p>益卦，本卦是异卦相叠，下卦为震，上卦为巽。巽为风，震为雷。当雷声大作时，震动它上面巽风。巽风刮起来了，就使地上的万物得益。风吹万物，往往自上而来，从这个角度来讲，所谓益者，是指上者使下者得益。</p>\n<p>从另一个角度来说，当雷声大作，震起巽风，巽风强劲，把雷声吹到遥远的地方。风雷激荡，其势愈强，雷愈响，风雷相助互长，交相助益。正如上级使下级得益，从而下级会更加拥护上级，从而上下得益。</p>\n<p>益卦位于损卦之后，《序卦》中解释道：“损而不已必受益，故受之以益。”一直减损下去，接着一定要有所增益。益卦与损卦为正覆关系，亦即现在要损上益下。</p>\n<p>《象》中这样分析益卦：风雷，益；君子以见善则迁，有过则改。这里指出：益卦的卦象是震下巽上，是为“风雷益”。刮风的时候，雷鸣增其威力；打雷时，强风益其声势。狂风和惊雷互相激荡，相得益彰之表象，象征“增益”的意思；君子应当由此领悟，取法别人的优点来增益自己的德行，看到良好的行为就马上向它看齐，有了过错就马上改正，不断增强自身的美好品德。</p>\n<p>益卦象征增益，属于上上卦。《象》中这样来断此卦：时来运转吉气发，多年枯木又开花，枝叶重生多茂盛，几人见了几人夸。</p>",
    "title": "九二爻",
    "content": "<p>六二爻辞</p><p>六二。或益之，十朋之龟，弗克违，永贞吉。王用享于帝，吉。</p><p>象曰：或益之，自外来也。</p><p>白话文解释</p><p>六二：有人赐予价值十朋的大龟，不可拒违其命。卜问得长久的吉兆。君王祭祀天帝，吉利。</p><p>《象辞》说：有人赐予我们宝龟，说明这大宝龟是从外面送来的。</p><p>北宋易学家邵雍解</p><p>吉：得此爻者，商贾获利，福份多多。做官的仕途一帆风顺，读书人进取成名。</p><p>台湾国学大儒傅佩荣解</p><p>时运：意外得财，又能守住。</p><p>财运：如有神助，必得厚利。</p><p>家宅：安居之家；百年好合。</p><p>身体：祈祷可愈。</p><p>六二变卦</p><p>六二爻动变得周易第61卦：风泽中孚。这个卦是异卦（下兑上巽）相叠。孚本义孵，孵卵出壳的日期非常准确，有信的意义。卦形外实内虚，喻心中诚信，所以称中孚卦。这是立身处世的根本。</p><p>九二爻</p><p>的哲学含义</p><p>益卦第二爻，爻辞：六二：或益之十朋之龟，弗克违，永贞吉；王用享于帝，吉。爻辞释义</p><p>或益之十朋之龟：“朋”，古为货币单位，双贝为一朋。“龟”，指神龟。此句为敌对一方能奉送一个价值十朋的大神龟。弗克违：不要推辞。</p><p>本爻辞的意思是：有人送来价值十朋的神龟，不要推辞，只要长久地坚持正道就会吉祥。君王如果在此时祭祀天神，祈求降福保佑，也会如愿以偿获得吉利。</p><p>《象》中这样解释本爻：“或益之”自外来也。这里指出：“有人送来价值十朋的神龟”，这样的大好事并不是由于贪婪而主动索取的结果，完全是他人心甘情愿送上门来的意外收获。</p><p>占得此爻者，可能会遇到意想不到的财运，你不应该放弃或错过，而应该大胆抓住这个时机，并且努力去做。只要坚持正道，不去做伤害别人的事，不贪婪，会有所收获的。</p><p>六二：或益之十朋之龟，弗克违，永贞吉。王用享于帝，吉。象曰：或益之，自外来也。</p><p>经文意思是：有人送给价值十朋的大电，不要拒绝，永远守正道吉祥。君王祭祀先帝，吉祥。</p><p>象辞意思是：有人给予增益，是从外面得到增益。</p><p>二爻的爻辞与损卦的六五爻的爻辞基本上一样。但是意思还是有区别的。损卦的六五是因为上九的帮助而拥有了实权；而在这里，则指的是国家政策在与民休息、减轻税赋的同时，对于权力也开始下放，使身为大夫的六二也拥有了实权。</p>",
    "bgtitle": "风泽中孚",
    "bgcontent": "这个卦是异卦（下兑上巽）相叠。孚本义孵，孵卵出壳的日期非常准确，有信的意义。卦形外实内虚，喻心中诚信，所以称中孚卦。这是立身处世的根本。"
}