{
    "gname": "巽为风",
    "gcontent": "<p>周易第五十七卦详解</p>\n<p>巽卦原文</p>\n<p>巽。小亨。利有攸往，利见大人。</p>\n<p>象曰：随风，巽。君子以申命行事。</p>\n<p>白话文解释</p>\n<p>巽卦：稍见亨通。利于出行，利于会见王公贵族。</p>\n<p>《象辞》说：本卦为巽卦相迭而成，巽为风，因而长风相随，吹拂不断，是巽卦的卦象。君子观此卦象，取法于长吹不断的风，从而不断地申明教义，反复地颁行政令，灌输纲常大义。</p>\n<p>《断易天机》解</p>\n<p>巽卦巽上巽下，为巽宫本位卦。巽为顺，谦逊、顺从之意，对君子有利，利见大人。</p>\n<p>北宋易学家邵雍解</p>\n<p>顺伏容人，谦虚行事；得贵多助，利在远处。</p>\n<p>得此卦者，运势起伏不定，宜随机应变，谦虚行事，则可得意外之收获。</p>\n<p>台湾国学大儒傅佩荣解</p>\n<p>时运：运势顺利，诸事皆宜。</p>\n<p>财运：随机应变，获利可期。</p>\n<p>家宅：可以安居；夫唱妇随。</p>\n<p>身体：可能中风，须人扶行。</p>\n<p>传统解卦</p>\n<p>这个卦是同卦（下巽上巽）相叠，巽为风，两风相重，长风不绝，无孔不入，巽亦为顺、谦逊的态度和行为，可无往不利。</p>\n<p>大象：此卦为两重巽风重叠，巽为入，风之所到无孔不入，尤如政令颁布，深入民心。</p>\n<p>运势：波折重重，运势起落浮沉不定，要随机应变，心平气和，择善固执。</p>\n<p>事业：正在发展中，应本着勇往直前的精神，战胜一切困难和险阻，奋发向上。万事起头难，开始会受挫折，但在有才德和有力量的人物帮助下，会有理想的结果。</p>\n<p>经商：市场竞争激烈，风险大。商业活动务必小心谨慎，遵守商业道德，以谦逊的态度对待同行和顾客，及至竞争对手，必定可以取得利益。</p>\n<p>求名：以谦逊的态度对待一切，但又不可自卑、软弱、做作，更不可虚伪，这样就可以进步很快。</p>\n<p>婚恋：不可抱轻率的态度，而应慎重，相互尊重。</p>\n<p>决策：头脑聪明、灵活，性格开朗，以谦虚的态度处世，会受到各个方面的欢迎，也会得到上级的重视。谦虚不可过度，应以刚健中正为前提，决不可表现为懦弱和虚伪。否则，不利于自身的成长。</p>\n<p>第五十七卦的哲学含义</p>\n<p>巽为风，八卦中巽的符号为“”。八卦中巽卦的符号的产生，是古人在生产实践中，看到大雨即将来临之前，往往有大风刮来。就在这山雨欲来风满楼的时刻，天空中有着一层又一层厚厚实实的乌云在翻滚，云下又有着一股接一股的风在吹动。于是用“二”代表那一层又一层的乌云，而以“--”代表云层之下一股又一股的风。合在一起，形成了“”这样的符号，以象征风。</p>\n<p>巽卦初爻为阴爻，二阳爻在上。巽由乾卦初爻变阴而来，乾为金玉，故作生意能获三倍巨利。巽为震的旁通卦，震阳决躁，故为躁卦。由巽卦卦象、爻象、爻位还可悟出如下象意：外刚内柔、整齐、传达、生意、营利、无孔不入、钻空子、新鲜、言语、捷报、举荐、奔波、薄情、忧疑、烦躁、权谋、不果断等。</p>",
    "title": "九五爻",
    "content": "<p>九五爻辞</p><p>九五。贞吉，悔亡，无不利。无初有终。先庚三日，后庚三日，吉。</p><p>象曰：九五之吉，位中正也。</p><p>白话文解释</p><p>九五：贞卜得吉兆，没有悔恨，无所不利。虽没有良好的开端，但有良好的结局。时日定在丁日或癸日，其事一定成功。</p><p>《象辞》说：</p><p>九五爻辞</p><p>之所以讲吉利，因为九五阳爻居上卦中位，像人事合于正道，自然吉利。</p><p>北宋易学家邵雍解</p><p>吉：得此爻者，谋望有成，无往不利。做官的先阻后顺。</p><p>台湾国学大儒傅佩荣解</p><p>时运：中正之位，无往不利。</p><p>财运：初有小悔，后得大利。</p><p>家宅：坐北朝南；相配得宜。</p><p>身体：三日可愈。</p><p>九五变卦</p><p>九五爻动变得周易第18卦：山风蛊。这个卦是异卦（下巽上艮）相叠，与随卦互为综卦。蛊本意为事，引申为多事、混乱。器皿久不用而生虫称“蛊”，喻天下久安而因循、腐败，必须革新创造，治理整顿，挽救危机，重振事业。</p>",
    "bgtitle": "山风蛊",
    "bgcontent": "这个卦是异卦（下巽上艮）相叠，与随卦互为综卦。蛊本意为事，引申为多事、混乱。器皿久不用而生虫称“蛊”，喻天下久安而因循、腐败，必须革新创造，治理整顿，挽救危机，重振事业。"
}