{
    "gname": "风水涣",
    "gcontent": "<p>周易第五十九卦详解</p>\n<p>涣卦原文</p>\n<p>涣。亨，王假有庙。利涉大川，利贞。</p>\n<p>象曰：风行水上，涣。先王以享于帝，立庙。</p>\n<p>白话文解释</p>\n<p>涣卦：亨通，因为君王亲临宗庙，禳灾祈福。利于涉水过江河。这是吉利的贞卜</p>\n<p>《象辞》说：本卦上卦为巽，巽为风；下卦为坎，坎为水。风行水上，是涣卦的卦象。先王观此卦象，从而享祭天帝，建立宗庙，推行尊天孝祖的“德教”。</p>\n<p>《断易天机》解</p>\n<p>涣卦巽上坎下，为离宫五世卦。涣即涣散，表示恶事离身，患难将消，利涉大川，出入无阻，乃是吉卦。</p>\n<p>北宋易学家邵雍解</p>\n<p>离散解消，灾害涣散；乘机观变，养威蓄锐。</p>\n<p>得此卦者，初有不顺，但终可解困，凡事宜小心则百事亨通，忌任性放纵。</p>\n<p>台湾国学大儒傅佩荣解</p>\n<p>时运：时来运转，水到渠成。</p>\n<p>财运：神明保佑，财源流通。</p>\n<p>家宅：祈神得福；自成佳偶。</p>\n<p>身体：病情严重，恐难回天。</p>\n<p>传统解卦</p>\n<p>这个卦是异卦（下坎上巽）相叠。风在水上行，推波助澜，四方流溢。涣，水流流散之意。象征组织和人心涣散，必须用积极的手段和方法克服，战胜弊端，挽救涣散，转危为安。</p>\n<p>大象：风吹在水面上，流动四散，又有春风吹散严寒，令冰雪消解。</p>\n<p>运势：虽有忧患，但终可解困，百事亨通，忌任性散慢。</p>\n<p>事业：处于比较困难的地步，主要是因为人心不齐。要采取强有力的办法，求得安定团结。其中，最为重要的是坚持正道，秉持大公无私的精神，收人心以聚涣散。</p>\n<p>经商：市场状况混乱，方向不明，适当的冒险是完全必要的。但必须公正无私，克制私欲，争取有实力的合作者和支援也是完全有必要的。</p>\n<p>求名：必须静下心来努力学习和提高知识水平，增加才干。涣散的形势必须进行治理，这需要多方面的人才。前途是光明的，关键取决于个人的努力。</p>\n<p>婚恋：只要双方都抱着纯正的目的，一定美满成功。</p>\n<p>决策：为了开拓事业，必须使用积极的手段，克服和战胜内部不团结的弊病。首先自己要除私心，牺牲小我，完成大我。切莫介入是非争端之中。这样，可以重新获得安定的局面。在良好的环境里，各项事业前途光明。</p>\n<p>第五十九卦的哲学含义</p>\n<p>涣卦，这个卦是异卦相叠，下卦为坎，上卦为巽。风在水上行，推波助澜，四方流溢。古人经过观察发现，如果地上有一坑水，这坑水在有风的天气比无风的天气干得快，所以意识到这是风把水给吹散了。当遇到坎水在下、巽风在上的卦体时，就自然想到了，风在上吹，风能把水吹得涣散，故坎下巽上这一卦被称为“涣”。然而，风把水吹散，又变成云气，为人们带来雨水。所以，虽然涣是水流流散之意，象征组织和人心涣散，但是用积极的手段和方法克服，战胜弊端，就能挽救涣散，转危为安。</p>\n<p>涣卦位于兑卦之后，《序卦》之中这样解释道：“人在喜悦之后，心情就会涣散，所以接着要谈涣。”</p>\n<p>《象》中这样解释道：“风行水上，‘涣’；先王以享于帝立庙。”这里指出：涣的卦象是坎（水）下巽（风）上，为风行水上之表象，象征涣散、离散。先代君王为了收合归拢人心便祭祀天帝，修建庙宇。</p>\n<p>涣卦象征涣散，启示了如何拯救涣散的道理，属于下卦。《象》中这样来断此卦：隔河望见一锭金，欲取岸宽水又深，指望资财难到手，尽夜资财枉费心。</p>",
    "title": "九二爻",
    "content": "<p>九二爻辞</p><p>九二。涣奔其机，悔亡。</p><p>象曰：涣奔其机，得愿也。</p><p>白话文解释</p><p>九二：洪水奔涌，冲毁房基。性命无虞。不幸中之万幸。</p><p>《象辞》说：荡涤冲刷其污垢，正是心中所愿。</p><p>北宋易学家邵雍解</p><p>平：得此爻者，谋望有成，或会成家。做官的有实权。</p><p>台湾国学大儒傅佩荣解</p><p>时运：运势顺利，心想事成。</p><p>财运：货物贸易，如愿以偿。</p><p>家宅：先散后聚；女长于男。</p><p>身体：愁眉不展，良医可治。</p><p>九二变卦</p><p>九二爻动变得周易第20卦：风地观。这个卦是异卦（下坤上巽）相叠，风行地上，喻德教遍施。观卦与临卦互为综卦，交相使用。在上者以道义观天下；在下者以敬仰瞻上，人心顺服归从。</p><p>九二爻</p><p>的哲学含义</p><p>涣卦第二爻，爻辞：九二：涣奔其机，悔亡。爻辞释义</p><p>本爻辞的意思是：处在涣散之时，要迅速脱离险境，转移到安全的地方，悔恨便会消失。</p><p>从卦象上看，九二以阳爻居刚位，是位很有能力的阳刚君子。但是其处于下卦坎卦的正中，处于危险的中间地带。而且其上行受阻，得不到上卦领导们的赏识和重用。好在能得到下面初六的拥护，因此在离乱之时虽然找不到靠山，但是却能找到一安居之所，被初六收留，这样有利于积蓄力量，等待新的时机。</p><p>《象》中这样分析本爻：“涣奔其机”，得愿也。这里指出：“涣散之时，要迅速脱离险境，转移到安全的地方”，脱离了危险，消失了悔恨，实现了自己的愿望。</p><p>占得此爻者，正处于局势混乱的危险之中，你不要指望领导来保护你，要赶紧脱离这种境地，暂时避一避锋芒。同时与一些同事或下级要保持交往，在他们需要时尽量帮助他们一把，以共同度过危难，等待更好的时机，来实现自己的愿</p><p>九二：渙奔其机，悔亡。</p><p>象曰：涣奔其机，得愿也。</p>",
    "bgtitle": "风地观",
    "bgcontent": "这个卦是异卦（下坤上巽）相叠，风行地上，喻德教遍施。观卦与临卦互为综卦，交相使用。在上者以道义观天下；在下者以敬仰瞻上，人心顺服归从。"
}