{
    "gname": "风山渐",
    "gcontent": "<p>周易第五十三卦详解</p>\n<p>渐卦原文</p>\n<p>渐。女归吉，利贞。</p>\n<p>象曰：山上有木，渐。君子以居贤德善俗。</p>\n<p>白话文解释</p>\n<p>渐卦：女大当嫁，这是好事。这是吉利的贞卜。</p>\n<p>《象辞》说：本卦下卦为艮，艮为山；上卦为巽，巽为木，木植山上，不断生长，是渐卦的卦象。君子观此卦象，取法于山之育林，从而以贤德自居，担负起改善风俗的社会责任。</p>\n<p>《断易天机》解</p>\n<p>渐卦巽上艮下，为艮宫归魂卦。渐为渐进，筮遇此卦，女嫁则吉，举事有利。</p>\n<p>北宋易学家邵雍解</p>\n<p>循序渐进，积少成多；渐进即利，性急即败。</p>\n<p>得此卦者，逐步开运，凡事宜循序渐进，则谋事可成，不宜急进，性急则败。</p>\n<p>台湾国学大儒傅佩荣解</p>\n<p>时运：时来运转，可以得意。</p>\n<p>财运：逐渐得利，多行善事。</p>\n<p>家宅：君子居之；贤女可妻。</p>\n<p>身体：安居调养。</p>\n<p>传统解卦</p>\n<p>这个卦是异卦（下艮上巽）相叠。艮为山，巽为木。山上有木，逐渐成长，山也随着增高。这是逐渐进步的过程，所以称渐，渐即进，渐渐前进而不急速。</p>\n<p>大象：山上种有树木，逐渐生长，比喻循序渐进。</p>\n<p>运势：逐渐走向光明前途，凡事宜打根基，可得吉庆，但须防色情之难及文书错失。</p>\n<p>事业：在经过一个相对静止的时期后，重新开始了事业的新阶段。这时最怕的是急躁冒进，务必循序上进，脚踏实地。同时注意品德修养，以沉着、谦逊的态度对待事业，可无往而不利。</p>\n<p>经商：正处在稳步向前发展的阶段，要把握时机，既不可盲目乐观，也不要停步不前，而应采取逐步前进的策略，量力而行。遵守商业道德，以良好的服务，开拓市场。</p>\n<p>求名：效法树木植根山上，逐渐生长的精神。在品德和学业两个方面，扎扎实实地提高自己。同时，肩负起改善社会风俗的责任。求名应以渐进为宜，切不可急进。</p>\n<p>婚恋：不可操之过急。幸福、美满，夫妻白头和谐。</p>\n<p>决策：时来运转的时刻已经到来，切莫错过良机。务必小心谨慎，渐进有益有利。以谦和的态度处世，可以得到强有力的支持，会获得重大成功。</p>\n<p>第五十三卦的哲学含义</p>\n<p>渐卦卦象，木山渐卦的象征意义</p>\n<p>渐卦，这个卦是异卦相叠，下卦为艮，上卦为巽。艮为山，巽为木。山上有木，逐渐成长，山也随着增高。这是逐渐进步的过程，所以称渐。“渐”即“进”，渐渐前进而不急速。</p>\n<p>渐卦位于艮卦之后，《序卦》中这样解释道：“物不可以终止，故受之渐。渐者，进也。”艮卦谈止，止到尽头又须开始活动，这时出现的是渐卦。渐为进，并且是有秩序地渐进。《杂卦》中这样说道：“渐，女归待男行也。”古代女子若要出嫁，必须要等待男方行聘，以便依序进展，这也体现了渐的特点。</p>\n<p>《象》中这样解释渐卦：山上有木，渐；君子以居贤德善俗。这里指出：渐卦的卦象是艮（山）下巽（风）上，表明高山上的树木逐渐成长，象征循序渐进；君子观看高山上的树木逐渐成长，于是修养德性，改善社会的风尚、礼节和习惯。</p>\n<p>渐卦象征着循序渐进，告诉人们渐进蓄德的道理，属于上上卦。《象》中这样来断此卦：俊鸟幸得出笼中，脱离灾难显威风，一朝得意福力至，东西南北任意行。</p>",
    "title": "初九爻",
    "content": "<p>初六爻辞</p><p>初六。鸿渐于干，小子厉。有言，无咎。</p><p>象曰：小子之厉，义无咎也。</p><p>白话文解释</p><p>初六：鸿雁走进了山涧。筮遇此爻，警惕小孩顽皮，遭遇危险，应该加以谴责，则没有灾难。</p><p>《象辞》说：小孩顽皮遭遇危险，因为有家长呵责制止，理应不会出事故。</p><p>北宋易学家邵雍解</p><p>凶：得此爻者，运气不佳，谋为不利。</p><p>台湾国学大儒傅佩荣解</p><p>时运：初行好运，要有耐心。</p><p>财运：有约在先，宜防小人。</p><p>家宅：尚无大碍；女长男少。</p><p>身体：大人没事，小孩就医。</p><p>初六变卦</p><p>初六爻动变得周易第37卦：风火家人。这个卦是异卦（下离上巽）相叠。离为火；巽为风。火使热气上升，成为风。一切事物皆应以内在为本，然后伸延到外。发生于内，形成于外。喻先治家而后治天下，家道正，天下安乐。</p><p>初九爻的哲学含义</p><p>渐卦第一爻，爻辞：初六：鸿渐于干；小子厉，有言，无咎。爻辞释义</p><p>干：通“岸”。有言：是指有怨言，被人议论。</p><p>本爻辞的意思是：鸿雁迁移远行之前，汇聚于河岸，做好结队飞行的准备。小雁不知道旅途的艰险，不能耐心等待，因而受到众人的责备。做事如果能够循序渐进，就不会受害。</p><p>从卦象上看，初六属于阴爻居柔位，才质柔弱，像小雁子一样，能力不足。初六位于初始之位，没有居中，意味着其做事不能持中，有冒进之嫌，像小雁子急于迁移，不能耐心等待，但是自身能力又不足，所以会被人责备，但是别人看其年幼无知，也不会进行刁难，责备之后还会进行帮助。</p><p>《象》中这样解释本爻：“小子之厉”，义无咎也。这里指出：“小雁不知道旅途的艰险，不能耐心等待，因而受到众人的责备”，但不会发生什么危险</p><p>占得此爻者，可能是年龄较小，也可能是刚毕业参加工作，还有可能换了工作，来到了一个新的陌生的行业。单位里有一次重要的任务，别人正在精心谋划，你却认为没必要那么做，直接去做就行了，可能领导或老员工会责备你，但是看在你是新来的不太懂的份上，不会过于打击你的。</p><p>占得此爻者，一定要意识到自己年幼无知或是经验不足，做事不要冒进，要循序渐进。要养精蓄锐，不要急于发表自己的观点，要看大家怎么做，然后跟着大家去做，这样才能免受责难。</p><p>初六：鸿渐于干，小子厉，有言，无咎。</p><p>象曰：水子之厉，义无咎也。</p><p>经文意思是：大雁渐渐飞到了水边，小雁有危险，被大雁叫住，没有灾难。</p><p>象辞意思是：小雁的危险，从道义上讲不应该有突难。</p>",
    "bgtitle": "风火家人",
    "bgcontent": "这个卦是异卦（下离上巽）相叠。离为火；巽为风。火使热气上升，成为风。一切事物皆应以内在为本，然后伸延到外。发生于内，形成于外。喻先治家而后治天下，家道正，天下安乐。"
}