{
    "gname": "风山渐",
    "gcontent": "<p>周易第五十三卦详解</p>\n<p>渐卦原文</p>\n<p>渐。女归吉，利贞。</p>\n<p>象曰：山上有木，渐。君子以居贤德善俗。</p>\n<p>白话文解释</p>\n<p>渐卦：女大当嫁，这是好事。这是吉利的贞卜。</p>\n<p>《象辞》说：本卦下卦为艮，艮为山；上卦为巽，巽为木，木植山上，不断生长，是渐卦的卦象。君子观此卦象，取法于山之育林，从而以贤德自居，担负起改善风俗的社会责任。</p>\n<p>《断易天机》解</p>\n<p>渐卦巽上艮下，为艮宫归魂卦。渐为渐进，筮遇此卦，女嫁则吉，举事有利。</p>\n<p>北宋易学家邵雍解</p>\n<p>循序渐进，积少成多；渐进即利，性急即败。</p>\n<p>得此卦者，逐步开运，凡事宜循序渐进，则谋事可成，不宜急进，性急则败。</p>\n<p>台湾国学大儒傅佩荣解</p>\n<p>时运：时来运转，可以得意。</p>\n<p>财运：逐渐得利，多行善事。</p>\n<p>家宅：君子居之；贤女可妻。</p>\n<p>身体：安居调养。</p>\n<p>传统解卦</p>\n<p>这个卦是异卦（下艮上巽）相叠。艮为山，巽为木。山上有木，逐渐成长，山也随着增高。这是逐渐进步的过程，所以称渐，渐即进，渐渐前进而不急速。</p>\n<p>大象：山上种有树木，逐渐生长，比喻循序渐进。</p>\n<p>运势：逐渐走向光明前途，凡事宜打根基，可得吉庆，但须防色情之难及文书错失。</p>\n<p>事业：在经过一个相对静止的时期后，重新开始了事业的新阶段。这时最怕的是急躁冒进，务必循序上进，脚踏实地。同时注意品德修养，以沉着、谦逊的态度对待事业，可无往而不利。</p>\n<p>经商：正处在稳步向前发展的阶段，要把握时机，既不可盲目乐观，也不要停步不前，而应采取逐步前进的策略，量力而行。遵守商业道德，以良好的服务，开拓市场。</p>\n<p>求名：效法树木植根山上，逐渐生长的精神。在品德和学业两个方面，扎扎实实地提高自己。同时，肩负起改善社会风俗的责任。求名应以渐进为宜，切不可急进。</p>\n<p>婚恋：不可操之过急。幸福、美满，夫妻白头和谐。</p>\n<p>决策：时来运转的时刻已经到来，切莫错过良机。务必小心谨慎，渐进有益有利。以谦和的态度处世，可以得到强有力的支持，会获得重大成功。</p>\n<p>第五十三卦的哲学含义</p>\n<p>渐卦卦象，木山渐卦的象征意义</p>\n<p>渐卦，这个卦是异卦相叠，下卦为艮，上卦为巽。艮为山，巽为木。山上有木，逐渐成长，山也随着增高。这是逐渐进步的过程，所以称渐。“渐”即“进”，渐渐前进而不急速。</p>\n<p>渐卦位于艮卦之后，《序卦》中这样解释道：“物不可以终止，故受之渐。渐者，进也。”艮卦谈止，止到尽头又须开始活动，这时出现的是渐卦。渐为进，并且是有秩序地渐进。《杂卦》中这样说道：“渐，女归待男行也。”古代女子若要出嫁，必须要等待男方行聘，以便依序进展，这也体现了渐的特点。</p>\n<p>《象》中这样解释渐卦：山上有木，渐；君子以居贤德善俗。这里指出：渐卦的卦象是艮（山）下巽（风）上，表明高山上的树木逐渐成长，象征循序渐进；君子观看高山上的树木逐渐成长，于是修养德性，改善社会的风尚、礼节和习惯。</p>\n<p>渐卦象征着循序渐进，告诉人们渐进蓄德的道理，属于上上卦。《象》中这样来断此卦：俊鸟幸得出笼中，脱离灾难显威风，一朝得意福力至，东西南北任意行。</p>",
    "title": "上九爻",
    "content": "<p>上九爻辞</p><p>上九。鸿渐于陆，其羽可用为仪，吉。</p><p>象曰：其羽可用为仪，吉，不可乱也。</p><p>白话文解释</p><p>上九：鸿雁走到山头上，它的羽毛可用来编织舞具。这是吉利之兆。</p><p>《象辞》说：鸿雁的羽毛可用来编织舞具，这是吉利之兆，编织舞具的羽毛应该纯而不杂，像人心志不乱。</p><p>北宋易学家邵雍解</p><p>吉：得此爻者，得人荐举，谋望有成，祸患不侵，多福多利。做官的大运来到，会得到重用。读书人会取得好成绩。</p><p>台湾国学大儒傅佩荣解</p><p>时运：大运来到，谋望有成。</p><p>财运：货美价高，自然获利。</p><p>家宅：辉煌可观；婚姻吉祥。</p><p>身体：健康活泼。</p><p>上九变卦</p><p>上九爻动变得周易第39卦：水山蹇。这个卦是异卦（下艮上坎）相叠。坎为水，艮为山。山高水深，困难重重，人生险阻，见险而止，明哲保身，可谓智慧。蹇，跋行艰难。</p><p>上九爻</p><p>的哲学含义</p><p>渐卦第六爻，爻辞：上九：鸿渐于陆，其羽可用为仪，吉。爻辞释义</p><p>雁群通过循序渐进、有秩序地飞行，终于达到目的地。而婚礼这种仪式，也不可乱，古代婚礼的六个步骤中，第一个为纳采，纳采时用雁，最后一个步骤是亲迎，新郎迎亲时帽子上需插雁翎，这也象征通过循序渐进的步骤，而得以圆满的结合。</p><p>《象》中这样解释本爻：“其羽可用为仪，吉”，不可乱也。这里指漂亮的羽毛可以作为典礼上的装饰品，吉祥”，说明典礼包括婚礼是不能乱的占得此爻者，经过以前循序渐进的行动，一步一步踏实地工作，终于取得了圆满。</p><p>上九：鸿渐于陆，其羽可用为仪，吉。</p><p>象曰：其羽可用为仪，吉；不可乱也。</p>",
    "bgtitle": "水山蹇",
    "bgcontent": "这个卦是异卦（下艮上坎）相叠。坎为水，艮为山。山高水深，困难重重，人生险阻，见险而止，明哲保身，可谓智慧。蹇，跋行艰难。"
}