{
    "gname": "风山渐",
    "gcontent": "<p>周易第五十三卦详解</p>\n<p>渐卦原文</p>\n<p>渐。女归吉，利贞。</p>\n<p>象曰：山上有木，渐。君子以居贤德善俗。</p>\n<p>白话文解释</p>\n<p>渐卦：女大当嫁，这是好事。这是吉利的贞卜。</p>\n<p>《象辞》说：本卦下卦为艮，艮为山；上卦为巽，巽为木，木植山上，不断生长，是渐卦的卦象。君子观此卦象，取法于山之育林，从而以贤德自居，担负起改善风俗的社会责任。</p>\n<p>《断易天机》解</p>\n<p>渐卦巽上艮下，为艮宫归魂卦。渐为渐进，筮遇此卦，女嫁则吉，举事有利。</p>\n<p>北宋易学家邵雍解</p>\n<p>循序渐进，积少成多；渐进即利，性急即败。</p>\n<p>得此卦者，逐步开运，凡事宜循序渐进，则谋事可成，不宜急进，性急则败。</p>\n<p>台湾国学大儒傅佩荣解</p>\n<p>时运：时来运转，可以得意。</p>\n<p>财运：逐渐得利，多行善事。</p>\n<p>家宅：君子居之；贤女可妻。</p>\n<p>身体：安居调养。</p>\n<p>传统解卦</p>\n<p>这个卦是异卦（下艮上巽）相叠。艮为山，巽为木。山上有木，逐渐成长，山也随着增高。这是逐渐进步的过程，所以称渐，渐即进，渐渐前进而不急速。</p>\n<p>大象：山上种有树木，逐渐生长，比喻循序渐进。</p>\n<p>运势：逐渐走向光明前途，凡事宜打根基，可得吉庆，但须防色情之难及文书错失。</p>\n<p>事业：在经过一个相对静止的时期后，重新开始了事业的新阶段。这时最怕的是急躁冒进，务必循序上进，脚踏实地。同时注意品德修养，以沉着、谦逊的态度对待事业，可无往而不利。</p>\n<p>经商：正处在稳步向前发展的阶段，要把握时机，既不可盲目乐观，也不要停步不前，而应采取逐步前进的策略，量力而行。遵守商业道德，以良好的服务，开拓市场。</p>\n<p>求名：效法树木植根山上，逐渐生长的精神。在品德和学业两个方面，扎扎实实地提高自己。同时，肩负起改善社会风俗的责任。求名应以渐进为宜，切不可急进。</p>\n<p>婚恋：不可操之过急。幸福、美满，夫妻白头和谐。</p>\n<p>决策：时来运转的时刻已经到来，切莫错过良机。务必小心谨慎，渐进有益有利。以谦和的态度处世，可以得到强有力的支持，会获得重大成功。</p>\n<p>第五十三卦的哲学含义</p>\n<p>渐卦卦象，木山渐卦的象征意义</p>\n<p>渐卦，这个卦是异卦相叠，下卦为艮，上卦为巽。艮为山，巽为木。山上有木，逐渐成长，山也随着增高。这是逐渐进步的过程，所以称渐。“渐”即“进”，渐渐前进而不急速。</p>\n<p>渐卦位于艮卦之后，《序卦》中这样解释道：“物不可以终止，故受之渐。渐者，进也。”艮卦谈止，止到尽头又须开始活动，这时出现的是渐卦。渐为进，并且是有秩序地渐进。《杂卦》中这样说道：“渐，女归待男行也。”古代女子若要出嫁，必须要等待男方行聘，以便依序进展，这也体现了渐的特点。</p>\n<p>《象》中这样解释渐卦：山上有木，渐；君子以居贤德善俗。这里指出：渐卦的卦象是艮（山）下巽（风）上，表明高山上的树木逐渐成长，象征循序渐进；君子观看高山上的树木逐渐成长，于是修养德性，改善社会的风尚、礼节和习惯。</p>\n<p>渐卦象征着循序渐进，告诉人们渐进蓄德的道理，属于上上卦。《象》中这样来断此卦：俊鸟幸得出笼中，脱离灾难显威风，一朝得意福力至，东西南北任意行。</p>",
    "title": "九三爻",
    "content": "<p>九三爻辞</p><p>九三。鸿渐于陆，夫征不复，妇孕不育，凶。利御寇。</p><p>象曰：夫征不复，离群丑也。妇孕不育，失其道也。利用御寇，顺相保也。</p><p>白话文解释</p><p>九三：鸿雁走到旱地上。筮遇此爻，丈夫出征可能不再回返，妇女怀孕可能流产，这是凶险之兆。但有利于抵御敌寇。</p><p>《象辞》说：丈夫出征不再回返，说明其人掉队遇险。妇女怀孕而流产，说明其人失其保胎之道。利于抵御敌寇，说明国人能够同心同德，保家卫国。</p><p>北宋易学家邵雍解</p><p>凶：得此爻者，多惊扰，人情不睦，盗贼侵害。做官的上进有阻力，有被贬之忧。</p><p>台湾国学大儒傅佩荣解</p><p>时运：运势不正，须防有祸。</p><p>财运：不易得利，防有盗贼。</p><p>家宅：不利生产，须防离散。</p><p>身体：生产时恐难两全。</p><p>九三变卦</p><p>九三爻动变得周易第20卦：风地观。这个卦是异卦（下坤上巽）相叠，风行地上，喻德教遍施。观卦与临卦互为综卦，交相使用。在上者以道义观天下；在下者以敬仰瞻上，人心顺服归从。</p><p>九三爻</p><p>的哲学含义</p><p>渐卦第三爻，爻辞：九三：鸿渐于陆，夫征不复，妇孕不育，凶；利御宼。爻辞释义</p><p>陆：指较平的山顶。不复：不回来。</p><p>本爻辞的意思是：鸿雁飞起来逐渐前进到较平的山顶上，每一只都要紧跟群体。若是单独行动则难以回来。也不可苟徇私情，随意结合，否则将会虽孕却难以生育，这当然是凶险的事。坚守正道，谨慎防守，可抵御敌人的侵犯。</p><p>《象》中这样解释本爻：“夫征不复”，离群丑也；“妇孕不育”，失其道也；“利用御宼”，顺相保也。这里指出：“若是单独行动则难以回来”，离开自己的同类是值得忧虑的；“虽孕却难以生育”，因为违反了妇道；“坚守正道，谨慎防守，可抵御敌人的侵犯”，说明守正能够和顺相保。</p><p>占得此爻者，如果你想成事业，必须依附于一个团队，凭自己的单打独斗，难以有所成就。在一个团队之中，要就遵守团队的纪律，不要乱来。大家团结在一起，更有利于抵御困难。</p><p>占得此爻者，如果不顾劝阻离乡背井去从事冒险的事业，想办的事办不成，帮助你的人会因此受累，你会长期流落在外而难以归家。</p><p>九三：鸿渐于陆，夫征不复，妇孕不育，凶；利御寇。</p><p>象曰：夫征不复，离群</p>",
    "bgtitle": "风地观",
    "bgcontent": "这个卦是异卦（下坤上巽）相叠，风行地上，喻德教遍施。观卦与临卦互为综卦，交相使用。在上者以道义观天下；在下者以敬仰瞻上，人心顺服归从。"
}