{
    "gname": "风地观",
    "gcontent": "<p>周易第二十卦详解</p>\n<p>观卦原文</p>\n<p>观。盥而不荐，有孚顒若。</p>\n<p>象曰：风行地上，观。先王以省方，观民设教。</p>\n<p>白话文解释</p>\n<p>观卦：祭祀时灌酒降神而不献人牲，因为用作祭祀的俘虏的头部肿了，不能用作祭品。</p>\n<p>《象辞》说：本卦上卦为巽为风，下卦为坤为地，风行大地吹拂万物，这是观的卦象。先王观此卦象取法于周流八方的风，从而巡视邦国，观察民情，推行教化。</p>\n<p>《断易天机》解</p>\n<p>观卦巽上坤下，为乾宫四世卦。观卦象征将道义展示于众人面前。观卦风在上而地在下，是春风浩荡、万物滋生之象。</p>\n<p>北宋易学家邵雍解</p>\n<p>以下观上，周游观览；平心静气，坚守岗位。</p>\n<p>得此卦者，处身于变化之中，心神不宁，宜多观察入微，待机行事，切勿妄进。</p>\n<p>台湾国学大儒傅佩荣解</p>\n<p>时运：出外游览，不易闲居。</p>\n<p>财运：贩卖洋货，须防风险。</p>\n<p>家宅：供养神佛。</p>\n<p>身体：风湿之症，运动调养。</p>\n<p>传统解卦</p>\n<p>这个卦是异卦（下坤上巽）相叠，风行地上，喻德教遍施。观卦与临卦互为综卦，交相使用。在上者以道义观天下；在下者以敬仰瞻上，人心顺服归从。</p>\n<p>大象：风运行于坤地之上，喻有周游观览之意。阴长阳消，正道衰微，万物难行。</p>\n<p>运势：处身于变化之中，宜多观察入微，心身苦恼，并防外来诱惑。</p>\n<p>事业：事业已出现不顺利的迹象，务必谦虚慎重，高瞻远瞩，尤忌短期行为，心胸开阔，注意搞好人际关系，团结他人，不宜轻率行动。必要时不妨投靠德行高的人，以图再度发展。</p>\n<p>经商：市场形势不稳定，正处于变动，应谨慎小心，随时观察动向，从长计议，做好退却的准备。</p>\n<p>求名：贵在自知之明，虚心向他人求教，端正处世态度，尤其不可自我满足，更须守中持正，树立远大理想，勿丧失个人追求的目标，勿偏离正道。</p>\n<p>婚恋：不顺利，双方应经受住考验，从长计议，会有理想的结果。</p>\n<p>决策：具有组织能力，适宜担任负责工作，但人生旅途多曲折，必须注意培养自己的预见性和观察力，办事务必公正，实事求是，注意人心动向，关心他人。尤其不可以陷入小人之道和近视行为之中。应有决断精神，不可盲从，必要时可进行策略依附。</p>\n<p>第二十卦的哲学含义</p>\n<p>观卦卦象，风地观卦的象征意义</p>\n<p>风地观卦，这个卦是异卦相叠，下卦为坤，上卦为巽。风行地上，喻德教遍施。巽为风在上，坤为地在下。说明巽在上，为民办事，像风一样迅速，无处不到。地在下，表示地上的万物仰首观察巽的行为，产生敬重和羡慕的心理，决心学习巽的德才。由此可知，观卦本身是以敬重的态度观察和学习他人优点和长处的卦。</p>\n<p>观卦启示了观下瞻上的道理，在上者以道义观天下；在下者以敬仰瞻上，人心顺服归从。观卦属于中上卦。《象》这样评断此卦：卦遇蓬花旱逢河，生意买卖利息多，婚姻自有人来助，出门永不受折磨。</p>\n<p>风地观卦的卦画是下面四个阴爻，上面两个阳爻，与临卦的卦画排列顺序正好相反。</p>\n<p>风地观卦从卦象上进行分析，观卦上卦为巽为风，下卦为坤为地，风吹拂着大地就是观卦的卦象。风无处不在，无孔不入，人也应当像风一样，无所不观，观察万物而得到更多的知识。</p>",
    "title": "九四爻",
    "content": "<p>六四爻辞</p><p>六四。观国之光，利用宾于王。</p><p>象曰：观国之光，尚宾也。</p><p>白话文解释</p><p>六四：观察国家政绩风俗的辉煌表现。筮遇此爻，有利于朝觐君王。</p><p>《象辞》说：观察国家政绩风俗的辉煌表现，此来者为国宾。</p><p>北宋易学家邵雍解</p><p>平：得此爻者，宜出外谋事，多与外人交往，则有利。做官的或居闲职，清高之地。</p><p>台湾国学大儒傅佩荣解</p><p>时运：正当好运，名胜于利。</p><p>财运：国际贸易，有利有名。</p><p>家宅：喜事临门。</p><p>身体：多加小心。</p><p>六四变卦</p><p>六四爻动变得周易第12卦：天地否。这个卦是异卦（下坤上乾）相叠，其结构同泰卦相反，系阳气上升，阴气下降，天地不交，万物不通。它们彼此为“综卦”，表明泰极而否，否极泰来，互为因果。</p><p>九四爻</p><p>的哲学含义</p><p>观卦第四爻，爻辞：六四：观国之光，利用宾于王。爻辞释义</p><p>国：举国上下，大范围内。光：民俗风情。</p><p>宾：程颐曾经说过：“古者有贤德之人，是人君宾礼之，故士之仕进于王朝，则谓之宾。”宾，是从，是客，古代为官有如君王邀请的宾客，所以这里指跟随君王做事，当官。</p><p>本爻的意思是：观看一个国家的民俗风情，适宜从政追随君王。</p><p>从卦象上看，六四这一爻属于阴爻居柔位，得势。它紧邻九五，属于近君大臣，颇得君主的器重。对于下面的百姓，又能以德治之，谦和地体察民情，关心百姓的疾苦。上顺君王之意，下和民意，又能守持正道，所以是不可多得的人</p><p>才。</p><p>占得此爻者，要注意增益自己的高尚品德，心中要有远大的抱负，上顺领导，下和部属，这样会受到重用，会有一番作为。</p><p>六四为诸侯之位，天子举行国家典礼，便邀请他前来观光。说明君王对他很有好感。既然君王喜欢他，他也就应当在君王面前好好表现自己，做好君王的宾客。六四虽不居中，但柔爻居于偶位为得位，又与上面的九五阴阳相合，所以会受到君王的器重。</p>",
    "bgtitle": "天地否",
    "bgcontent": "这个卦是异卦（下坤上乾）相叠，其结构同泰卦相反，系阳气上升，阴气下降，天地不交，万物不通。它们彼此为“综卦”，表明泰极而否，否极泰来，互为因果。"
}