{
    "gname": "风地观",
    "gcontent": "<p>周易第二十卦详解</p>\n<p>观卦原文</p>\n<p>观。盥而不荐，有孚顒若。</p>\n<p>象曰：风行地上，观。先王以省方，观民设教。</p>\n<p>白话文解释</p>\n<p>观卦：祭祀时灌酒降神而不献人牲，因为用作祭祀的俘虏的头部肿了，不能用作祭品。</p>\n<p>《象辞》说：本卦上卦为巽为风，下卦为坤为地，风行大地吹拂万物，这是观的卦象。先王观此卦象取法于周流八方的风，从而巡视邦国，观察民情，推行教化。</p>\n<p>《断易天机》解</p>\n<p>观卦巽上坤下，为乾宫四世卦。观卦象征将道义展示于众人面前。观卦风在上而地在下，是春风浩荡、万物滋生之象。</p>\n<p>北宋易学家邵雍解</p>\n<p>以下观上，周游观览；平心静气，坚守岗位。</p>\n<p>得此卦者，处身于变化之中，心神不宁，宜多观察入微，待机行事，切勿妄进。</p>\n<p>台湾国学大儒傅佩荣解</p>\n<p>时运：出外游览，不易闲居。</p>\n<p>财运：贩卖洋货，须防风险。</p>\n<p>家宅：供养神佛。</p>\n<p>身体：风湿之症，运动调养。</p>\n<p>传统解卦</p>\n<p>这个卦是异卦（下坤上巽）相叠，风行地上，喻德教遍施。观卦与临卦互为综卦，交相使用。在上者以道义观天下；在下者以敬仰瞻上，人心顺服归从。</p>\n<p>大象：风运行于坤地之上，喻有周游观览之意。阴长阳消，正道衰微，万物难行。</p>\n<p>运势：处身于变化之中，宜多观察入微，心身苦恼，并防外来诱惑。</p>\n<p>事业：事业已出现不顺利的迹象，务必谦虚慎重，高瞻远瞩，尤忌短期行为，心胸开阔，注意搞好人际关系，团结他人，不宜轻率行动。必要时不妨投靠德行高的人，以图再度发展。</p>\n<p>经商：市场形势不稳定，正处于变动，应谨慎小心，随时观察动向，从长计议，做好退却的准备。</p>\n<p>求名：贵在自知之明，虚心向他人求教，端正处世态度，尤其不可自我满足，更须守中持正，树立远大理想，勿丧失个人追求的目标，勿偏离正道。</p>\n<p>婚恋：不顺利，双方应经受住考验，从长计议，会有理想的结果。</p>\n<p>决策：具有组织能力，适宜担任负责工作，但人生旅途多曲折，必须注意培养自己的预见性和观察力，办事务必公正，实事求是，注意人心动向，关心他人。尤其不可以陷入小人之道和近视行为之中。应有决断精神，不可盲从，必要时可进行策略依附。</p>\n<p>第二十卦的哲学含义</p>\n<p>观卦卦象，风地观卦的象征意义</p>\n<p>风地观卦，这个卦是异卦相叠，下卦为坤，上卦为巽。风行地上，喻德教遍施。巽为风在上，坤为地在下。说明巽在上，为民办事，像风一样迅速，无处不到。地在下，表示地上的万物仰首观察巽的行为，产生敬重和羡慕的心理，决心学习巽的德才。由此可知，观卦本身是以敬重的态度观察和学习他人优点和长处的卦。</p>\n<p>观卦启示了观下瞻上的道理，在上者以道义观天下；在下者以敬仰瞻上，人心顺服归从。观卦属于中上卦。《象》这样评断此卦：卦遇蓬花旱逢河，生意买卖利息多，婚姻自有人来助，出门永不受折磨。</p>\n<p>风地观卦的卦画是下面四个阴爻，上面两个阳爻，与临卦的卦画排列顺序正好相反。</p>\n<p>风地观卦从卦象上进行分析，观卦上卦为巽为风，下卦为坤为地，风吹拂着大地就是观卦的卦象。风无处不在，无孔不入，人也应当像风一样，无所不观，观察万物而得到更多的知识。</p>",
    "title": "九三爻",
    "content": "<p>六三爻辞</p><p>六三。观我生，进退。</p><p>象曰：观我生进退，未失道也。</p><p>白话文解释</p><p>六三：观察亲族的思想动向，从而决定为政的措施。</p><p>《象辞》说：观察亲族的思想动向，从而决定为政的措施，这才未失去用人行政的正道。</p><p>北宋易学家邵雍解</p><p>平：得此爻者，三心二意，须谨慎行事，知难而退。做官的进退无常。</p><p>台湾国学大儒傅佩荣解</p><p>时运：度德量力，稍安毋躁。</p><p>财运：随买随卖，不致有失。</p><p>家宅：守住旧债。</p><p>身体：安心静养，可保平安。</p><p>六三变卦</p><p>六三爻动变得周易第53卦：风山渐。这个卦是异卦（下艮上巽）相叠。艮为山，巽为木。山上有木，逐渐成长，山也随着增高。这是逐渐进步的过程，所以称渐，渐即进，渐渐前进而不急速。</p><p>九三爻</p><p>的哲学含义</p><p>观卦第三爻，爻辞：六三：观我生，进退。爻辞释义</p><p>我：指自己。生：广生，作出决定。</p><p>本爻的意思是：观察别人对自己的反应，省察自己的言行，审时度势，小心谨慎地决定进退。</p><p>六三爻辞揭示的是一种警戒性的自审行为。在这里，体现了“观”的双向含义，即自己在观察别人，别人也在观察自己，可以通过观察，根据别人对自己的反应，来决定自己的进退。六三为臣位，是阴爻居阳位，失位，很难有什么作为，所以会考量进退的问题。</p><p>占得此爻者，在单位中要注意观察一下周围的人对自己的态度和反应，以此判断自己做得怎么样，是否适合现在的职位，以此决定自己的进退。</p><p>六三既不得位，又不得中，并且上下又无阴阳相合，所以处境不是很理想。所以她需要仔细观察自己的生存环境，以做好进退的选择。不过六三与上九相应，能靠祖上的余荫生活，这也是六三的优势，所以她能够谨慎地做好进退的选择，便不会迷失正道。</p>",
    "bgtitle": "风山渐",
    "bgcontent": "这个卦是异卦（下艮上巽）相叠。艮为山，巽为木。山上有木，逐渐成长，山也随着增高。这是逐渐进步的过程，所以称渐，渐即进，渐渐前进而不急速。"
}