{
    "gname": "风地观",
    "gcontent": "<p>周易第二十卦详解</p>\n<p>观卦原文</p>\n<p>观。盥而不荐，有孚顒若。</p>\n<p>象曰：风行地上，观。先王以省方，观民设教。</p>\n<p>白话文解释</p>\n<p>观卦：祭祀时灌酒降神而不献人牲，因为用作祭祀的俘虏的头部肿了，不能用作祭品。</p>\n<p>《象辞》说：本卦上卦为巽为风，下卦为坤为地，风行大地吹拂万物，这是观的卦象。先王观此卦象取法于周流八方的风，从而巡视邦国，观察民情，推行教化。</p>\n<p>《断易天机》解</p>\n<p>观卦巽上坤下，为乾宫四世卦。观卦象征将道义展示于众人面前。观卦风在上而地在下，是春风浩荡、万物滋生之象。</p>\n<p>北宋易学家邵雍解</p>\n<p>以下观上，周游观览；平心静气，坚守岗位。</p>\n<p>得此卦者，处身于变化之中，心神不宁，宜多观察入微，待机行事，切勿妄进。</p>\n<p>台湾国学大儒傅佩荣解</p>\n<p>时运：出外游览，不易闲居。</p>\n<p>财运：贩卖洋货，须防风险。</p>\n<p>家宅：供养神佛。</p>\n<p>身体：风湿之症，运动调养。</p>\n<p>传统解卦</p>\n<p>这个卦是异卦（下坤上巽）相叠，风行地上，喻德教遍施。观卦与临卦互为综卦，交相使用。在上者以道义观天下；在下者以敬仰瞻上，人心顺服归从。</p>\n<p>大象：风运行于坤地之上，喻有周游观览之意。阴长阳消，正道衰微，万物难行。</p>\n<p>运势：处身于变化之中，宜多观察入微，心身苦恼，并防外来诱惑。</p>\n<p>事业：事业已出现不顺利的迹象，务必谦虚慎重，高瞻远瞩，尤忌短期行为，心胸开阔，注意搞好人际关系，团结他人，不宜轻率行动。必要时不妨投靠德行高的人，以图再度发展。</p>\n<p>经商：市场形势不稳定，正处于变动，应谨慎小心，随时观察动向，从长计议，做好退却的准备。</p>\n<p>求名：贵在自知之明，虚心向他人求教，端正处世态度，尤其不可自我满足，更须守中持正，树立远大理想，勿丧失个人追求的目标，勿偏离正道。</p>\n<p>婚恋：不顺利，双方应经受住考验，从长计议，会有理想的结果。</p>\n<p>决策：具有组织能力，适宜担任负责工作，但人生旅途多曲折，必须注意培养自己的预见性和观察力，办事务必公正，实事求是，注意人心动向，关心他人。尤其不可以陷入小人之道和近视行为之中。应有决断精神，不可盲从，必要时可进行策略依附。</p>\n<p>第二十卦的哲学含义</p>\n<p>观卦卦象，风地观卦的象征意义</p>\n<p>风地观卦，这个卦是异卦相叠，下卦为坤，上卦为巽。风行地上，喻德教遍施。巽为风在上，坤为地在下。说明巽在上，为民办事，像风一样迅速，无处不到。地在下，表示地上的万物仰首观察巽的行为，产生敬重和羡慕的心理，决心学习巽的德才。由此可知，观卦本身是以敬重的态度观察和学习他人优点和长处的卦。</p>\n<p>观卦启示了观下瞻上的道理，在上者以道义观天下；在下者以敬仰瞻上，人心顺服归从。观卦属于中上卦。《象》这样评断此卦：卦遇蓬花旱逢河，生意买卖利息多，婚姻自有人来助，出门永不受折磨。</p>\n<p>风地观卦的卦画是下面四个阴爻，上面两个阳爻，与临卦的卦画排列顺序正好相反。</p>\n<p>风地观卦从卦象上进行分析，观卦上卦为巽为风，下卦为坤为地，风吹拂着大地就是观卦的卦象。风无处不在，无孔不入，人也应当像风一样，无所不观，观察万物而得到更多的知识。</p>",
    "title": "九五爻",
    "content": "<p>九五爻辞</p><p>九五。观我生，君子无咎。</p><p>象曰：观我生，观民也。</p><p>白话文解释</p><p>九五：善于观察亲族之意向，君子可以无过错。</p><p>《象辞》说：观察亲族之意向，就是观察天下万民的意向。</p><p>北宋易学家邵雍解</p><p>吉：得此爻者，时来运转，利益丰厚，对于妇人则有怀孕之喜，病重者有生命之忧。做官的会因为自己良好的官德，爵禄有升。</p><p>台湾国学大儒傅佩荣解</p><p>时运：直道而行，无往不利。</p><p>财运：我来决定，必可得利。</p><p>家宅：我来建宅。</p><p>身体：平安无碍。</p><p>九五变卦</p><p>九五爻动变得周易第23卦：山地剥。这个卦是异卦（下坤上艮）相叠。五阴在下，一阳在上，阴盛而阳孤；高山附于地。二者都是剥落象，故为“剥卦”。此卦阴盛阳衰，喻小人得势，君子困顿，事业败坏。</p><p>九五爻</p><p>的哲学含义</p><p>观卦第五爻，爻辞：九五：观我生，君子无咎。本爻的意思是：对照高尚的道德标准省察自己的言行，不断地完善自己，君子就不会有祸患。</p><p>观卦第五爻，爻辞：九五：观我生，君子无咎。人生启示《象》曰：“观我生”，观民也。</p><p>这句话的意思是说：身为君王或领导，“对照高尚的道德标准，审察自己的言行，弄清自己的德行”，便可知万民的德行。这其中的道理就是领导的表率作用，上行下效。</p><p>《论语》中说道：“子欲善，而民善矣。君子之德风，小人之德草，草上之见必偃。”领导的道德像风一样，下级的道德像草，如果领导做得好，就像风吹草低一样，下级必定会有所效仿。</p><p>占得此爻者，要注意自己的言行与道德。就像有的父母不希望孩子打架骂人，若孩子这样做了，父母就大骂孩子，或是打孩子一顿，父母自己都没有做到不骂不打，如何来要求孩子呢？</p><p>身为九五之尊的君王，也要随时观察自己的生存环境，不过他观察这些不是为了进退，而是为了治理。君王怎样观察自己的生存环境呢？象辞解释说“观民也”。就是说，君王要想了解自己所处的环境对自己是否有利，就要体察民情，了解民众所想和民众的生活状态，就能明白自己的生存环境是好是坏了。为什么呢？因为民众富裕了，欢乐了，自然就会拥护君王，生，怨声载道，君王的生存环境就差。因为民众都快要造反了，君王的日子怎么会好过呢？</p>",
    "bgtitle": "山地剥",
    "bgcontent": "这个卦是异卦（下坤上艮）相叠。五阴在下，一阳在上，阴盛而阳孤；高山附于地。二者都是剥落象，故为“剥卦”。此卦阴盛阳衰，喻小人得势，君子困顿，事业败坏。"
}