{
    "gname": "水天需",
    "gcontent": "<p>周易第五卦详解</p>\n<p>需卦原文</p>\n<p>需。有孚，光亨，贞吉。利涉大川。</p>\n<p>象曰：云上于天，需；君子以饮食宴乐。</p>\n<p>白话文解释</p>\n<p>需卦：抓到俘虏。大吉大利，吉利的卜问。有利于涉水渡河。</p>\n<p>《象辞》说：需的上卦为坎，表示云；下卦为乾，表示天。云浮聚于天上，待时降雨是需卦的卦象。君子观此卦象，可以宴饮安乐，待时而动。</p>\n<p>《断易天机》解</p>\n<p>需卦坎上乾下，为坤宫游魂卦。需为踌躇、期待，虽然刚强，但前面有险阻，应当等待，涉大川则利。</p>\n<p>北宋易学家邵雍解</p>\n<p>坎陷当前，遇阻不进；大器晚成，收成在后。</p>\n<p>得此卦者，时机尚未成熟，需要耐心等待，急进反会见凶。</p>\n<p>台湾国学大儒傅佩荣解</p>\n<p>时运：时机尚未成熟，耐心等待。</p>\n<p>财运：资本未集，无法开张。</p>\n<p>家宅：平安是福。</p>\n<p>身体：调节饮食，健康有望。</p>\n<p>传统解卦</p>\n<p>这个卦是异卦（下乾上坎）相叠，下卦是乾，刚健之意；上卦是坎，险陷之意。以刚逢险，宜稳健之妥，不可冒失行动，观时待变，所往一定成功。</p>\n<p>大象：云登天上而未雨，不能急进，等待时机之象。</p>\n<p>运势：智者必须待时而行，急进反见凶险。</p>\n<p>事业：关键在于审时度势，耐心等待，事成于安祥，切勿冒险，欲速不达。自己要充满自信，临危不惧，坚守中正，必可化险为夷。情况有利时，仍得居安思危。</p>\n<p>经商：行动之初，情况困难，必须以极大的耐心，创造条件和机会，行事光明磊落，观时待变，实现愿望。事情接近成功时，更应小心谨慎，切莫功亏一篑。</p>\n<p>求名：时机尚不成熟，应耐心等待。这时应坚定信念，不为闲言流语所动摇，努力丰富自己，再求助可靠的人便可成功。</p>\n<p>婚恋：慎重，切不可草率行事，逐渐培养感情，以诚实、热情相待，会发生变故，仍可以有良好的结局。双方都应懂得以柔克刚的道理。</p>\n<p>决策：前途光明，有雄心大志，且可实现。为此需要积蓄实力，等待时机，大器晚成。本人具有坚强的意志，冷静的头脑。前进途中会遇到困难和险阻，必须十分谨慎，坦然对待小人的中伤，在灾祸在面前能镇静自若。不轻举妄动，冷静选择方向。为人谦和、坦率，多有他人相助，促使事业成功。当时机成熟后，必然一帆风顺。</p>\n<p>第五卦的哲学含义</p>\n<p>需卦，本卦是异卦相叠，上卦为坎，下卦为乾。乾卦象征天空辽阔，坎卦象征乌云密布。雨水之于传统农业社会而言，是最大的需求，因此用这个意象来表现。古人引申为雨将下，万物皆待，所以叫需。</p>\n<p>需，古体字结构是“雨上天下”，从雨而声。如苍天下雨，滋养万物及人。从人的角度看，天下雨，则不易出行耕作，因此在家喝酒吃肉、静待天时。所以，这一卦的基本象征就是等待、不进，还有饮食之义。</p>\n<p>需卦位于蒙卦之后，《序卦》之中这样解释道：“物稚不可不养也，故受之以需。需者，饮食之道也。”有所需要，也是有所等待。</p>\n<p>《象》曰：云上于天，需;君子以饮食宴乐。</p>\n<p>《象》中这段话的意思是说：需卦的卦象是乾(天)下坎(水)上，为水在天上之表象。水汽聚集天上成为云层，密云満天，但还没有下雨，需要等待;君子在这个时候需要吃喝，饮酒作乐，即在等待的时候积蓄力量。</p>\n<p>需卦象征等待，启示人们守正待机的道理，属于中上卦。《象》这样评断此卦：明珠土埋日久深，无光无亮到如今，忽然大风吹土去，自然显露有重新。</p>",
    "title": "九三爻",
    "content": "<p>九三爻辞</p><p>九三。需于泥，致寇至。</p><p>象曰：需于泥，灾在外也。自我致寇，敬慎不败也。</p><p>白话文解释</p><p>九三：在泥淖中等待，把强盗招引过来。</p><p>《象辞》说：在泥淖中等待，泥淖污秽，环境险恶，灾难就在附近。由自己招致了强盗，但郑重谨慎，随机应变，就可不受损伤。</p><p>北宋易学家邵雍解</p><p>凶：得此爻者，须防止窃盗之患，亦要预防水险。做官的会被贬职。</p><p>台湾国学大儒傅佩荣解</p><p>时运：难期上达，谨慎自持。</p><p>财运：无法流通，小心受骗。</p><p>家宅：婚事难成，成则怨偶。</p><p>身体：小心外伤。</p><p>九三变卦</p><p>九三爻动变得周易第60卦：水泽节。这个卦是异卦（下兑上坎）相叠。兑为泽，坎为水。泽有水而流有限，多必溢于泽外。因此要有节度，故称节。节卦与涣卦相反，互为综卦，交相使用。天地有节度才能常新，国家有节度才能安稳，个人有节度才能完美。</p><p>九三爻</p><p>的哲学含义</p><p>九三：需于泥，致宼至。爻辞释义</p><p>需于泥：待在泥泽中。</p><p>致宼至：招致贼宼的进犯。</p><p>此爻的意思是：在泥沼中等待，招来了强盗。</p><p>从卦象上看，九三这一爻居下卦之上，紧邻坎水，等于停留在河边的泥沼之中。坎是盗、是险之意，如果继续行动，就会陷入泥沼之中，引来强盗，因为强盗离得不远了。</p><p>象曰：需于泥，灾在外也。自我致宼，敬慎不败也。</p><p>这句话的意思是说：在泥沼中等待，是因为外面有强盗。由自己招来的强盗，只要恭敬谨慎就不会陷于祸败。</p><p>需卦是上坎下乾，乾卦是刚健有力的。占得此爻者，如果做事急躁冒进，就会陷入危险之中。但是，如要恭敬谨慎，就能自保，可立于不败之地。</p><p>停留在淤泥中，在淤泥中求食物，处境可就不是很好了。九三爻的上面是坎卦，坎含有贼寇的意思，所以“需于泥”的九三会招致贼寇的侵犯。</p>",
    "bgtitle": "水泽节",
    "bgcontent": "这个卦是异卦（下兑上坎）相叠。兑为泽，坎为水。泽有水而流有限，多必溢于泽外。因此要有节度，故称节。节卦与涣卦相反，互为综卦，交相使用。天地有节度才能常新，国家有节度才能安稳，个人有节度才能完美。"
}