{
    "gname": "水天需",
    "gcontent": "<p>周易第五卦详解</p>\n<p>需卦原文</p>\n<p>需。有孚，光亨，贞吉。利涉大川。</p>\n<p>象曰：云上于天，需；君子以饮食宴乐。</p>\n<p>白话文解释</p>\n<p>需卦：抓到俘虏。大吉大利，吉利的卜问。有利于涉水渡河。</p>\n<p>《象辞》说：需的上卦为坎，表示云；下卦为乾，表示天。云浮聚于天上，待时降雨是需卦的卦象。君子观此卦象，可以宴饮安乐，待时而动。</p>\n<p>《断易天机》解</p>\n<p>需卦坎上乾下，为坤宫游魂卦。需为踌躇、期待，虽然刚强，但前面有险阻，应当等待，涉大川则利。</p>\n<p>北宋易学家邵雍解</p>\n<p>坎陷当前，遇阻不进；大器晚成，收成在后。</p>\n<p>得此卦者，时机尚未成熟，需要耐心等待，急进反会见凶。</p>\n<p>台湾国学大儒傅佩荣解</p>\n<p>时运：时机尚未成熟，耐心等待。</p>\n<p>财运：资本未集，无法开张。</p>\n<p>家宅：平安是福。</p>\n<p>身体：调节饮食，健康有望。</p>\n<p>传统解卦</p>\n<p>这个卦是异卦（下乾上坎）相叠，下卦是乾，刚健之意；上卦是坎，险陷之意。以刚逢险，宜稳健之妥，不可冒失行动，观时待变，所往一定成功。</p>\n<p>大象：云登天上而未雨，不能急进，等待时机之象。</p>\n<p>运势：智者必须待时而行，急进反见凶险。</p>\n<p>事业：关键在于审时度势，耐心等待，事成于安祥，切勿冒险，欲速不达。自己要充满自信，临危不惧，坚守中正，必可化险为夷。情况有利时，仍得居安思危。</p>\n<p>经商：行动之初，情况困难，必须以极大的耐心，创造条件和机会，行事光明磊落，观时待变，实现愿望。事情接近成功时，更应小心谨慎，切莫功亏一篑。</p>\n<p>求名：时机尚不成熟，应耐心等待。这时应坚定信念，不为闲言流语所动摇，努力丰富自己，再求助可靠的人便可成功。</p>\n<p>婚恋：慎重，切不可草率行事，逐渐培养感情，以诚实、热情相待，会发生变故，仍可以有良好的结局。双方都应懂得以柔克刚的道理。</p>\n<p>决策：前途光明，有雄心大志，且可实现。为此需要积蓄实力，等待时机，大器晚成。本人具有坚强的意志，冷静的头脑。前进途中会遇到困难和险阻，必须十分谨慎，坦然对待小人的中伤，在灾祸在面前能镇静自若。不轻举妄动，冷静选择方向。为人谦和、坦率，多有他人相助，促使事业成功。当时机成熟后，必然一帆风顺。</p>\n<p>第五卦的哲学含义</p>\n<p>需卦，本卦是异卦相叠，上卦为坎，下卦为乾。乾卦象征天空辽阔，坎卦象征乌云密布。雨水之于传统农业社会而言，是最大的需求，因此用这个意象来表现。古人引申为雨将下，万物皆待，所以叫需。</p>\n<p>需，古体字结构是“雨上天下”，从雨而声。如苍天下雨，滋养万物及人。从人的角度看，天下雨，则不易出行耕作，因此在家喝酒吃肉、静待天时。所以，这一卦的基本象征就是等待、不进，还有饮食之义。</p>\n<p>需卦位于蒙卦之后，《序卦》之中这样解释道：“物稚不可不养也，故受之以需。需者，饮食之道也。”有所需要，也是有所等待。</p>\n<p>《象》曰：云上于天，需;君子以饮食宴乐。</p>\n<p>《象》中这段话的意思是说：需卦的卦象是乾(天)下坎(水)上，为水在天上之表象。水汽聚集天上成为云层，密云満天，但还没有下雨，需要等待;君子在这个时候需要吃喝，饮酒作乐，即在等待的时候积蓄力量。</p>\n<p>需卦象征等待，启示人们守正待机的道理，属于中上卦。《象》这样评断此卦：明珠土埋日久深，无光无亮到如今，忽然大风吹土去，自然显露有重新。</p>",
    "title": "上九爻",
    "content": "<p>上六爻辞</p><p>上六。入于穴，有不速之客三人来，敬之终吉。</p><p>象曰：不速之客，敬之终吉；虽不当位，未大失也。</p><p>白话文解释</p><p>上六：进入地穴式的房屋，有三位不速之客来到，恭敬地接待他们，结果是吉利的。</p><p>《象辞》说：不速之客来了，恭敬地接待他们，结果是吉利的。因为全卦阳刚过甚，逼压阴柔，但是上六处阴位，位置合适，所以有惊无险，没有大的损失。</p><p>北宋易学家邵雍解</p><p>平：得此爻者，宜谨慎，则忧愁自散。做官的会有升迁之机会，但须防谗邪之流。</p><p>台湾国学大儒傅佩荣解</p><p>时运：凭险自守，和解为贵。</p><p>财运：得价则售，不可贮藏。</p><p>家宅：持家有道；少男乃吉。</p><p>身体：病况凶险，不存侥幸。</p><p>上六变卦</p><p>上六爻动变得周易第9卦：风天小畜。这个卦是异卦（下乾上巽）相叠，乾为天，巽为风。喻风调雨顺，谷物滋长，故卦名小畜（蓄）。力量有限，须待发展到一定程度，才可大有作为。</p><p>上九爻</p><p>的哲学含义</p><p>上六：入于穴，有不速之客三人来;敬之，终吉。爻辞释义</p><p>不速之客：是指不召自来的客人。三人：古代以三喻多，这里指多人。</p><p>这一爻的意思就是：进入洞穴之中，有多位不请自来的客人，尊敬他们，结局会很吉祥。</p><p>上六的位置是在坎卦的上爻，坎卦代表洞穴。上六则代表着进入了洞穴。上六是阴爻，而上这一位置是柔位，所以上六属于得位，可以安居于此。</p><p>爻辞“入干穴”，也是根据变卦而来的。大壮卦上卦为震为雷，没有“穴”的含义，可是变为需卦后，上卦为坎，坎有“穴”的含义。上六于是有“入于穴”的形象了。“不速之客三人”指的便是下卦的三个阳爻，这三个阳爻以刚健之德跋涉大川，大川便是上面的坎卦，所以上六会遇到这三个不速之客。</p>",
    "bgtitle": "风天小畜",
    "bgcontent": "这个卦是异卦（下乾上巽）相叠，乾为天，巽为风。喻风调雨顺，谷物滋长，故卦名小畜（蓄）。力量有限，须待发展到一定程度，才可大有作为。"
}