{
    "gname": "水泽节",
    "gcontent": "<p>周易第六十卦详解</p>\n<p>节卦原文</p>\n<p>节。亨，苦节不可贞。</p>\n<p>象曰：泽上有水，节。君子以制数度，议德行。</p>\n<p>白话文解释</p>\n<p>节卦：亨通。如果以节制为苦，其凶吉则不可卜问。</p>\n<p>《象辞》说：本卦下卦为兑，兑为泽；上卦为坎，坎为水。泽中水满，因而须高筑堤防，这是节卦的卦象。君子观此卦象，从而建立政纲制度，确立伦理原则。</p>\n<p>《断易天机》解</p>\n<p>节卦坎上兑下，为坎宫初世卦。节说明需节制、节约，停止挥霍，这样才能居家康宁。</p>\n<p>北宋易学家邵雍解</p>\n<p>操守节度，适可而止；审时度势，能知变通。</p>\n<p>得此卦者，宜安分守己，切忌贪心不足，诸事必须节制，不宜过份，更要戒酒色。</p>\n<p>台湾国学大儒傅佩荣解</p>\n<p>时运：品行端正，名利自成。</p>\n<p>财运：正派经营，富裕可求。</p>\n<p>家宅：富有之家；婚姻吉祥。</p>\n<p>身体：节制饮食。</p>\n<p>传统解卦</p>\n<p>这个卦是异卦（下兑上坎）相叠。兑为泽，坎为水。泽有水而流有限，多必溢于泽外。因此要有节度，故称节。节卦与涣卦相反，互为综卦，交相使用。天地有节度才能常新，国家有节度才能安稳，个人有节度才能完美。</p>\n<p>大象：泽为池沼，坎水在上，喻蓄积及约束水份不使流失，但水位过高，则成泛滥。</p>\n<p>运势：有志不能伸，诸事必须节制，不宜过份，更要戒酒色。</p>\n<p>事业：正处在发展时期，一定要注意切勿冒进。但更不应放弃良好的机遇，只要坚持遵道守义的原则，可大胆行动。这样，事业可以继续兴旺发达。</p>\n<p>经商：市场行情好，对自己很有利，应该努力开拓，勿失去机会。不过，头脑一定要冷静，投入应有限度，适可而止，该收则收。</p>\n<p>求名：严格要求自己，办事知道节度，不走极端，可以通行无阻，顺利前进。</p>\n<p>婚恋：不要陷入情不自禁的地步，顺其自然会有好结果。</p>\n<p>决策：抓住机遇，勿失良机。适当节制自己的行动，不可勉强，更不可冒险，恰如其分。一切不可拘泥，该变就变。但是，该节制的时候一定要节制。节制必须有限度，过于节制就成为苦，不会有好的结果，这叫适得其反，务必十分注意。</p>\n<p>第六十卦的哲学含义</p>\n<p>节卦，这个卦是异卦相叠，下卦为兑，上卦为坎。兑为泽，坎为水。泽有水而流有限，多必溢于泽外。因此要有节度，故称节。天地有节度才能常新，国家有节度才能安稳，个人有节度才能完美。</p>\n<p>节卦位于涣卦之后，《序卦》中这样解释道：“物不可终离，故受之以节。”一直离散、涣散下去，并不适宜，所以接着要谈节卦。节卦与涣卦相反，互为综卦，交相使用。</p>\n<p>《象》中这样解释道：泽上有水，节；君子以制数度，议德行。这里指出：泽卦的卦象是兑（泽）下坎（水）上为泽上有水之象，象征以堤防来节制。水在泽中，一旦满了就溢出来，而堤防本身就是用来节制水的盈虚的。君子应当效法节卦的义理，制定典章制度和必要的礼仪法度来作为行事的准则，以此来节制人们的行为。</p>\n<p>节卦象征万物有节，告诉人们节制的道理，属于上上卦。《象》中这样来断此卦：时来运转喜气生，登台封神姜太公，到此诸神皆退位，纵然有祸不成凶。</p>\n<p>节卦卦象：从卦象上进行分析，节卦上卦为坎为水，下卦为兑为泽，泽上有水便是节卦的卦象。水会由高至低不停地流动，可是如果经过一个浅坑，水便会被积蓄而不再往前流了。沼泽比地面要低，所以下雨时或其他河水流经沼泽地时，便会在这里积聚。所以节积水成泽便是节卦的大形象。</p>",
    "title": "九四爻",
    "content": "<p>六四爻辞</p><p>六四。安节，亨。</p><p>象曰：安节之亨，承上道也。</p><p>白话文解释</p><p>六四：安于节俭遵礼的生活，通泰。</p><p>《象辞》说：安于节俭遵礼的生活之所以吉利，是因为顺从了君上的旨意。</p><p>北宋易学家邵雍解</p><p>吉：得此爻者，秉公守法，安于正道，福利可获。做官的会得到上司的欣赏，升迁有望。</p><p>台湾国学大儒傅佩荣解</p><p>时运：平安是福，听命行事。</p><p>财运：安居外地，一切节俭。</p><p>家宅：平安无事；夫妻平顺。</p><p>身体：病由口入。</p><p>六四变卦</p><p>六四爻动变得周易第58卦：兑为泽。这个卦是同卦（下泽上泽）相叠。泽为水。两泽相连，两水交流，上下相和，团结一致，朋友相助，欢欣喜悦。兑为悦也。同秉刚健之德，外抱柔和之姿，坚行正道，导民向上。</p><p>九四爻</p><p>的哲学含义</p><p>节卦第四爻，爻辞：六四：安节，亨。爻辞释义</p><p>本爻辞的意思是：安然实行节制，可获亨通。</p><p>从卦象上看，六四以阴爻居柔位，当位得正。其上承九五，与九五属于亲比关系，下与初九正应，上下关系融洽。上面遵从君主，下面接受贤士的监督，并以此为动力对自己实行节制，故而能亨通。</p><p>《象》中这样解释本爻：“安节之亨”，承上道也。这里指出：“安然实行节制，可获亨通”，说明谨守柔顺尊上之道。</p><p>占得此爻者，在各个方面都能做到节制，而且自己非常愿意这么做，度也掌握得很好。这样在各个方面都可获亨通。</p><p>六四：安节，亨。</p><p>象曰：安节之亨，承上道也。</p><p>经文意思是：安于节制，亨通。</p><p>象辞意思是:安于节制的亨通，是顺承九五的天道。</p>",
    "bgtitle": "兑为泽",
    "bgcontent": ""
}