{
    "gname": "水火既济",
    "gcontent": "<p>周易第六十三卦详解</p>\n<p>既济卦原文</p>\n<p>既济。亨，小利贞，初吉终乱。</p>\n<p>象曰：水在火上，既济。君子以思患而预防之。</p>\n<p>白话文解释</p>\n<p>既济卦：亨通。这是小见吉利的贞卜。起初吉利，最后将发生变故。</p>\n<p>《象辞》说：本卦上卦为坎，坎为水；下卦为巽，巽为火。水上火下，水浇火熄，是既济之卦的卦象。君子观此卦象，从而有备于无患之时，防范于未然之际。</p>\n<p>《断易天机》解</p>\n<p>既济卦坎上离下，为坎宫三世卦。既济就是说已经成功，事情已经摆平。但还需谨慎，当心物极必反。</p>\n<p>北宋易学家邵雍解</p>\n<p>济助有成，坚忍自重；由大而小，确保盛运。</p>\n<p>得此卦者，事业有成，成功之象，但谨防盛极必衰，宜退守为吉，再进则凶。</p>\n<p>台湾国学大儒傅佩荣解</p>\n<p>时运：盛极必衰，谨防后患。</p>\n<p>财运：及时出手，可得利润。</p>\n<p>家宅：大厦可居；百年好合。</p>\n<p>身体：大病初愈，仍需自理。</p>\n<p>传统解卦</p>\n<p>这个卦是异卦（下离上坎）相叠。坎为水，离为火，水火相交，水在火上，水势压倒火势，救火大功告成。既，已经；济，成也。既济就是事情已经成功，但终将发生变故。</p>\n<p>大象：坎水在离火之上，水性下注，火势上炎，水火相济，完成之意。</p>\n<p>运势：名利双收，成功之象，但须防物极必反，初吉后凶。</p>\n<p>事业：处在顺利和兴旺的阶段，甚至大功已经告成。如何才能保住这种势头，是问题的关键。必须认识盛极将衰的真理，思患预防，防微杜渐，有备可无患。同时，一定要密切注意形势，抓住有利时机，继续奋发向上，推动事业发展。</p>\n<p>经商：由于市场形势有利，已经赚得许多，但同时也预示着危机的随时出现。因此，务必小心在意，事未到，先预防，终日提防戒惧。同时，认真观察市场的变化，随时转向，开拓新市场。</p>\n<p>求名：个人追求名利的基本条件已经具备。必须防止因此而变得僵化和保守，以致功亏一篑，半途而废。</p>\n<p>婚恋：起初顺利，中途会出现挫折。</p>\n<p>决策：各方面条件都很好，环境又有利于成长。但因此反而会使自己满足，停止前进，甚至变得颓废，趋向没落。一定要不断刻苦努力，保持谦虚美德，常怀不安之心，防止不测事件发生。</p>\n<p>既济卦，这个卦是异卦相叠，下卦为离，上卦为坎。坎为水，离为火，水火相交，水在火上，水势压倒火势，完成了救火的任务。既，已经；济，成也。既济就是事情已经成功，但终将发生变故。</p>\n<p>既济卦位于小过卦之后，《序卦》中这样解释道：“有过物者必济，故受之以既济。”矫正小的过失就可以获得成功，所以接着谈既济卦。</p>\n<p>《象》中这样解释本爻：水在火上，既济；君子以思患而预防之。这里指出：既济卦的卦象是离（火）下坎（水）上，为水在火上之表象，比喻用火煮食物，食物已熟，象征事情已经成功；君子应有远大的目光，在事情成功之后，就要考虑将来可能出现的种种弊端，防患于未然，采取预防措施。</p>\n<p>既济卦象征成功，启示的是盛极将衰的道理，此卦属于中上卦。《象》曰：金榜以上题姓名，不负当年苦用功，人逢此卦名吉庆，一切谋望大亨通。</p>\n<p>初九爻的哲学含义</p>",
    "title": "九三爻",
    "content": "<p>九三爻辞</p><p>九三。高宗伐鬼方，三年克之。小人勿用。</p><p>象曰：三年克之，惫也。</p><p>白话文解释</p><p>九三：高宗讨伐鬼方，费时三年才打败它。筮遇此爻，不可重用小人。</p><p>《象辞》说：费时三年才打败它，因为鬼方这时已疲惫不堪。</p><p>北宋易学家邵雍解</p><p>凶：得此爻者，有结怨争诉之损。做官的多差遣征伐之举。</p><p>台湾国学大儒傅佩荣解</p><p>时运：努力工作，所谋必成。</p><p>财运：数年经营，才可获利。</p><p>家宅：三年后居；三年可婚。</p><p>身体：一时无恙，只保三年。</p><p>九三变卦</p><p>九三爻动变得周易第3卦：水雷屯。这个卦是异卦（下震上坎）相叠，震为雷，喻动；坎为雨，喻险。雷雨交加，险象丛生，环境恶劣。“屯”原指植物萌生大地，万物始生，充满艰难险阻，然而顺时应运，必欣欣向荣。</p><p>初九爻的哲学含义</p><p>既济卦第三爻，爻辞：九三，高宗伐鬼方，三年克之；小人勿用。爻辞释义</p><p>高宗：指商朝中兴之贤君武丁，这里指九五这一君爻而言。鬼方：部落名。本爻辞的意思是：殷高宗武丁征伐地处西北的鬼方国，经过三年的连续战斗</p><p>才获得胜利；胜利来之不易，在治理时不可任用贪功冒进的小人，否则会因为劳民伤财而引起内乱。</p><p>从卦象上看，九三属于阳爻居刚位，且处于下卦的顶端，急躁冒进，又与九五为敌，所以必会被君主所征伐。</p><p>《象》中这样解释道：“三年克之”惫也。这里指出：“经过三年的连续战斗才攻克了鬼方国”，说明战争非常激烈，持续了三年之久，双方已经筋疲力尽了，胜利是来之不易的。这时，若是对这一地方进行治理，是不适合用九三这种贪功冒进之人的。</p><p>占得此爻者，不要急功近利，在工作上不可与领导作对，这样会有被免职的危险。在婚恋方面也不要急于占对方为己有，否则会有分手之兆。</p><p>九三：高宗伐鬼方，三年克之，小人勿用。</p><p>象曰：三年克之，惫也。</p>",
    "bgtitle": "水雷屯",
    "bgcontent": "这个卦是异卦（下震上坎）相叠，震为雷，喻动；坎为雨，喻险。雷雨交加，险象丛生，环境恶劣。“屯”原指植物萌生大地，万物始生，充满艰难险阻，然而顺时应运，必欣欣向荣。"
}