{
    "gname": "水雷屯",
    "gcontent": "<p>周易第三卦详解</p>\n<p>屯卦原文</p>\n<p>屯。元，亨，利，贞。勿用，有攸往，利建侯。</p>\n<p>象曰：云，雷，屯；君子以经纶。</p>\n<p>白话文解释</p>\n<p>屯卦。大吉大利，吉利的占卜。不利于出门。有利于建国封侯。</p>\n<p>《象辞》说：屯的上卦为坎，坎为云，下卦为震，震为雷。云行于上，雷动于下，是屯卦的卦象。君子观此卦象，取法于云雷，用云的恩泽，雷的威严来治理国事。</p>\n<p>《断易天机》解</p>\n<p>屯卦坎上震下，为坎宫二世卦。屯说明有困难，又象征动而逢险境，需刚毅果敢方为吉。</p>\n<p>北宋易学家邵雍解</p>\n<p>万物始生，开始困难；先劳后逸，苦尽甘来。</p>\n<p>得此卦者，身处困境，宜守不宜进，须多加辛苦努力，排除困难，方可通达，有初难后解之象。</p>\n<p>台湾国学大儒傅佩荣解</p>\n<p>时运：宜守不宜进。</p>\n<p>财运：创业维艰。</p>\n<p>家宅：修缮住宅；初婚不和。</p>\n<p>身体：保存元气。</p>\n<p>传统解卦</p>\n<p>这个卦是异卦（下震上坎）相叠，震为雷，喻动；坎为雨，喻险。雷雨交加，险象丛生，环境恶劣。“屯”原指植物萌生大地，万物始生，充满艰难险阻，然而顺时应运，必欣欣向荣。</p>\n<p>大象：屯者难也，万事欲进而不得进。</p>\n<p>运势：身处困境，步步为营，有初难后解之意。</p>\n<p>事业：起初多有不利，要知难而进，小心翼翼，勇往直前，灵活机动，可望获得大的成功，时机到来时一定要抓住，却也不得操之太急，且仍有困难，务必有他人相助，故平时应多施恩惠。</p>\n<p>经商：创业初期步履艰难，多有挫折。坚定信念最重要，不要为表面现象所迷惑，应积极进取，行动果断，打开出路。若仍无法摆脱困境，则应退守保全，等待机会，再展宏图。</p>\n<p>求名：积极争取，主动追求，可以成功。</p>\n<p>婚恋：好事多磨，忠贞纯洁，大胆追求，能够成功，婚姻美满。</p>\n<p>决策：初始困难，但若具有坚忍不拔的毅力和锲而不舍的奋斗精神，前途不可估量，但往往不为他人理解而陷于孤独苦闷，事业会因此处于困难状态，需要得到贤德之人的帮助才能摆脱。如能以乐观主义精神处世，能取得成就。</p>\n<p>第三卦哲学含义</p>\n<p>易经》之中每一卦都是一种象征，都代表着很多具体的意义。乾象征天，坤象征地，乾象征父，坤象征母，等等。乾坤二卦被称为父母卦，二卦的交相变化产生宇宙间的万事万物，而屯卦做为第三卦，它就象征了事物的开始。</p>\n<p>《序卦》中说道：“盈天地之间者唯万物，故受之以屯。屯者，盈也；屯者，物之始生也。”充满天地之间的就是万物，所以接着出现的是屯卦。屯是盈满的意思，也是万物开始出生的意思。</p>\n<p>屯卦为难进之象，象征着起始阶段的艰难，也就是“万事开头难”。从卦象上看，这是因上卦为坎，坎代表着艰险、凶险。下卦想前行，但是受到坎卦的阻拦，要在艰难之中行进。本卦属于下下卦。《象》中这样评断此卦：风刮乱丝不见头，颠三倒四犯忧愁，慢从款来左顺遂，急促反惹不自由。</p>\n<p>屯卦上卦为坎为水，下卦为震为雷，所以屯卦的整体卦象为水雷屯。也就是说水与雷组合，便是屯卦的象征含义。可是“屯”字表示的是幼苗的形象，而卦象却是水与雷，这之间有什么联系呢?原来，坎在上，代表云，震在下，代表雷，乌云出现了，又出现了雷声，自然就会下雨了。只有下雨，地上的植物才能够生长，幼苗才能够有长成的希望。可见“屯”这个卦名与卦画之间是珠联璧合结合的十分巧妙。</p>",
    "title": "上九爻",
    "content": "<p>上六爻辞</p><p>上六。乘马班如，泣血涟如。</p><p>象曰：泣血涟如，何可长也。</p><p>白话文解释</p><p>上六：驾着马车原地回旋，哭泣无声，滴泪涟涟。</p><p>《象辞》说：哭泣无声，滴泪涟涟，这种情景怎能长久下去。</p><p>北宋易学家邵雍解</p><p>凶：得此爻者，家道中落，须防损失。做官的须谨防小人的谗言。</p><p>台湾国学大儒傅佩荣解</p><p>时运：前无去路，保命为要。</p><p>财运：犹豫不决，尽失良机。</p><p>家宅：家道中落。</p><p>身体：呕血之症，凶。</p><p>上六变卦</p><p>上六爻动变得周易第42卦：风雷益。这个卦是异卦（下震上巽）相叠。巽为风；震为雷。风雷激荡，其势愈强，雷愈响，风雷相助互长，交相助益。此卦与损卦相反。它是损上以益下，后者是损下以益上。二卦阐述的是损益的原则。</p><p>上九爻</p><p>的哲学含义</p><p>我们知道，在《易经》之中，是以九五位为尊的。九五居坎卦之中，坎代表云。云是聚集的水滴，尚未转化成雨，所以说“屯其膏”。如果是天子占得此卦，表示天子的恩泽未能广布。天子应懂得舍得之道，自己存的财物少，施给老百姓的多，则就会吉利。反之，则凶。</p><p>《象》曰：“屯其膏”，施未光也。</p><p>这里指出：“只顾自己囤积财富而不注意帮助别人”，这样的人即使想有所作为，其前景也不大光明。</p><p>若是普通人占得此卦，你要懂得取舍之道。只顾自己囤积财富而不注意帮助别人，是很危险的，那样做，办小事虽有成功的可能，但办大事则必然会出现凶险。所以，不要光盯着自己的钱口袋，要“广施恩泽”，懂得舍，才能避凶趋吉。</p>",
    "bgtitle": "风雷益",
    "bgcontent": "这个卦是异卦（下震上巽）相叠。巽为风；震为雷。风雷激荡，其势愈强，雷愈响，风雷相助互长，交相助益。此卦与损卦相反。它是损上以益下，后者是损下以益上。二卦阐述的是损益的原则。"
}