{
    "gname": "水雷屯",
    "gcontent": "<p>周易第三卦详解</p>\n<p>屯卦原文</p>\n<p>屯。元，亨，利，贞。勿用，有攸往，利建侯。</p>\n<p>象曰：云，雷，屯；君子以经纶。</p>\n<p>白话文解释</p>\n<p>屯卦。大吉大利，吉利的占卜。不利于出门。有利于建国封侯。</p>\n<p>《象辞》说：屯的上卦为坎，坎为云，下卦为震，震为雷。云行于上，雷动于下，是屯卦的卦象。君子观此卦象，取法于云雷，用云的恩泽，雷的威严来治理国事。</p>\n<p>《断易天机》解</p>\n<p>屯卦坎上震下，为坎宫二世卦。屯说明有困难，又象征动而逢险境，需刚毅果敢方为吉。</p>\n<p>北宋易学家邵雍解</p>\n<p>万物始生，开始困难；先劳后逸，苦尽甘来。</p>\n<p>得此卦者，身处困境，宜守不宜进，须多加辛苦努力，排除困难，方可通达，有初难后解之象。</p>\n<p>台湾国学大儒傅佩荣解</p>\n<p>时运：宜守不宜进。</p>\n<p>财运：创业维艰。</p>\n<p>家宅：修缮住宅；初婚不和。</p>\n<p>身体：保存元气。</p>\n<p>传统解卦</p>\n<p>这个卦是异卦（下震上坎）相叠，震为雷，喻动；坎为雨，喻险。雷雨交加，险象丛生，环境恶劣。“屯”原指植物萌生大地，万物始生，充满艰难险阻，然而顺时应运，必欣欣向荣。</p>\n<p>大象：屯者难也，万事欲进而不得进。</p>\n<p>运势：身处困境，步步为营，有初难后解之意。</p>\n<p>事业：起初多有不利，要知难而进，小心翼翼，勇往直前，灵活机动，可望获得大的成功，时机到来时一定要抓住，却也不得操之太急，且仍有困难，务必有他人相助，故平时应多施恩惠。</p>\n<p>经商：创业初期步履艰难，多有挫折。坚定信念最重要，不要为表面现象所迷惑，应积极进取，行动果断，打开出路。若仍无法摆脱困境，则应退守保全，等待机会，再展宏图。</p>\n<p>求名：积极争取，主动追求，可以成功。</p>\n<p>婚恋：好事多磨，忠贞纯洁，大胆追求，能够成功，婚姻美满。</p>\n<p>决策：初始困难，但若具有坚忍不拔的毅力和锲而不舍的奋斗精神，前途不可估量，但往往不为他人理解而陷于孤独苦闷，事业会因此处于困难状态，需要得到贤德之人的帮助才能摆脱。如能以乐观主义精神处世，能取得成就。</p>\n<p>第三卦哲学含义</p>\n<p>易经》之中每一卦都是一种象征，都代表着很多具体的意义。乾象征天，坤象征地，乾象征父，坤象征母，等等。乾坤二卦被称为父母卦，二卦的交相变化产生宇宙间的万事万物，而屯卦做为第三卦，它就象征了事物的开始。</p>\n<p>《序卦》中说道：“盈天地之间者唯万物，故受之以屯。屯者，盈也；屯者，物之始生也。”充满天地之间的就是万物，所以接着出现的是屯卦。屯是盈满的意思，也是万物开始出生的意思。</p>\n<p>屯卦为难进之象，象征着起始阶段的艰难，也就是“万事开头难”。从卦象上看，这是因上卦为坎，坎代表着艰险、凶险。下卦想前行，但是受到坎卦的阻拦，要在艰难之中行进。本卦属于下下卦。《象》中这样评断此卦：风刮乱丝不见头，颠三倒四犯忧愁，慢从款来左顺遂，急促反惹不自由。</p>\n<p>屯卦上卦为坎为水，下卦为震为雷，所以屯卦的整体卦象为水雷屯。也就是说水与雷组合，便是屯卦的象征含义。可是“屯”字表示的是幼苗的形象，而卦象却是水与雷，这之间有什么联系呢?原来，坎在上，代表云，震在下，代表雷，乌云出现了，又出现了雷声，自然就会下雨了。只有下雨，地上的植物才能够生长，幼苗才能够有长成的希望。可见“屯”这个卦名与卦画之间是珠联璧合结合的十分巧妙。</p>",
    "title": "九三爻",
    "content": "<p>六三爻辞</p><p>六三。即鹿无虞，惟入于林中。君子几不如舍。往吝。</p><p>象曰：即鹿无虞，以纵禽也。君子舍之，往吝，穷也。</p><p>白话文解释</p><p>六三：追捕野鹿，没有充当向导的官员。思忖着鹿逃入山林。君子机灵，认为不如放弃。深入山林，认为会有危险。</p><p>《象辞》说：追捕野鹿，没有充当向导的官员，意在追逐走兽。君子放弃那野鹿，知道深入山林会有危险，因而除此别无他法。</p><p>北宋易学家邵雍解</p><p>凶：得此爻者，须安分守己，否则会有灾难。做官的有贪污之嫌，有被停职降职之忧。</p><p>台湾国学大儒傅佩荣解</p><p>时运：求宝得利，殊不足取。</p><p>财运：恐有损失，不如舍去。</p><p>家宅：不循正途求婚嫁，将有困难。</p><p>身体：不可纵欲伤身。</p><p>六三变卦</p><p>六三爻动变得周易第63卦：水火既济。这个卦是异卦（下离上坎）相叠。坎为水，离为火，水火相交，水在火上，水势压倒火势，救火大功告成。既，已经；济，成也。既济就是事情已经成功，但终将发生变故。</p><p>九三爻</p><p>的哲学含义</p><p>我们仔细来看这一爻，六三在下卦之中，下卦属于震卦，而震代表的意思就是行动。六三又在互坤里，坤代表田地。从六三所处的位置，我们能分析出是在田猎。六三是阴爻，但是却居于“三”这个刚位之上，上面又没有领导，所以指示虽进入田林之中，但是却没有可听从的对象，没有人指挥他、引导他。而自己属于阴，又不具备这种能力。在这种情况下，不如舍弃追逐猎物，否则会遇到困难。</p><p>占得此爻者，做事时要学会见机而作，如果没有得力的助手帮忙，或者是领导的支持，自己又不擅长于此，就放弃吧，不要去做了。如果自己不是某一方面的人才，硬要做成某一方面的事，不仅事不成，还会带来灾咎。</p><p>《象》中这样分析此爻：即鹿无虞，以从禽也。君子舍之，往吝，穷也。</p><p>这句话的意思是说：追逐野鹿却没有猎官的带领，只是跟随禽兽来追，这是因为贪图禽兽而已。君子应该放弃，若是再往前追，就会有困难，甚至会陷入困</p><p>占得此爻者，在做事时要注意，有的事能做，天时地利人和，而且自己有能力做，自然该毫不犹豫地去做。有的事不能做，也无能力做，就是有金山银山放在面前，也不能去做。如果只贪图荣华富贵，不计能与不能，必有灾祸发生!遇以这样的情况时，应该当舍则舍，一定要控制住自己的贪念，不要只顾追逐猎物，而不顾自己的处境。</p><p>六三爻处于震卦的最上面，震为行动，但处于最上面的六三难免会有行动过火的表现，并且再往上便进入了坎卦，坎便是险，前面有危险呀，所以爻辞用极其形象的比喻给予了十分中肯的忠告。君子追着一头鹿来到了森林中，这是一片陌生的森林，这位君子急于得到这只鹿，所以这次打猎没带有经验的猎官，于是面临迷路的危险。这可怎么办，继续追，还是放弃?这位君子是明智的，他选择了放弃。</p>",
    "bgtitle": "水火既济",
    "bgcontent": "这个卦是异卦（下离上坎）相叠。坎为水，离为火，水火相交，水在火上，水势压倒火势，救火大功告成。既，已经；济，成也。既济就是事情已经成功，但终将发生变故。"
}