{
    "gname": "坎为水",
    "gcontent": "<p>周易第二十九卦详解</p>\n<p>坎卦原文</p>\n<p>坎。习坎，有孚，维心亨，行有尚。</p>\n<p>象曰：水洊至，习坎。君子以常德行，习教事。</p>\n<p>白话文解释</p>\n<p>习坎卦：抓获俘虏，劝慰安抚他们，通泰。途中将得到帮助。</p>\n<p>《象辞》说：坎为永，水长流不滞，是坎卦的卦象。君子观此卦象，从而尊尚德行，取法于细水长流之象，学习教化人民的方法。</p>\n<p>《断易天机》解</p>\n<p>坎卦坎上坎下，为坎宫本位卦。坎为陷入、陷阱，为险难之境。此时应坚持信心，才能豁然贯通。</p>\n<p>北宋易学家邵雍解</p>\n<p>艰难危险，重险重陷；事多困阻，谨慎行事。</p>\n<p>得此卦者，运气不佳，多难危险，事多困阻，宜谨言慎行，退守保安。</p>\n<p>台湾国学大儒傅佩荣解</p>\n<p>时运：逐步升迁，随时防患。</p>\n<p>财运：财如流水，商运亨通。</p>\n<p>家宅：邻居营造；亲上加亲。</p>\n<p>身体：水泻之症，虔心祷告。</p>\n<p>传统解卦</p>\n<p>这个卦是同卦（下坎上坎）相叠。坎为水、为险，两坎相重，险上加险，险阻重重。一阳陷二阴。所幸阴虚阳实，诚信可豁然贯通。虽险难重重，却方能显人性光彩。</p>\n<p>大象：两水重叠，坎水为险，进固险，退亦险，进退两难。</p>\n<p>运势：危机重重，宜沉著应付，保持心境开朗，凡事莫与人争。</p>\n<p>事业：陷入重重艰难险阻之中，险况丛生。既不得冒险，也不可束手待毙，应以积极态度，努力创造条件，改变处境，化险为夷。务必实心实意，充满信心，不图侥幸，不辞艰险，宜静观待变，运用智慧，突破险境，转危为安。</p>\n<p>经商：十分不利，甚至陷入面临破产的境地，但内心应沉着踏实，保持头脑冷静，身陷险境而心不陷，勿轻举妄动，先求自保以观变，把握时机以脱险。</p>\n<p>求名：不为他人理解，怀才不遇，千万不可自暴自弃。不改初衷，泰然自若，循序渐进，终可为人理解和发现。</p>\n<p>婚恋：多遭不利，应冷静分析原因，积极改变自身条件。双方同舟共济，共渡难关。</p>\n<p>决策：不幸。然而是转运前的考验。只要能不因困境而失常，且不图侥幸，保持信心，勿自陷险境。镇定自若，不轻举妄动，洞察时机，必可转危为安，成出险之功。</p>\n<p>第二十九卦的哲学含义</p>\n<p>坎卦卦象，坎为水卦的象征意义</p>\n<p>坎为水，《易经》中坎卦的符号为“”。这个符号的产生，是由于古人观望滔滔的江河，见中流强劲有力，像射出的箭一样，并向两边撞开一道道或缓或急的波汶和水流，于是以“一”象征中流，以“一”象征涌向两边的支流或波纹，合在一起，便形成了“”这一符号，以象征水。</p>\n<p>坎卦除了象征水之外，还代表着月亮。</p>\n<p>坎卦表示艰难、险阻的状态。</p>\n<p>六四十卦之中的坎卦，这个卦是两个坎卦相叠。坎为水、为险，两坎相重，</p>\n<p>险上加险，险阻重重。一阳陷二阴。所幸阴虚阳实，诚信可豁然贯通。虽险难重重，却方能显人性光彩。</p>\n<p>坎卦位于大过卦之后，《序卦》之中说道：“物不可以终过，故受之以坎。</p>\n<p>坎者，陷也。”大过卦有行动过当之意，如果行动过当，就会陷入危险之中，所以接下来谈坎卦。</p>\n<p>《象》中这样解释坎卦：水洧至，习坎；君子以常德行，习教事。</p>\n<p>《象》中指出：坎卦的卦象是坎（水）下坎（水）上，为水流之表象。流水相继而至、潮涌而来，必须充满前方无数极深的陷坑才能继续向前，所以象征重重的艰险困难；君子因此应当坚持不懈地努力，反复不间断地推进教育事业。</p>\n<p>坎卦启示了行险用险的道理，属于下下卦。《象》中这样来断此卦：一轮明月照水中，只见影儿不见踪，愚夫当财下去取，摸来摸去一场空。</p>\n<p>此卦名为坎。《说文》中说：“坎，陷也。”可见坎的本义是指坑与穴。但是这种地方正是水的居留之地，“水就下，处卑下之地”，所以坎也代表水。事物不可能永远是顺利地得以通过，总会有坎坷阻挡，所以大过之后便是坎卦。这就是《序卦传》中所说的：“物不可以终过，故受之以坎”。正因为这样，坎卦也含义险阻的含义。</p>\n<p>卦画：坎卦的卦画是四个阴爻两个阳爻，两个阳爻分别位于上下卦之中。</p>\n<p>卦象：从卦象上分析，坎卦是两个三爻坎卦重叠而成，象征一个陷阱接着一个陷阱，一个险阻接着一个险阻，一个险难接着一个险难，大水泛滥，灾难重重，缕遭坎坷。上卦的坎可代表天上的水，即雨、露、霜、雪、云、雾等，也代表外面来的灾难；下卦的坎可代表地中的水，即河、海、泉、湖、泊等，也代表内部引发的灾难。总之坎卦是内忧外患，险难不绝。</p>",
    "title": "初九爻",
    "content": "<p>初六爻辞</p><p>初六。习坎，入于坎窞。凶。</p><p>象曰：习坎入坎，失道凶也。</p><p>白话文解释</p><p>初六：坎坑之中又有坎坑，陷入重坑之中，凶险。</p><p>《象辞》说：“坎坑之中又有坎坑，陷入重坑当中”，不行坦途，偏要走险道，必招致灾殃。</p><p>北宋易学家邵雍解</p><p>凶：得此爻者，时运不佳，宜防跌入陷阱灾难之中。做官的须防小人。</p><p>台湾国学大儒傅佩荣解</p><p>时运：侥幸求名，反而受损。</p><p>财运：贩卖失利，有去无回。</p><p>家宅：不安之屋；婚姻小心。</p><p>身体：求医失当，情况危急。</p><p>初六变卦</p><p>初六爻动变得周易第60卦：水泽节。这个卦是异卦（下兑上坎）相叠。兑为泽，坎为水。泽有水而流有限，多必溢于泽外。因此要有节度，故称节。节卦与涣卦相反，互为综卦，交相使用。天地有节度才能常新，国家有节度才能安稳，个人有节度才能完美。</p><p>初九爻的哲学含义</p><p>坎卦第一爻，爻辞：初六：习坎，入于坎窖，凶。爻辞释义</p><p>习坎，我们知道，是双坎之下。“窖”是指坎中的小坑，深坑，也泛指洞穴。“入于坎窖”就是指掉进了坎中之坎。初六为阴爻居于刚位，这就属于失位，而它上面是阳，本身柔弱又无上无援，此为失道，所以为凶。</p><p>爻辞的解释就是：初六，在重重险阻之中，掉入陷阱。有凶祸。</p><p>《象》中这样说道：“习坎入坎”，失道“凶”也。这句话的意思是说：在双重危险之中又遇到危险，在行为上失掉正道，必然要遭受凶险。</p><p>这一爻一是劝人不要在重重危险之中视而不见，如果继续一意孤行，将会失掉朋友的帮助而陷入更大的困难之中。另一方面，还劝人走正道，如果不走平坦之路，偏走险道，必招致凶险。</p><p>占得此卦者，若是以前有违法犯罪的前科，虽被带进公安局或被拘留了却还是不知悔改，这一次就非常严重了，恐怕是大拘留或判刑了。有道是，“天作孽，犹可违，人作孽，不可活”。祸咎自取，可让人感叹，不可让人原谅。</p><p>初六阴爻居于阳位，又处于险难的最深处，与六四不应而敌，所以有陷入险难中不能自拔的形象。所以凶险。</p>",
    "bgtitle": "水泽节",
    "bgcontent": "这个卦是异卦（下兑上坎）相叠。兑为泽，坎为水。泽有水而流有限，多必溢于泽外。因此要有节度，故称节。节卦与涣卦相反，互为综卦，交相使用。天地有节度才能常新，国家有节度才能安稳，个人有节度才能完美。"
}