{
    "gname": "坎为水",
    "gcontent": "<p>周易第二十九卦详解</p>\n<p>坎卦原文</p>\n<p>坎。习坎，有孚，维心亨，行有尚。</p>\n<p>象曰：水洊至，习坎。君子以常德行，习教事。</p>\n<p>白话文解释</p>\n<p>习坎卦：抓获俘虏，劝慰安抚他们，通泰。途中将得到帮助。</p>\n<p>《象辞》说：坎为永，水长流不滞，是坎卦的卦象。君子观此卦象，从而尊尚德行，取法于细水长流之象，学习教化人民的方法。</p>\n<p>《断易天机》解</p>\n<p>坎卦坎上坎下，为坎宫本位卦。坎为陷入、陷阱，为险难之境。此时应坚持信心，才能豁然贯通。</p>\n<p>北宋易学家邵雍解</p>\n<p>艰难危险，重险重陷；事多困阻，谨慎行事。</p>\n<p>得此卦者，运气不佳，多难危险，事多困阻，宜谨言慎行，退守保安。</p>\n<p>台湾国学大儒傅佩荣解</p>\n<p>时运：逐步升迁，随时防患。</p>\n<p>财运：财如流水，商运亨通。</p>\n<p>家宅：邻居营造；亲上加亲。</p>\n<p>身体：水泻之症，虔心祷告。</p>\n<p>传统解卦</p>\n<p>这个卦是同卦（下坎上坎）相叠。坎为水、为险，两坎相重，险上加险，险阻重重。一阳陷二阴。所幸阴虚阳实，诚信可豁然贯通。虽险难重重，却方能显人性光彩。</p>\n<p>大象：两水重叠，坎水为险，进固险，退亦险，进退两难。</p>\n<p>运势：危机重重，宜沉著应付，保持心境开朗，凡事莫与人争。</p>\n<p>事业：陷入重重艰难险阻之中，险况丛生。既不得冒险，也不可束手待毙，应以积极态度，努力创造条件，改变处境，化险为夷。务必实心实意，充满信心，不图侥幸，不辞艰险，宜静观待变，运用智慧，突破险境，转危为安。</p>\n<p>经商：十分不利，甚至陷入面临破产的境地，但内心应沉着踏实，保持头脑冷静，身陷险境而心不陷，勿轻举妄动，先求自保以观变，把握时机以脱险。</p>\n<p>求名：不为他人理解，怀才不遇，千万不可自暴自弃。不改初衷，泰然自若，循序渐进，终可为人理解和发现。</p>\n<p>婚恋：多遭不利，应冷静分析原因，积极改变自身条件。双方同舟共济，共渡难关。</p>\n<p>决策：不幸。然而是转运前的考验。只要能不因困境而失常，且不图侥幸，保持信心，勿自陷险境。镇定自若，不轻举妄动，洞察时机，必可转危为安，成出险之功。</p>\n<p>第二十九卦的哲学含义</p>\n<p>坎卦卦象，坎为水卦的象征意义</p>\n<p>坎为水，《易经》中坎卦的符号为“”。这个符号的产生，是由于古人观望滔滔的江河，见中流强劲有力，像射出的箭一样，并向两边撞开一道道或缓或急的波汶和水流，于是以“一”象征中流，以“一”象征涌向两边的支流或波纹，合在一起，便形成了“”这一符号，以象征水。</p>\n<p>坎卦除了象征水之外，还代表着月亮。</p>\n<p>坎卦表示艰难、险阻的状态。</p>\n<p>六四十卦之中的坎卦，这个卦是两个坎卦相叠。坎为水、为险，两坎相重，</p>\n<p>险上加险，险阻重重。一阳陷二阴。所幸阴虚阳实，诚信可豁然贯通。虽险难重重，却方能显人性光彩。</p>\n<p>坎卦位于大过卦之后，《序卦》之中说道：“物不可以终过，故受之以坎。</p>\n<p>坎者，陷也。”大过卦有行动过当之意，如果行动过当，就会陷入危险之中，所以接下来谈坎卦。</p>\n<p>《象》中这样解释坎卦：水洧至，习坎；君子以常德行，习教事。</p>\n<p>《象》中指出：坎卦的卦象是坎（水）下坎（水）上，为水流之表象。流水相继而至、潮涌而来，必须充满前方无数极深的陷坑才能继续向前，所以象征重重的艰险困难；君子因此应当坚持不懈地努力，反复不间断地推进教育事业。</p>\n<p>坎卦启示了行险用险的道理，属于下下卦。《象》中这样来断此卦：一轮明月照水中，只见影儿不见踪，愚夫当财下去取，摸来摸去一场空。</p>\n<p>此卦名为坎。《说文》中说：“坎，陷也。”可见坎的本义是指坑与穴。但是这种地方正是水的居留之地，“水就下，处卑下之地”，所以坎也代表水。事物不可能永远是顺利地得以通过，总会有坎坷阻挡，所以大过之后便是坎卦。这就是《序卦传》中所说的：“物不可以终过，故受之以坎”。正因为这样，坎卦也含义险阻的含义。</p>\n<p>卦画：坎卦的卦画是四个阴爻两个阳爻，两个阳爻分别位于上下卦之中。</p>\n<p>卦象：从卦象上分析，坎卦是两个三爻坎卦重叠而成，象征一个陷阱接着一个陷阱，一个险阻接着一个险阻，一个险难接着一个险难，大水泛滥，灾难重重，缕遭坎坷。上卦的坎可代表天上的水，即雨、露、霜、雪、云、雾等，也代表外面来的灾难；下卦的坎可代表地中的水，即河、海、泉、湖、泊等，也代表内部引发的灾难。总之坎卦是内忧外患，险难不绝。</p>",
    "title": "九二爻",
    "content": "<p>九二爻辞</p><p>九二。坎有险，求小得。</p><p>象曰：求小得，未出中也。</p><p>白话文解释</p><p>九二：坑坑坎坎，道有险阻。敢于行险道，或小有收获。</p><p>《象辞》说：敢于行险道，或小有收获，因为九二之爻居下卦的中位，像人尚未偏离正道。</p><p>北宋易学家邵雍解</p><p>平：得此爻者，有小成就，女命或为侍妾，凶者防险难或生心腹血气之疾。做官的会有小的成就，大事不成。</p><p>台湾国学大儒傅佩荣解</p><p>时运：小试有利，不可图大。</p><p>财运：小心经营，可有小利。</p><p>家宅：防止河岸。</p><p>身体：医治有效，但难全好。</p><p>九二变卦</p><p>九二爻动变得周易第8卦：水地比。这个卦是异卦（下坤上坎）相叠，坤为地，坎为水。水附大地，地纳河海，相互依赖，亲密无间。此卦与师卦完全相反，互为综卦。它阐述的是相亲相辅，宽宏无私，精诚团结的道理。</p><p>九二爻</p><p>的哲学含义</p><p>坎卦第二爻，爻辞：九二：坎有险，求小得。爻辞释义</p><p>本爻辞的意思是：坎陷中出现险阻，求取小事情会有收获。</p><p>九二爻以阳爻居于阴位，失位，且处于下坎之中，难免遇到险阻。不过，它有初六来承比，是求小而有所得。九二居中，但是也陷于二阴爻之中间，上无应</p><p>援，所以未能离开困境，只能“求小得”，而无法求大得</p><p>占得此卦者，可注意从小处入手。在困境重重的时刻，如果你想投资做生意，只适合谋求小的利益，不要太贪心。如果遇到困难，也要注意从小处谋求脱险，这样才能成功。当发现自己处于危险的境地之时，不要逞一时之勇去拼，不要硬碰硬，而要小心谨慎，不走极端，这样就不会造成大的损失。</p><p>九二：坎有险，求小得。象曰：求小得，未出中也。</p><p>经文意思是：坎中有险，小的要求会得到满足</p><p>象辞意思是：小的要求会得到满足，是还没有从险中走出来</p><p>九二阳爻居于偶位为不得位，可是他能够居中，又有上下两个阴爻相辅助，所以会得到小的利益。可是为什么没有大的收获呢？因为三个爻同处于险难之中，初六与六三保住自己已经很困难，自然不会对九二有很大的帮助，并且九二与九五不应而相敌，所以只能得到小的利益。而这种利益也不过是两个阴爻能够舍己救主而已。</p>",
    "bgtitle": "水地比",
    "bgcontent": "这个卦是异卦（下坤上坎）相叠，坤为地，坎为水。水附大地，地纳河海，相互依赖，亲密无间。此卦与师卦完全相反，互为综卦。它阐述的是相亲相辅，宽宏无私，精诚团结的道理。"
}