{
    "gname": "水山蹇",
    "gcontent": "<p>周易第三十九卦详解</p>\n<p>蹇卦原文</p>\n<p>蹇。利西南，不利东北。利见大人，贞吉。</p>\n<p>象曰：山上有水，蹇。君子以反身修德。</p>\n<p>白话文解释</p>\n<p>蹇卦：筮遇此卦，利西南行，不利东北行。利见贵族王公，获吉祥之兆。</p>\n<p>《象辞》说：上卦为坎，坎为水；下卦为艮，艮为山，山石磷峋，水流曲折，是蹇卦的卦象。君子观此卦象，悟行道之不易，从而反求诸己，修养德行。</p>\n<p>《断易天机》解</p>\n<p>蹇卦坎上艮下，为兑宫四世卦。此卦利于向西南方向行，不利于向东北方向，又利见大人。</p>\n<p>北宋易学家邵雍解</p>\n<p>踏步难行，艰辛万苦；进退维谷，容忍待时。</p>\n<p>得此卦者，身心忧苦，举步维艰，宜守正道，不可妄动，涉险境者会有灾难。</p>\n<p>台湾国学大儒傅佩荣解</p>\n<p>时运：处于艰困，更加奋勉。</p>\n<p>财运：财不流通，难以得利。</p>\n<p>家宅：防水冲损；婚姻有悔。</p>\n<p>身体：足部有疾，小心保养。</p>\n<p>传统解卦</p>\n<p>这个卦是异卦（下艮上坎）相叠。坎为水，艮为山。山高水深，困难重重，人生险阻，见险而止，明哲保身，可谓智慧。蹇，跋行艰难。</p>\n<p>大象：前路险陷，后有高山，进退维谷，如跛者举步为艰。</p>\n<p>运势：多灾多难，进退两难，此时宜守正道，不可轻举妄动，动反招祸。</p>\n<p>事业：诸事开头难，坚持下去，会有好的结果。人生不易，首先得求助自己，修德养性。志高自信，奋勇进取。逢到困难，得求友人相助，行动不可冒险，要以柔克刚，待机候时，量力而行。</p>\n<p>经商：逐步起业，冒险行事，自寻苦恼。宜加强商业道德，真诚同他人合作，陷入困境时，不得见死不救，而应奋不顾身。联合行动，可活跃于市场竞争之中。</p>\n<p>求名：循序渐进，加强自身修道。居静观动，待变，伺机而动，能进则进。内心坦然，不可为追逐名利而冒险。与贤能结合，追随高人，必能转危为安。</p>\n<p>婚恋：不很顺利，不得急，宜慎重选择。但应有自知之明。</p>\n<p>决策：艰难不利。但可视为考验。奋进向前，充满信心，切勿自寻苦恼，交结贤人，相互帮助，坚守中正之道，可遇难呈祥，结得善果。</p>\n<p>第三十九卦的哲学含义</p>\n<p>蹇卦，这个卦是异卦相叠，下卦为艮，上卦为坎。坎为水，艮为山。山高水深，困难重重，人生险阻，见险而止，明哲保身，可谓智慧。</p>\n<p>蹇，是指跋行艰难。蹇卦位于睽卦之后，《序卦》解释说：“乖必有难，故受之以蹇。蹇者，难也。”在睽卦的乖离之后，一定会出现艰难险阻，这正是蹇卦的用意。</p>\n<p>《象》中这样解释本卦：山上有水，蹇；君子以反身修德。</p>\n<p>《象》中指出：蹇卦的卦象是（山）下坎（水）上，为高山上积水之表象，象征艰难险阻，行动困难。面对这种情况，君子应该很好地反省自己，提高自己的品德修养，通过自身的努力渡过困境。</p>\n<p>蹇卦象征陷入困境，难以前进，属于下下卦。《象》中这样来断此卦：大雨倾地雪满天，路上行人苦又寒，拖泥带水费尽力，事不遂心且耐烦。</p>",
    "title": "九二爻",
    "content": "<p>六二爻辞</p><p>六二。王臣蹇蹇，匪躬之故。</p><p>象曰：王臣蹇蹇，终无尤也。</p><p>白话文解释</p><p>六二：王臣之所以屡犯艰难，并不是为自身私利。</p><p>《象辞》说：王臣出以公心屡犯艰难，其自身始终没有过失。</p><p>北宋易学家邵雍解</p><p>凶：得此爻者，涉艰历险，营谋有阻。做官的宜保持忠贞，报效国家。</p><p>台湾国学大儒傅佩荣解</p><p>时运：劳碌不已，避开险难。</p><p>财运：中途受阻，人财两失。</p><p>家宅：方向不利；夫恐有难。</p><p>身体：过劳之厄。</p><p>六二变卦</p><p>六二爻动变得周易第48卦：水风井。这个卦是异卦（下巽上坎）相叠。坎为水；巽为木。树木得水而蓬勃生长。人靠水井生活，水井由人挖掘而成。相互为养，井以水养人，经久不竭，人应取此德而勤劳自勉。</p><p>九二爻</p><p>的哲学含义</p><p>蹇卦第二爻，爻辞：六二：王臣蹇蹇，匪躬之故。爻辞释义</p><p>王：指九五爻。臣：指六二爻。蹇蹇：济蹇之时又遇蹇难，指想帮助别人渡度险阻，没想到也遇到了险阻。匪：同非。躬：自身。</p><p>本爻辞的意思是：臣子为了解救君王的困境努力奔走在危难之中，他们并不是为了自己。</p><p>从卦象上看，六二属于阴爻居柔位，居中守正，具有忠诚柔顺的特性，但是明显资质柔弱，才力不足。其与本卦的君王九五爻正应，对其可谓是忠心耿耿。九五陷于蹇难之中，六二奋力出手相助，其并不具备济蹇的条件，这一出手相助，使自己陷入了险阻之中。但是其深知这不是为了自己，而是为了匡救王室，因此虽赴汤蹈火，也在所不辞。</p><p>《象》中对此爻的解释是：“王臣蹇蹇”，终无尤也。这时指出：“臣子为了解救君主的困境而努力奔走在危难之中”，终究不会受到责怪。</p><p>虽然六二并不具备解救君王的能力，但是这种品质还是值得钦佩的。他没有私身远害，明哲保身，而是为了社稷宁愿赴汤蹈火，奔走济难，即使失败了，也不会被人责怪，当然，也不会自责。</p><p>占得此爻者，在不能前进的时候，任劳任怨地做好手边的工作。发现领导或上级遇到麻烦，要尽自己所能前去帮助，不要害怕能力不足而畏缩不前，前去行动，不会受到责难的。</p><p>六二爻居中而得正，所以具有中正之德，与他相应的是九五爻，九五爻也居中‘为臣，六二与九五都具有中正之德，所以不会犯任何错误，然而却险难重重，这险难来自于哪里呢？从卦象上看，九五处于上卦坎的中位，坎为险为难，所以有身陷险难之中的含义；六二爻为下互卦坎卦的下爻，所以也有身临险境的含义。可是这些灾难不是自己的错误导致的，所以最终不会有过失</p>",
    "bgtitle": "水风井",
    "bgcontent": "这个卦是异卦（下巽上坎）相叠。坎为水；巽为木。树木得水而蓬勃生长。人靠水井生活，水井由人挖掘而成。相互为养，井以水养人，经久不竭，人应取此德而勤劳自勉。"
}