{
    "gname": "水山蹇",
    "gcontent": "<p>周易第三十九卦详解</p>\n<p>蹇卦原文</p>\n<p>蹇。利西南，不利东北。利见大人，贞吉。</p>\n<p>象曰：山上有水，蹇。君子以反身修德。</p>\n<p>白话文解释</p>\n<p>蹇卦：筮遇此卦，利西南行，不利东北行。利见贵族王公，获吉祥之兆。</p>\n<p>《象辞》说：上卦为坎，坎为水；下卦为艮，艮为山，山石磷峋，水流曲折，是蹇卦的卦象。君子观此卦象，悟行道之不易，从而反求诸己，修养德行。</p>\n<p>《断易天机》解</p>\n<p>蹇卦坎上艮下，为兑宫四世卦。此卦利于向西南方向行，不利于向东北方向，又利见大人。</p>\n<p>北宋易学家邵雍解</p>\n<p>踏步难行，艰辛万苦；进退维谷，容忍待时。</p>\n<p>得此卦者，身心忧苦，举步维艰，宜守正道，不可妄动，涉险境者会有灾难。</p>\n<p>台湾国学大儒傅佩荣解</p>\n<p>时运：处于艰困，更加奋勉。</p>\n<p>财运：财不流通，难以得利。</p>\n<p>家宅：防水冲损；婚姻有悔。</p>\n<p>身体：足部有疾，小心保养。</p>\n<p>传统解卦</p>\n<p>这个卦是异卦（下艮上坎）相叠。坎为水，艮为山。山高水深，困难重重，人生险阻，见险而止，明哲保身，可谓智慧。蹇，跋行艰难。</p>\n<p>大象：前路险陷，后有高山，进退维谷，如跛者举步为艰。</p>\n<p>运势：多灾多难，进退两难，此时宜守正道，不可轻举妄动，动反招祸。</p>\n<p>事业：诸事开头难，坚持下去，会有好的结果。人生不易，首先得求助自己，修德养性。志高自信，奋勇进取。逢到困难，得求友人相助，行动不可冒险，要以柔克刚，待机候时，量力而行。</p>\n<p>经商：逐步起业，冒险行事，自寻苦恼。宜加强商业道德，真诚同他人合作，陷入困境时，不得见死不救，而应奋不顾身。联合行动，可活跃于市场竞争之中。</p>\n<p>求名：循序渐进，加强自身修道。居静观动，待变，伺机而动，能进则进。内心坦然，不可为追逐名利而冒险。与贤能结合，追随高人，必能转危为安。</p>\n<p>婚恋：不很顺利，不得急，宜慎重选择。但应有自知之明。</p>\n<p>决策：艰难不利。但可视为考验。奋进向前，充满信心，切勿自寻苦恼，交结贤人，相互帮助，坚守中正之道，可遇难呈祥，结得善果。</p>\n<p>第三十九卦的哲学含义</p>\n<p>蹇卦，这个卦是异卦相叠，下卦为艮，上卦为坎。坎为水，艮为山。山高水深，困难重重，人生险阻，见险而止，明哲保身，可谓智慧。</p>\n<p>蹇，是指跋行艰难。蹇卦位于睽卦之后，《序卦》解释说：“乖必有难，故受之以蹇。蹇者，难也。”在睽卦的乖离之后，一定会出现艰难险阻，这正是蹇卦的用意。</p>\n<p>《象》中这样解释本卦：山上有水，蹇；君子以反身修德。</p>\n<p>《象》中指出：蹇卦的卦象是（山）下坎（水）上，为高山上积水之表象，象征艰难险阻，行动困难。面对这种情况，君子应该很好地反省自己，提高自己的品德修养，通过自身的努力渡过困境。</p>\n<p>蹇卦象征陷入困境，难以前进，属于下下卦。《象》中这样来断此卦：大雨倾地雪满天，路上行人苦又寒，拖泥带水费尽力，事不遂心且耐烦。</p>",
    "title": "初九爻",
    "content": "<p>初六爻辞</p><p>初六。往蹇来誉。</p><p>象曰：往蹇来誉，宜待也。</p><p>白话文解释</p><p>初六：出门艰难，归来安适。</p><p>《象辞》说：出门艰难，归来安适，知难而退，坐待时机。</p><p>北宋易学家邵雍解</p><p>平：得此爻者，宜守旧安常。做官的稳步进取，好运将至。</p><p>台湾国学大儒傅佩荣解</p><p>时运：暂时退守，以待好运。</p><p>财运：不可冒险，守本为宜。</p><p>家宅：迁居不利；婚姻宜待。</p><p>身体：有病初起，退而自养。</p><p>初六变卦</p><p>初六爻动变得周易第63卦：水火既济。这个卦是异卦（下离上坎）相叠。坎为水，离为火，水火相交，水在火上，水势压倒火势，救火大功告成。既，已经；济，成也。既济就是事情已经成功，但终将发生变故。</p><p>初九爻的哲学含义</p><p>蹇卦第一爻，爻辞：初六：往蹇，来誉。爻辞释义</p><p>往：是指前往。来：是指回来。</p><p>本爻辞的意思是：前进将会进入险境，后退将得到赞美。</p><p>初六这一爻辞给的启示就是：势弱力柔，应见险而止，等待时机。</p><p>初六处蹇卦的开始，以阴爻居卑位，柔弱不正，位处下艮止卦之初，往前必将陷入上卦坎险中，是为“往蹇”。若能识时退处，见险而止，就能获得赞誉。</p><p>《象》中这样解释本爻：“往蹇来誉”，宜待也。这里指出：“前进将会进入险境，后退将得到赞美”，处在这种情况下，最好是安心等待，寻找时机，不要轻举妄动。</p><p>占得此爻者，如果你意识到前进有困难，暂时返回来等待，不失为一种明智的选择。</p><p>象辞意思是：前往遇险，回来有荣誉，这是说明应当等待时机。</p><p>初六身为蹇卦的最下爻，又是柔爻居于奇位为不得位，所以他没有力量跨越险阻。初六与九四相应，九四正是上卦坎卦的下爻，即险阻的边缘，也就是说初六虽然没有跨越险阻的能力，但是他的预见能力很强，所以还没有到危险的边缘，便知险而退。这种后退使自己减少了损失，自然会受到人们的赞誉。在现实生活中，我们经常会看到一些胆子小的人，这种人其实也有优点，就是能够及早预感到危险而做到防患未然，使自己不受损失。</p>",
    "bgtitle": "水火既济",
    "bgcontent": "这个卦是异卦（下离上坎）相叠。坎为水，离为火，水火相交，水在火上，水势压倒火势，救火大功告成。既，已经；济，成也。既济就是事情已经成功，但终将发生变故。"
}