{
    "gname": "水山蹇",
    "gcontent": "<p>周易第三十九卦详解</p>\n<p>蹇卦原文</p>\n<p>蹇。利西南，不利东北。利见大人，贞吉。</p>\n<p>象曰：山上有水，蹇。君子以反身修德。</p>\n<p>白话文解释</p>\n<p>蹇卦：筮遇此卦，利西南行，不利东北行。利见贵族王公，获吉祥之兆。</p>\n<p>《象辞》说：上卦为坎，坎为水；下卦为艮，艮为山，山石磷峋，水流曲折，是蹇卦的卦象。君子观此卦象，悟行道之不易，从而反求诸己，修养德行。</p>\n<p>《断易天机》解</p>\n<p>蹇卦坎上艮下，为兑宫四世卦。此卦利于向西南方向行，不利于向东北方向，又利见大人。</p>\n<p>北宋易学家邵雍解</p>\n<p>踏步难行，艰辛万苦；进退维谷，容忍待时。</p>\n<p>得此卦者，身心忧苦，举步维艰，宜守正道，不可妄动，涉险境者会有灾难。</p>\n<p>台湾国学大儒傅佩荣解</p>\n<p>时运：处于艰困，更加奋勉。</p>\n<p>财运：财不流通，难以得利。</p>\n<p>家宅：防水冲损；婚姻有悔。</p>\n<p>身体：足部有疾，小心保养。</p>\n<p>传统解卦</p>\n<p>这个卦是异卦（下艮上坎）相叠。坎为水，艮为山。山高水深，困难重重，人生险阻，见险而止，明哲保身，可谓智慧。蹇，跋行艰难。</p>\n<p>大象：前路险陷，后有高山，进退维谷，如跛者举步为艰。</p>\n<p>运势：多灾多难，进退两难，此时宜守正道，不可轻举妄动，动反招祸。</p>\n<p>事业：诸事开头难，坚持下去，会有好的结果。人生不易，首先得求助自己，修德养性。志高自信，奋勇进取。逢到困难，得求友人相助，行动不可冒险，要以柔克刚，待机候时，量力而行。</p>\n<p>经商：逐步起业，冒险行事，自寻苦恼。宜加强商业道德，真诚同他人合作，陷入困境时，不得见死不救，而应奋不顾身。联合行动，可活跃于市场竞争之中。</p>\n<p>求名：循序渐进，加强自身修道。居静观动，待变，伺机而动，能进则进。内心坦然，不可为追逐名利而冒险。与贤能结合，追随高人，必能转危为安。</p>\n<p>婚恋：不很顺利，不得急，宜慎重选择。但应有自知之明。</p>\n<p>决策：艰难不利。但可视为考验。奋进向前，充满信心，切勿自寻苦恼，交结贤人，相互帮助，坚守中正之道，可遇难呈祥，结得善果。</p>\n<p>第三十九卦的哲学含义</p>\n<p>蹇卦，这个卦是异卦相叠，下卦为艮，上卦为坎。坎为水，艮为山。山高水深，困难重重，人生险阻，见险而止，明哲保身，可谓智慧。</p>\n<p>蹇，是指跋行艰难。蹇卦位于睽卦之后，《序卦》解释说：“乖必有难，故受之以蹇。蹇者，难也。”在睽卦的乖离之后，一定会出现艰难险阻，这正是蹇卦的用意。</p>\n<p>《象》中这样解释本卦：山上有水，蹇；君子以反身修德。</p>\n<p>《象》中指出：蹇卦的卦象是（山）下坎（水）上，为高山上积水之表象，象征艰难险阻，行动困难。面对这种情况，君子应该很好地反省自己，提高自己的品德修养，通过自身的努力渡过困境。</p>\n<p>蹇卦象征陷入困境，难以前进，属于下下卦。《象》中这样来断此卦：大雨倾地雪满天，路上行人苦又寒，拖泥带水费尽力，事不遂心且耐烦。</p>",
    "title": "上九爻",
    "content": "<p>上六爻辞</p><p>上六。往蹇来硕，吉。利见大人。</p><p>象曰：往蹇来硕，志在内也；利见大人，以从贵也。</p><p>白话文解释</p><p>上六：出门困难重重，归来欢喜跳跃。筮遇此爻，吉利，利于会见贵族王公。</p><p>《象辞》说：出门困难重重，归来欢喜跳跃，说明志气高昂，奋勇取胜。爻辞说：利于会见贵族王公，说明追随贵人，必获福利。</p><p>北宋易学家邵雍解</p><p>吉：得此爻者，好运来到，营谋遂意。做官的会身居要职，读书人进取成名。</p><p>台湾国学大儒傅佩荣解</p><p>时运：大运将至，名利皆实。</p><p>财运：货价高涨，保本获利。</p><p>家宅：贵人相助；婚姻主贵。</p><p>身体：良医出手。</p><p>上六变卦</p><p>上六爻动变得周易第53卦：风山渐。这个卦是异卦（下艮上巽）相叠。艮为山，巽为木。山上有木，逐渐成长，山也随着增高。这是逐渐进步的过程，所以称渐，渐即进，渐渐前进而不急速。</p><p>上九爻</p><p>的哲学含义</p><p>蹇卦第六爻，爻辞：上六：往蹇，来硕；吉；利见大人。爻辞释义。硕：丰硕。</p><p>本爻辞的意思是：前进有险阻，归来获丰收。这样做就会吉祥如意；有利于出现大人物。</p><p>上六以柔爻居阴位，且处全卦之极，不可能再往前了，若硬往前行非但无益，反而更生蹇难，如果归来，联合九三，归顺九五，有这两刚相助，济蹇之大功即可告成，所以爻辞说“来硕”。六爻的蹇难就全部得以解脱，所以得“吉”。</p><p>《象》中这样分析本爻：“往蹇来硕”，志在内也；“利见大人”，以从贵也。这里指出：“前进有险阻，归来获丰收”，是因为关鍵在于首先要联合自己内部的各种力量才能够共同度过艰难时世。“利于出现大人物”，说明应当追随尊贵的君主去建功立业。</p><p>占得此爻者，可能在前进时遇到困难，事业到了绝路上，这时人不妨退下来，可能会有意想不到的收获。下一步，你要结交朋友，然后去求见有影响力的大人物，会得到他们的帮助而走出难关。</p><p>上六：往蹇来硕，吉；利见大人。</p><p>象曰：往蹇来硕，志在内也。利见大人，以从贵也。</p><p>经文意思是：前往遇到险阻，回来有大功劳，吉祥，有利于拜见大人物。</p><p>象辞意思是：前往遇到险阻，回来有大功劳，是上六爻与大家齐心协力的结果。有利于拜见大人物，说明上六爻跟随尊贵的君主。</p><p>上六处于艰险的极至上，他的险难不是山川险阻之难，而是穷途末路、无处可走的险难。怎么办呢？只有退回来，退回来与众人一起渡过眼前的险难。上六与九三相应，与九五相合，所以他有回来的意愿。他回转后便可与九五相合，所以“利见大人”。上六的吉祥就在于能够在无路可走的情况下退回来。这就好比一个部落中发生了水灾，上六从水灾中逃了出来，可是他却发现前面虽然没有水的灾害，但是却无路可走了。在这种情况下，他又回到了灾区，与大家团结在一起，共同抵抗灾害。俗话说“人多力量大，人心齐泰山移”，上六的回来增添了抗灾的力量，当然会吉祥了。</p>",
    "bgtitle": "风山渐",
    "bgcontent": "这个卦是异卦（下艮上巽）相叠。艮为山，巽为木。山上有木，逐渐成长，山也随着增高。这是逐渐进步的过程，所以称渐，渐即进，渐渐前进而不急速。"
}