{
    "gname": "水山蹇",
    "gcontent": "<p>周易第三十九卦详解</p>\n<p>蹇卦原文</p>\n<p>蹇。利西南，不利东北。利见大人，贞吉。</p>\n<p>象曰：山上有水，蹇。君子以反身修德。</p>\n<p>白话文解释</p>\n<p>蹇卦：筮遇此卦，利西南行，不利东北行。利见贵族王公，获吉祥之兆。</p>\n<p>《象辞》说：上卦为坎，坎为水；下卦为艮，艮为山，山石磷峋，水流曲折，是蹇卦的卦象。君子观此卦象，悟行道之不易，从而反求诸己，修养德行。</p>\n<p>《断易天机》解</p>\n<p>蹇卦坎上艮下，为兑宫四世卦。此卦利于向西南方向行，不利于向东北方向，又利见大人。</p>\n<p>北宋易学家邵雍解</p>\n<p>踏步难行，艰辛万苦；进退维谷，容忍待时。</p>\n<p>得此卦者，身心忧苦，举步维艰，宜守正道，不可妄动，涉险境者会有灾难。</p>\n<p>台湾国学大儒傅佩荣解</p>\n<p>时运：处于艰困，更加奋勉。</p>\n<p>财运：财不流通，难以得利。</p>\n<p>家宅：防水冲损；婚姻有悔。</p>\n<p>身体：足部有疾，小心保养。</p>\n<p>传统解卦</p>\n<p>这个卦是异卦（下艮上坎）相叠。坎为水，艮为山。山高水深，困难重重，人生险阻，见险而止，明哲保身，可谓智慧。蹇，跋行艰难。</p>\n<p>大象：前路险陷，后有高山，进退维谷，如跛者举步为艰。</p>\n<p>运势：多灾多难，进退两难，此时宜守正道，不可轻举妄动，动反招祸。</p>\n<p>事业：诸事开头难，坚持下去，会有好的结果。人生不易，首先得求助自己，修德养性。志高自信，奋勇进取。逢到困难，得求友人相助，行动不可冒险，要以柔克刚，待机候时，量力而行。</p>\n<p>经商：逐步起业，冒险行事，自寻苦恼。宜加强商业道德，真诚同他人合作，陷入困境时，不得见死不救，而应奋不顾身。联合行动，可活跃于市场竞争之中。</p>\n<p>求名：循序渐进，加强自身修道。居静观动，待变，伺机而动，能进则进。内心坦然，不可为追逐名利而冒险。与贤能结合，追随高人，必能转危为安。</p>\n<p>婚恋：不很顺利，不得急，宜慎重选择。但应有自知之明。</p>\n<p>决策：艰难不利。但可视为考验。奋进向前，充满信心，切勿自寻苦恼，交结贤人，相互帮助，坚守中正之道，可遇难呈祥，结得善果。</p>\n<p>第三十九卦的哲学含义</p>\n<p>蹇卦，这个卦是异卦相叠，下卦为艮，上卦为坎。坎为水，艮为山。山高水深，困难重重，人生险阻，见险而止，明哲保身，可谓智慧。</p>\n<p>蹇，是指跋行艰难。蹇卦位于睽卦之后，《序卦》解释说：“乖必有难，故受之以蹇。蹇者，难也。”在睽卦的乖离之后，一定会出现艰难险阻，这正是蹇卦的用意。</p>\n<p>《象》中这样解释本卦：山上有水，蹇；君子以反身修德。</p>\n<p>《象》中指出：蹇卦的卦象是（山）下坎（水）上，为高山上积水之表象，象征艰难险阻，行动困难。面对这种情况，君子应该很好地反省自己，提高自己的品德修养，通过自身的努力渡过困境。</p>\n<p>蹇卦象征陷入困境，难以前进，属于下下卦。《象》中这样来断此卦：大雨倾地雪满天，路上行人苦又寒，拖泥带水费尽力，事不遂心且耐烦。</p>",
    "title": "九五爻",
    "content": "<p>九五爻辞</p><p>九五。大蹇朋来。</p><p>象曰：大蹇朋来，以中节也。</p><p>白话文解释</p><p>九五：经历了很多艰难困苦，终予获得大利。</p><p>《象辞》说：大难当前，得到友人相助，因为九五之爻居上卦中位，像人节操贞正自能获救。</p><p>北宋易学家邵雍解</p><p>吉：得此爻者，会得到贵人提举，无往不利。</p><p>台湾国学大儒傅佩荣解</p><p>时运：转危为安，另图发展。</p><p>财运：货物太多，不易脱手。</p><p>家宅：不宜居家。</p><p>身体：众医会诊，才可治好。</p><p>九五变卦</p><p>九五爻动变得周易第15卦：地山谦。这个卦是异卦（下艮上坤）相叠，艮为山，坤为地。地面有山，地卑（低）而山高，是为内高外低，比喻功高不自居，名高不自誉，位高不自傲。这就是谦。</p><p>九五爻</p><p>的哲学含义</p><p>蹇卦第五爻，爻辞：九五：大蹇，朋来。爻辞释义</p><p>朋：友朋，志同道合者。</p><p>本爻辞的意思是：处境极为艰难，但有志同道合者前来协助其渡过危难。</p><p>九五这一爻属于阳爻居刚位，居蹇卦上体坎险之中位，处在蹇难的深处，所以叫“大蹇”；这时有六二这样的臣子忠心耿耿地奔走济难。</p><p>《象》中这样分析道：“大蹇朋来”以中节也。这里指出：“处境极为艰难，但有志同道合者前来协助其渡过危难”，表明其能够坚守正道，行为合乎准则，所以有众多的人前来协助他。</p><p>从卦象上看，九五为阳爻且履中得正，有阳刚中正之德，故有解民倒悬、赴难济蹇的雄心壮志，身陷险难之中，不改济蹇之节，所以得到众多人的帮助。</p><p>占得此爻者，事业陷入极大的困境，但是在这种时候，也要坚守正道，不要采取违法或不合理的做法，这样就会有朋友前来相助。当你被困得进退不得的时候，只要你再坚持片刻，便会有朋友前来助你脱离险境。</p>",
    "bgtitle": "地山谦",
    "bgcontent": "这个卦是异卦（下艮上坤）相叠，艮为山，坤为地。地面有山，地卑（低）而山高，是为内高外低，比喻功高不自居，名高不自誉，位高不自傲。这就是谦。"
}