{
    "gname": "水地比",
    "gcontent": "<p>周易第八卦详解</p>\n<p>比卦原文</p>\n<p>比。吉。原筮，元永贞，无咎。不宁方来，后夫凶。</p>\n<p>象曰：地上有水，比。先王以建万国，亲诸侯。</p>\n<p>白话文解释</p>\n<p>比卦：吉利。同时再卜筮，仍然大吉大利。卜问长时期的吉凶，也没有灾祸。不愿臣服的邦国来朝，迟迟不来者有难。</p>\n<p>《象辞》说：下卦为坤，上卦为坎，坤为地，坎为水，像地上有水，这是比卦的卦象。先王观此卦象，取法于水附大地，地纳江河之象，封建万国，亲近诸侯。</p>\n<p>《断易天机》解</p>\n<p>比卦坎上坤下，为坤宫归魂卦。比为相亲相依附之意，长期如此，就会无咎，所以吉祥。</p>\n<p>北宋易学家邵雍解</p>\n<p>水行地上，亲比欢乐；人情亲顺，百事无忧。</p>\n<p>得此卦者，可获朋友之助，众人之力，谋事有成，荣显之极。</p>\n<p>台湾国学大儒傅佩荣解</p>\n<p>时运：众人相贺，荣显之极。</p>\n<p>财运：善人相扶，大发利市。</p>\n<p>家宅：百年好合。</p>\n<p>身体：心腹水肿，宜早求治。</p>\n<p>传统解卦</p>\n<p>这个卦是异卦（下坤上坎）相叠，坤为地，坎为水。水附大地，地纳河海，相互依赖，亲密无间。此卦与师卦完全相反，互为综卦。它阐述的是相亲相辅，宽宏无私，精诚团结的道理。</p>\n<p>大象：一阳统五阴，比邻相亲相辅，和乐之象。</p>\n<p>运势：平顺，可得贵人提拔，凡事宜速战速决，不可过份迟疑。</p>\n<p>事业：顺利能够成功，向前发展，可以得到他人的帮助和辅佐，以诚实、信任的态度去做事。待人宽厚、正直，主动热情，向才德高尚的人士学习，听取建议。</p>\n<p>经商：愿望能够实现，且有较丰厚的利润，但需要与他人密切合作，真诚交往，讲究商业道德，遵守信义，如唯利是图，贪心不足，或自以为是，会导致严重损失。</p>\n<p>求名：有成功的希望，不仅要靠个人的努力，更为重要的是他人的赏识和栽培。</p>\n<p>婚恋：美好姻缘，相亲相爱，彼此忠诚，白头到老。</p>\n<p>决策：心地善良，待人忠诚、厚道，乐于帮助他人，也能得到回报。工作勤恳，对自己要求严格，可以实现自己的理想，但要多动脑筋，多思考，善于判断是非，尤其要注意选择朋友，一旦结上品行不端的人，会成为自己的祸患。如果与比自己高明的人交朋友，并取得帮助，会终身受益。</p>\n<p>第八卦的哲学含义</p>\n<p>“比”，就其这一字本义是互相靠近，字形是两个人挨近一起，并列紧靠，如鱗次栉比。</p>\n<p>比，不但是指人与人的团结互助，也指国家与国家之间的关系，如《周礼夏官》形方氏中有“大国比小国”一语，说是大国亲近小国的意思。但作为《比》卦，实乃论述比邻以及论述用亲附和和征伐进行联盟之卦。</p>\n<p>比卦位于师卦之后，《序卦》中这样解释本卦：“众必有所比，故受之以比。”师是众人的意思，人多了一定会有所亲近，所以接着是比卦。《杂卦》说：“比乐师忧。”意为，比卦喜乐，师卦忧苦。</p>\n<p>《象》曰：地上有水，比。先王以建万国，亲诸侯。</p>\n<p>比卦上卦为坎为水， 下卦为坤为地，地上有水 便是比卦的卦象。水在大 地上慌动，泥土因为有了 水而湿润可以养育万物， 这就像君王巡视四方，恩 泽四方，群民与君王一条 心，共同辅佐君王，而君王 居安思危，能够严谨治国。可见，这一卦确实是充满了喜悦与欢乐的。</p>",
    "title": "九二爻",
    "content": "<p>六二爻辞</p><p>六二。比之自内，贞吉。</p><p>象曰：比之自内，不自失也。</p><p>白话文解释</p><p>六二：内部和睦团结，卜问得吉兆。</p><p>《象辞》说：内部和睦团结，就不会失掉民心。</p><p>北宋易学家邵雍解</p><p>吉：得此爻者，得贵人之助，营谋遂意。做官的会无过失，安然而吉亨。读书人或能成名。女命则会得贤夫。</p><p>台湾国学大儒傅佩荣解</p><p>时运：实至名归，自然吉祥。</p><p>财运：同心协力，获利可期。</p><p>家宅：亲上加亲。</p><p>身体：心平气和，疾病可愈。</p><p>六二变卦</p><p>六二爻动变得周易第29卦：坎为水。这个卦是同卦（下坎上坎）相叠。坎为水、为险，两坎相重，险上加险，险阻重重。一阳陷二阴。所幸阴虚阳实，诚信可豁然贯通。虽险难重重，却方能显人性光彩。</p><p>九二爻</p><p>的哲学含义</p><p>从卦象上看，六二爻处于下卦坤卦的正中，虽然生性柔弱，但是处于柔位，属于得位，是下卦之中的领导。由其阴爻和居中守正所决定，这个领导不会采取霸道的办法，而是带头和大家相亲相辅，然后做为下卦，又努力地与九五之位的君王亲附，这样的结果是很吉祥的。</p><p>占得此爻者，若是部门的领导，要团结整个部门，然后一心为整个公司或团体来效力。</p><p>得结交的朋友或是可依附的领导，那么不如留在家里与自己的内心对话，这样，就不会有损失。若是想结交或依附某个人，则一定要发自内心，保持纯正的动机，这样就会吉祥。</p><p>六二处于下卦的中部，得中又得位，又与九五相应，所以会吉祥。作为大夫级别的他能够槁好统治阶级内部的团结，并且坚守正道，一心辅佐九五的君王，所以不会有任何损失。</p>",
    "bgtitle": "坎为水",
    "bgcontent": ""
}