{
    "gname": "水地比",
    "gcontent": "<p>周易第八卦详解</p>\n<p>比卦原文</p>\n<p>比。吉。原筮，元永贞，无咎。不宁方来，后夫凶。</p>\n<p>象曰：地上有水，比。先王以建万国，亲诸侯。</p>\n<p>白话文解释</p>\n<p>比卦：吉利。同时再卜筮，仍然大吉大利。卜问长时期的吉凶，也没有灾祸。不愿臣服的邦国来朝，迟迟不来者有难。</p>\n<p>《象辞》说：下卦为坤，上卦为坎，坤为地，坎为水，像地上有水，这是比卦的卦象。先王观此卦象，取法于水附大地，地纳江河之象，封建万国，亲近诸侯。</p>\n<p>《断易天机》解</p>\n<p>比卦坎上坤下，为坤宫归魂卦。比为相亲相依附之意，长期如此，就会无咎，所以吉祥。</p>\n<p>北宋易学家邵雍解</p>\n<p>水行地上，亲比欢乐；人情亲顺，百事无忧。</p>\n<p>得此卦者，可获朋友之助，众人之力，谋事有成，荣显之极。</p>\n<p>台湾国学大儒傅佩荣解</p>\n<p>时运：众人相贺，荣显之极。</p>\n<p>财运：善人相扶，大发利市。</p>\n<p>家宅：百年好合。</p>\n<p>身体：心腹水肿，宜早求治。</p>\n<p>传统解卦</p>\n<p>这个卦是异卦（下坤上坎）相叠，坤为地，坎为水。水附大地，地纳河海，相互依赖，亲密无间。此卦与师卦完全相反，互为综卦。它阐述的是相亲相辅，宽宏无私，精诚团结的道理。</p>\n<p>大象：一阳统五阴，比邻相亲相辅，和乐之象。</p>\n<p>运势：平顺，可得贵人提拔，凡事宜速战速决，不可过份迟疑。</p>\n<p>事业：顺利能够成功，向前发展，可以得到他人的帮助和辅佐，以诚实、信任的态度去做事。待人宽厚、正直，主动热情，向才德高尚的人士学习，听取建议。</p>\n<p>经商：愿望能够实现，且有较丰厚的利润，但需要与他人密切合作，真诚交往，讲究商业道德，遵守信义，如唯利是图，贪心不足，或自以为是，会导致严重损失。</p>\n<p>求名：有成功的希望，不仅要靠个人的努力，更为重要的是他人的赏识和栽培。</p>\n<p>婚恋：美好姻缘，相亲相爱，彼此忠诚，白头到老。</p>\n<p>决策：心地善良，待人忠诚、厚道，乐于帮助他人，也能得到回报。工作勤恳，对自己要求严格，可以实现自己的理想，但要多动脑筋，多思考，善于判断是非，尤其要注意选择朋友，一旦结上品行不端的人，会成为自己的祸患。如果与比自己高明的人交朋友，并取得帮助，会终身受益。</p>\n<p>第八卦的哲学含义</p>\n<p>“比”，就其这一字本义是互相靠近，字形是两个人挨近一起，并列紧靠，如鱗次栉比。</p>\n<p>比，不但是指人与人的团结互助，也指国家与国家之间的关系，如《周礼夏官》形方氏中有“大国比小国”一语，说是大国亲近小国的意思。但作为《比》卦，实乃论述比邻以及论述用亲附和和征伐进行联盟之卦。</p>\n<p>比卦位于师卦之后，《序卦》中这样解释本卦：“众必有所比，故受之以比。”师是众人的意思，人多了一定会有所亲近，所以接着是比卦。《杂卦》说：“比乐师忧。”意为，比卦喜乐，师卦忧苦。</p>\n<p>《象》曰：地上有水，比。先王以建万国，亲诸侯。</p>\n<p>比卦上卦为坎为水， 下卦为坤为地，地上有水 便是比卦的卦象。水在大 地上慌动，泥土因为有了 水而湿润可以养育万物， 这就像君王巡视四方，恩 泽四方，群民与君王一条 心，共同辅佐君王，而君王 居安思危，能够严谨治国。可见，这一卦确实是充满了喜悦与欢乐的。</p>",
    "title": "九五爻",
    "content": "<p>九五爻辞</p><p>九五。显比，王用三驱，失前禽。邑人不诫，吉。</p><p>象曰：显比之吉，位正中也。舍逆取顺，失前禽也。邑人不诫，上使中也。</p><p>白话文解释</p><p>九五：普遍的和洽。君王采用三面包围的方法狩猎，网开一面，有意放走逃奔的野兽。老百姓对君王狩猎毫不惊惧。筮遇此爻吉利。</p><p>《象辞》说：普遍的和洽是吉利的，因为九五之爻处于上卦中位，像人守中正之道。放走向前奔逃的，猎取迎面奔窜的，这就是“失前禽”的缘故。老百姓对君王狩猎毫不惊惧，因为君王平时行事端正。</p><p>北宋易学家邵雍解</p><p>吉：得此爻者，会先逆后顺，谋事有成，无往不利。做官的会有大的荣耀。读书人会考的佳绩。</p><p>台湾国学大儒傅佩荣解</p><p>时运：善待别人，后仍有吉。</p><p>财运：不贪小利，后有盈余。</p><p>家宅：和顺为宜。</p><p>身体：服药生效，不必过虑。</p><p>九五变卦</p><p>九五爻动变得周易第2卦：坤为地。这个卦是同卦（下坤上坤）相叠，阴性。象征地（与乾卦相反），顺从天，承载万物，伸展无穷无尽。坤卦以雌马为象征，表明地道生育抚养万物，而又依天顺时，性情温顺。它以“先迷后得”证明“坤”顺从“乾”，依随“乾”，才能把握正确方向，遵循正道，获取吉利。</p><p>九五爻</p><p>的哲学含义</p><p>本爻的爻义就是：光明正大地亲比。跟随君王去田野围猎，从三面驱赶，网开一面，看着禽兽从放开的一面逃走，毫不在乎，君王的部下也不戒备，吉祥。</p><p>从卦象上看，九五属于阳爻居于刚位，且属于君主之位，表明君主能持中守正，下面的初一、二、三、四爻已经自愿归附，属于九五的“邑人”，而对于不愿归附的上六爻，也不去强迫，顺其自然。</p><p>《象》曰：“显比”之吉，位正中也，舍逆取顺，失前禽也;邑人不诫，上使中也。</p><p>占得此卦者，在与朋友交往或是在处理人际关系问题时，要遵循顺其自然的原则，想离开你的，不可强留，让其高高兴兴地离去。想追随你或是结交你的，</p>",
    "bgtitle": "坤为地",
    "bgcontent": ""
}