{
    "gname": "水地比",
    "gcontent": "<p>周易第八卦详解</p>\n<p>比卦原文</p>\n<p>比。吉。原筮，元永贞，无咎。不宁方来，后夫凶。</p>\n<p>象曰：地上有水，比。先王以建万国，亲诸侯。</p>\n<p>白话文解释</p>\n<p>比卦：吉利。同时再卜筮，仍然大吉大利。卜问长时期的吉凶，也没有灾祸。不愿臣服的邦国来朝，迟迟不来者有难。</p>\n<p>《象辞》说：下卦为坤，上卦为坎，坤为地，坎为水，像地上有水，这是比卦的卦象。先王观此卦象，取法于水附大地，地纳江河之象，封建万国，亲近诸侯。</p>\n<p>《断易天机》解</p>\n<p>比卦坎上坤下，为坤宫归魂卦。比为相亲相依附之意，长期如此，就会无咎，所以吉祥。</p>\n<p>北宋易学家邵雍解</p>\n<p>水行地上，亲比欢乐；人情亲顺，百事无忧。</p>\n<p>得此卦者，可获朋友之助，众人之力，谋事有成，荣显之极。</p>\n<p>台湾国学大儒傅佩荣解</p>\n<p>时运：众人相贺，荣显之极。</p>\n<p>财运：善人相扶，大发利市。</p>\n<p>家宅：百年好合。</p>\n<p>身体：心腹水肿，宜早求治。</p>\n<p>传统解卦</p>\n<p>这个卦是异卦（下坤上坎）相叠，坤为地，坎为水。水附大地，地纳河海，相互依赖，亲密无间。此卦与师卦完全相反，互为综卦。它阐述的是相亲相辅，宽宏无私，精诚团结的道理。</p>\n<p>大象：一阳统五阴，比邻相亲相辅，和乐之象。</p>\n<p>运势：平顺，可得贵人提拔，凡事宜速战速决，不可过份迟疑。</p>\n<p>事业：顺利能够成功，向前发展，可以得到他人的帮助和辅佐，以诚实、信任的态度去做事。待人宽厚、正直，主动热情，向才德高尚的人士学习，听取建议。</p>\n<p>经商：愿望能够实现，且有较丰厚的利润，但需要与他人密切合作，真诚交往，讲究商业道德，遵守信义，如唯利是图，贪心不足，或自以为是，会导致严重损失。</p>\n<p>求名：有成功的希望，不仅要靠个人的努力，更为重要的是他人的赏识和栽培。</p>\n<p>婚恋：美好姻缘，相亲相爱，彼此忠诚，白头到老。</p>\n<p>决策：心地善良，待人忠诚、厚道，乐于帮助他人，也能得到回报。工作勤恳，对自己要求严格，可以实现自己的理想，但要多动脑筋，多思考，善于判断是非，尤其要注意选择朋友，一旦结上品行不端的人，会成为自己的祸患。如果与比自己高明的人交朋友，并取得帮助，会终身受益。</p>\n<p>第八卦的哲学含义</p>\n<p>“比”，就其这一字本义是互相靠近，字形是两个人挨近一起，并列紧靠，如鱗次栉比。</p>\n<p>比，不但是指人与人的团结互助，也指国家与国家之间的关系，如《周礼夏官》形方氏中有“大国比小国”一语，说是大国亲近小国的意思。但作为《比》卦，实乃论述比邻以及论述用亲附和和征伐进行联盟之卦。</p>\n<p>比卦位于师卦之后，《序卦》中这样解释本卦：“众必有所比，故受之以比。”师是众人的意思，人多了一定会有所亲近，所以接着是比卦。《杂卦》说：“比乐师忧。”意为，比卦喜乐，师卦忧苦。</p>\n<p>《象》曰：地上有水，比。先王以建万国，亲诸侯。</p>\n<p>比卦上卦为坎为水， 下卦为坤为地，地上有水 便是比卦的卦象。水在大 地上慌动，泥土因为有了 水而湿润可以养育万物， 这就像君王巡视四方，恩 泽四方，群民与君王一条 心，共同辅佐君王，而君王 居安思危，能够严谨治国。可见，这一卦确实是充满了喜悦与欢乐的。</p>",
    "title": "初九爻",
    "content": "<p>初六爻辞</p><p>初六。有孚比之，无咎。有孚盈缶，终来有它吉。</p><p>象曰：比之初六，有它吉也。</p><p>白话文解释</p><p>初六：捕获俘虏，安抚他们，没有灾难。捕获俘虏，满盆满罐的酒饭招待他们。虽然可能有意外之患，但最后是吉利的。</p><p>《象辞》说：筮遇初六之爻，虽有意外之患，但最后是吉利的。</p><p>北宋易学家邵雍解</p><p>吉：得此爻者，会遇到知己，谋事称心如意。做官的会有意外之喜。</p><p>台湾国学大儒傅佩荣解</p><p>时运：诚信交往，声名日隆。</p><p>财运：信用卓著，利益自来。</p><p>家宅：社区和睦；亲事亦谐。</p><p>身体：平安无事。</p><p>初六变卦</p><p>初六爻动变得周易第3卦：水雷屯。这个卦是异卦（下震上坎）相叠，震为雷，喻动；坎为雨，喻险。雷雨交加，险象丛生，环境恶劣。“屯”原指植物萌生大地，万物始生，充满艰难险阻，然而顺时应运，必欣欣向荣。</p><p>初九爻</p><p>的哲学含义</p><p>比卦第一爻爻辞释义</p><p>有孚比之：用诚实信用去和睦邻邦或让邻邦来亲附的政策。</p><p>有孚盈缶：缶，古一种瓦器。此句是说其诚实信用如同酒可以溢出酒缸。</p><p>初六处下卦坤卦之初，距九五之位最远，又属于阴爻居于阳位，失位，象征才质柔弱。其上应六四，但是与六四属于敌应关系。处于这种形势之中，必须要结交朋友，依附势力更强的人。比卦中各阴爻都信托追随九五阳爻，初六与九五结成朋比之交，格外的吉祥。</p><p>占得此爻的人，成功的欲望很强，对于现实物质利益有固执的追求，但是天性柔弱低能，所以非常喜欢用互相依靠的方法处世，但要特别注意讲诚信，要以诚信待人处世，才能达到目的。在人与人相处之中，诚信居于首要的地位，所以后世人说道：“人无忠信，不可立于世。”</p><p>占得此爻者，不论你去想依附别人，还是想让别人来依附，靠的都是诚信。心怀诚信地亲附，这样才能最终获得吉祥。</p><p>初六处于比卦的最下 层，严格来讲他还不能辅 佐谁，他只能广泛结交一 些朋友，由于他的这些朋 友与他一样，都能一心辅 佐九五，所以他会得到意 外的吉祥。</p>",
    "bgtitle": "水雷屯",
    "bgcontent": "这个卦是异卦（下震上坎）相叠，震为雷，喻动；坎为雨，喻险。雷雨交加，险象丛生，环境恶劣。“屯”原指植物萌生大地，万物始生，充满艰难险阻，然而顺时应运，必欣欣向荣。"
}