{
    "gname": "山泽损",
    "gcontent": "<p>周易第四十一卦详解</p>\n<p>损卦原文</p>\n<p>损。有孚，元吉，无咎，可贞。利有攸往。曷之用？二簋可用享。</p>\n<p>象曰：山下有泽，损。君子以征忿窒欲。</p>\n<p>白话文解释</p>\n<p>损卦：筮遇此卦，将有所俘获，大吉大利，没有灾难，是称心的卜问。而且所往将获利。将有人送来两盆食物，可享口福。</p>\n<p>《象辞》说：本卦上卦为艮，艮为山；下卦为兑，兑为泽，可见山下有泽是损卦的卦象。君子观此卦象，以泽水浸蚀山脚为戒，从而制止其忿怒，杜塞其贪欲。</p>\n<p>《断易天机》解</p>\n<p>损卦艮上兑下，为艮宫三世卦。损象征损益、减少，为损己之兆，多主不吉，但只要坚守诚信，就会有利。</p>\n<p>北宋易学家邵雍解</p>\n<p>损下益上，损盈益虚；先难后易，量入为出。</p>\n<p>得此卦者，损己利人，虽然开始会有所不顺，但付出总会有所回报，因祸得福之象。</p>\n<p>台湾国学大儒傅佩荣解</p>\n<p>时运：心平气和，才有发展。</p>\n<p>财运：和气生财，损己利人。</p>\n<p>家宅：地势宜平；夫妇得正。</p>\n<p>身体：修身养性。</p>\n<p>传统解卦</p>\n<p>这个卦是异卦（下兑上艮）相叠。艮为山；兑为泽。上山下泽，大泽浸蚀山根。损益相间，损中有益，益中有损。二者之间，不可不慎重对待。损下益上，治理国家，过度会损伤国基。应损则损，但必量力、适度。少损而益最佳。</p>\n<p>大象：山高水深，各得其所，因损得益之象。</p>\n<p>运势：现况诸事不顺，有破财之象，虽先损失，但后反而得益，因祸得福。</p>\n<p>事业：开拓事业要有所投入，投入多少应事先精心算计，力求损益得当。诸事皆应有节度，切忌欺诈、贪婪。天下事克己最难，务必严格要求自己，刻苦奋斗，手段灵活，争取事业成功。</p>\n<p>经商：全面调查市场行情，计算投入和收益的比例。不必过于计较利润的多少，获利即可。真诚与他人合作，彼此信任，手段灵活，切勿自我封闭。</p>\n<p>求名：为了成长进步，务必有所投入，且应付诸实践。以损增益，成就理想。</p>\n<p>婚恋：全面权衡对方的长处与短处，应从大处着眼。</p>\n<p>决策：为人聪颖，善于权衡利弊。顺应自然发展规律，积极主动与他人合作，助人为乐，适度投入，资助他人，而自己要宁俭勿奢。如此，诸事都可以十分顺利。</p>\n<p>第四十一卦的哲学含义</p>\n<p>损卦卦象，山泽损卦的象征意义</p>\n<p>损卦，这个卦是异卦相叠。上卦为艮，下卦为兑，艮为山；兑为泽。兑下艮上，说明山下有泽。泽水由下向上渗透，滋润山上万物生长，但是却使泽水减少。所以兑下艮上这一卦被命名为含有减少之意的“损”。</p>\n<p>从另一个角度来看，艮上兑下，山上泽下，意味着大泽浸蚀山根。损下益上，治理国家，过度会损伤国基。应损则损，但必量力、适度。少损而益最佳。损卦象征着损益相间，损中有益，益中有损。二者之间，不可不慎重对待。</p>\n<p>损卦位于解卦之后，《序卦》中这样解释道：“缓必有所失，故受之以损。”解卦在缓和了困难之后，一定会因松懈而造成损失，所以接着就出现了损卦。</p>\n<p>《象》中对本卦的解释是：山下有泽，损；君子以惩忿窒欲。这里指出：损卦的卦象是兑（泽）下艮（山）上，为山下有湖泽之表象，湖泽因为滋润山上的万物而减损自己，这就是损卦的含义。按照这一现象中包含的哲理来做人，君子就应该抑制狂怒暴躁的脾性，杜绝私欲，多做点有益于大家的事情。</p>\n<p>损卦象征着减损，是下下卦。《象》中这样来断此卦：时动不至费心多，比作推车受折磨，山路崎岖吊下耳，做插右按按不着。</p>",
    "title": "上九爻",
    "content": "<p>上九爻辞</p><p>上九。弗损，益之，无咎。贞吉。利有攸往，得臣无家。</p><p>象曰：弗损益之，大得志也。</p><p>白话文解释</p><p>上九：不要减损，不要增益，一任其旧，没有灾难，卜问得吉兆。筮遇此爻，有所往则必获利，将得到一单身奴隶。</p><p>《象辞》说：不要减损，不要增益，公允执中，如此行事，平生志愿当能实现。</p><p>北宋易学家邵雍解</p><p>吉：得此爻者，贵人扶持，财利可期。做官的会得到下属的爱戴，领导的器重。</p><p>台湾国学大儒傅佩荣解</p><p>时运：一帆风顺，所图可成。</p><p>财运：物价平平，获利不少。</p><p>家宅：不必改造。</p><p>身体：出外求医。</p><p>上九变卦</p><p>上九爻动变得周易第19卦：地泽临。这个卦是异卦（下兑上坤）相叠。坤为地，兑为泽，地高于泽，泽容于地。喻君主亲临天下，治国安邦，上下融洽。</p><p>上九爻</p><p>的哲学含义</p><p>损卦第六爻，爻辞：上九：弗损益之；无咎，贞吉，有攸往，得臣无家。爻辞释义</p><p>本爻辞的意思是：不作任何损失的情况下就能使他人获得收益，没有过错。坚守正道就会吉祥。这时要勇于前去办事，将会惠及天下，万民归心。</p><p>上九居于损卦顶端，《象》中这样分析本爻：“弗损益之”，大得志也。这里指出：“不作任何损失的情况下就能使他人获得收益”，是因为处在损卦最高位置，本身所获取的大量的助益，使得不用自我减损就可以有益他人，这当然是损卦的最高境界，实现了损卦所追求的目标。</p><p>《损》卦谈的是减损自己的卦。但是这种减损，并不意味着损伤自己一部分利益去援助别人，也不是一般的损人利己；而是如何在不使自己一方受到丝毫损伤的情况下去获得相当的利益，或是不用损己就能利人；如何在不得已的情况下适当减损或放弃一部分利益而去追求更大更多的利益。这是《损》卦最本质的东</p><p>上九：弗损益之，无咎，贞吉，利有攸往，得臣无家。象曰：弗损益之，大得志也。</p><p>经文意思是：没有减损而是得到了益处，没有灾难，守正道吉祥，前往有利，得到无私忘家的臣子。</p><p>象辞意思是：没有减损而是有所收益，是志向可以得到大的施展。</p><p>泰卦的九三来到了上九的位置上形成损卦，这不是使损卦的上卦受损，而是使损卦上卦的力量得到增强，所以爻辞说“弗损益之”。</p><p>上九对上卦是有帮助的，怎么会有灾难呢？所以只要守正道自然吉祥。“得臣无家”则是说上九原为泰卦的九三交，下卦为内为家，所以泰卦的九三爻为下卦的家长。可是到了损卦的上爻后，拥有了下面三个阴爻（即得臣），却已经不再是下卦的一家之长所以“得臣无家”。</p>",
    "bgtitle": "地泽临",
    "bgcontent": "这个卦是异卦（下兑上坤）相叠。坤为地，兑为泽，地高于泽，泽容于地。喻君主亲临天下，治国安邦，上下融洽。"
}