{
    "gname": "山泽损",
    "gcontent": "<p>周易第四十一卦详解</p>\n<p>损卦原文</p>\n<p>损。有孚，元吉，无咎，可贞。利有攸往。曷之用？二簋可用享。</p>\n<p>象曰：山下有泽，损。君子以征忿窒欲。</p>\n<p>白话文解释</p>\n<p>损卦：筮遇此卦，将有所俘获，大吉大利，没有灾难，是称心的卜问。而且所往将获利。将有人送来两盆食物，可享口福。</p>\n<p>《象辞》说：本卦上卦为艮，艮为山；下卦为兑，兑为泽，可见山下有泽是损卦的卦象。君子观此卦象，以泽水浸蚀山脚为戒，从而制止其忿怒，杜塞其贪欲。</p>\n<p>《断易天机》解</p>\n<p>损卦艮上兑下，为艮宫三世卦。损象征损益、减少，为损己之兆，多主不吉，但只要坚守诚信，就会有利。</p>\n<p>北宋易学家邵雍解</p>\n<p>损下益上，损盈益虚；先难后易，量入为出。</p>\n<p>得此卦者，损己利人，虽然开始会有所不顺，但付出总会有所回报，因祸得福之象。</p>\n<p>台湾国学大儒傅佩荣解</p>\n<p>时运：心平气和，才有发展。</p>\n<p>财运：和气生财，损己利人。</p>\n<p>家宅：地势宜平；夫妇得正。</p>\n<p>身体：修身养性。</p>\n<p>传统解卦</p>\n<p>这个卦是异卦（下兑上艮）相叠。艮为山；兑为泽。上山下泽，大泽浸蚀山根。损益相间，损中有益，益中有损。二者之间，不可不慎重对待。损下益上，治理国家，过度会损伤国基。应损则损，但必量力、适度。少损而益最佳。</p>\n<p>大象：山高水深，各得其所，因损得益之象。</p>\n<p>运势：现况诸事不顺，有破财之象，虽先损失，但后反而得益，因祸得福。</p>\n<p>事业：开拓事业要有所投入，投入多少应事先精心算计，力求损益得当。诸事皆应有节度，切忌欺诈、贪婪。天下事克己最难，务必严格要求自己，刻苦奋斗，手段灵活，争取事业成功。</p>\n<p>经商：全面调查市场行情，计算投入和收益的比例。不必过于计较利润的多少，获利即可。真诚与他人合作，彼此信任，手段灵活，切勿自我封闭。</p>\n<p>求名：为了成长进步，务必有所投入，且应付诸实践。以损增益，成就理想。</p>\n<p>婚恋：全面权衡对方的长处与短处，应从大处着眼。</p>\n<p>决策：为人聪颖，善于权衡利弊。顺应自然发展规律，积极主动与他人合作，助人为乐，适度投入，资助他人，而自己要宁俭勿奢。如此，诸事都可以十分顺利。</p>\n<p>第四十一卦的哲学含义</p>\n<p>损卦卦象，山泽损卦的象征意义</p>\n<p>损卦，这个卦是异卦相叠。上卦为艮，下卦为兑，艮为山；兑为泽。兑下艮上，说明山下有泽。泽水由下向上渗透，滋润山上万物生长，但是却使泽水减少。所以兑下艮上这一卦被命名为含有减少之意的“损”。</p>\n<p>从另一个角度来看，艮上兑下，山上泽下，意味着大泽浸蚀山根。损下益上，治理国家，过度会损伤国基。应损则损，但必量力、适度。少损而益最佳。损卦象征着损益相间，损中有益，益中有损。二者之间，不可不慎重对待。</p>\n<p>损卦位于解卦之后，《序卦》中这样解释道：“缓必有所失，故受之以损。”解卦在缓和了困难之后，一定会因松懈而造成损失，所以接着就出现了损卦。</p>\n<p>《象》中对本卦的解释是：山下有泽，损；君子以惩忿窒欲。这里指出：损卦的卦象是兑（泽）下艮（山）上，为山下有湖泽之表象，湖泽因为滋润山上的万物而减损自己，这就是损卦的含义。按照这一现象中包含的哲理来做人，君子就应该抑制狂怒暴躁的脾性，杜绝私欲，多做点有益于大家的事情。</p>\n<p>损卦象征着减损，是下下卦。《象》中这样来断此卦：时动不至费心多，比作推车受折磨，山路崎岖吊下耳，做插右按按不着。</p>",
    "title": "初九爻",
    "content": "<p>初九爻辞</p><p>初九。已事遄往，无咎，酌损之。</p><p>象曰：已事遄往，尚合志也。</p><p>白话文解释</p><p>初九：祭祀大事，得赶快去参加，这才不会有灾难。祭品过丰，可以酌情减损。</p><p>《象辞》说：“祭祀大事，得赶快去参加”，这是体现了敬畏鬼神的心意。</p><p>北宋易学家邵雍解</p><p>平：得此爻者，谋事得当，可获利，不良者，或因酒食误事。做官的会因为工作忙碌而顾不得家庭，声望日盛。</p><p>台湾国学大儒傅佩荣解</p><p>时运：加进努力，或仍有望。</p><p>财运：判断准确，自有利益。</p><p>家宅：早些迁移；即日迎娶。</p><p>身体：立即行动。</p><p>初九变卦</p><p>初九爻动变得周易第4卦：山水蒙。这个卦是异卦（下坎上艮）相叠，艮是山的形象，喻止；坎是水的形象，喻险。卦形为山下有险，仍不停止前进，是为蒙昧，故称蒙卦。但因把握时机，行动切合时宜，因此，具有启蒙和通达的卦象。</p><p>初九爻的哲学含义</p><p>损卦第一爻，爻辞：初九：已事遄往，无咎；酌损之。</p><p>已：停止。遄：急，快速。酌：适当。</p><p>本爻辞的意思是：停下正在做的事情赶快前去助人，没有灾祸；不过适当斟酌减损自己一部分利益就可以了。</p><p>从卦象上看，初九位于损卦之初，要做损下益上之事，必须要适当，不可过度或过量。</p><p>《象》中这样解释本爻：“已事遄往”，尚合志也。这里指出：“停下正在做的事情赶快前去助人”，处在尊位的柔弱之辈正需要帮助，地位卑下的阳刚之士首当其冲，义不容辞，立刻牺牲自己的事业而成人之美，表现出与尊贵者心心相印的关系。</p><p>占得此爻者，如果周围有人遇到了困难，你要及时出手相助，这虽然会有一定的损失，但是，这能积累人脉关系，给别人留下好印象。不过，不要倾囊相助，只提供适当的帮助就可以了。</p><p>初九：已事遄往，无咎，酌损之。</p><p>象曰：已事通往，尚合志也。</p><p>经文意思是：办完事急忙去，没有灾难，只是少喝点酒的损失。象辞意思是：办完事急忙去，早往合乎心志。</p><p>初九与六四相应，就好比六四设宴邀请初九，初九由于身边有事，所以做完手头的工作后便去赴宴，结果去得有些晚了，大家都已经吃得喝得只剩残局。这种损失，只是少喝点酒的损失，所以不会造成灾难。因为初九前去赴宴的目的，不是为了吃喝，而是为了与六四进行交往。</p>",
    "bgtitle": "山水蒙",
    "bgcontent": "这个卦是异卦（下坎上艮）相叠，艮是山的形象，喻止；坎是水的形象，喻险。卦形为山下有险，仍不停止前进，是为蒙昧，故称蒙卦。但因把握时机，行动切合时宜，因此，具有启蒙和通达的卦象。"
}