{
    "gname": "山泽损",
    "gcontent": "<p>周易第四十一卦详解</p>\n<p>损卦原文</p>\n<p>损。有孚，元吉，无咎，可贞。利有攸往。曷之用？二簋可用享。</p>\n<p>象曰：山下有泽，损。君子以征忿窒欲。</p>\n<p>白话文解释</p>\n<p>损卦：筮遇此卦，将有所俘获，大吉大利，没有灾难，是称心的卜问。而且所往将获利。将有人送来两盆食物，可享口福。</p>\n<p>《象辞》说：本卦上卦为艮，艮为山；下卦为兑，兑为泽，可见山下有泽是损卦的卦象。君子观此卦象，以泽水浸蚀山脚为戒，从而制止其忿怒，杜塞其贪欲。</p>\n<p>《断易天机》解</p>\n<p>损卦艮上兑下，为艮宫三世卦。损象征损益、减少，为损己之兆，多主不吉，但只要坚守诚信，就会有利。</p>\n<p>北宋易学家邵雍解</p>\n<p>损下益上，损盈益虚；先难后易，量入为出。</p>\n<p>得此卦者，损己利人，虽然开始会有所不顺，但付出总会有所回报，因祸得福之象。</p>\n<p>台湾国学大儒傅佩荣解</p>\n<p>时运：心平气和，才有发展。</p>\n<p>财运：和气生财，损己利人。</p>\n<p>家宅：地势宜平；夫妇得正。</p>\n<p>身体：修身养性。</p>\n<p>传统解卦</p>\n<p>这个卦是异卦（下兑上艮）相叠。艮为山；兑为泽。上山下泽，大泽浸蚀山根。损益相间，损中有益，益中有损。二者之间，不可不慎重对待。损下益上，治理国家，过度会损伤国基。应损则损，但必量力、适度。少损而益最佳。</p>\n<p>大象：山高水深，各得其所，因损得益之象。</p>\n<p>运势：现况诸事不顺，有破财之象，虽先损失，但后反而得益，因祸得福。</p>\n<p>事业：开拓事业要有所投入，投入多少应事先精心算计，力求损益得当。诸事皆应有节度，切忌欺诈、贪婪。天下事克己最难，务必严格要求自己，刻苦奋斗，手段灵活，争取事业成功。</p>\n<p>经商：全面调查市场行情，计算投入和收益的比例。不必过于计较利润的多少，获利即可。真诚与他人合作，彼此信任，手段灵活，切勿自我封闭。</p>\n<p>求名：为了成长进步，务必有所投入，且应付诸实践。以损增益，成就理想。</p>\n<p>婚恋：全面权衡对方的长处与短处，应从大处着眼。</p>\n<p>决策：为人聪颖，善于权衡利弊。顺应自然发展规律，积极主动与他人合作，助人为乐，适度投入，资助他人，而自己要宁俭勿奢。如此，诸事都可以十分顺利。</p>\n<p>第四十一卦的哲学含义</p>\n<p>损卦卦象，山泽损卦的象征意义</p>\n<p>损卦，这个卦是异卦相叠。上卦为艮，下卦为兑，艮为山；兑为泽。兑下艮上，说明山下有泽。泽水由下向上渗透，滋润山上万物生长，但是却使泽水减少。所以兑下艮上这一卦被命名为含有减少之意的“损”。</p>\n<p>从另一个角度来看，艮上兑下，山上泽下，意味着大泽浸蚀山根。损下益上，治理国家，过度会损伤国基。应损则损，但必量力、适度。少损而益最佳。损卦象征着损益相间，损中有益，益中有损。二者之间，不可不慎重对待。</p>\n<p>损卦位于解卦之后，《序卦》中这样解释道：“缓必有所失，故受之以损。”解卦在缓和了困难之后，一定会因松懈而造成损失，所以接着就出现了损卦。</p>\n<p>《象》中对本卦的解释是：山下有泽，损；君子以惩忿窒欲。这里指出：损卦的卦象是兑（泽）下艮（山）上，为山下有湖泽之表象，湖泽因为滋润山上的万物而减损自己，这就是损卦的含义。按照这一现象中包含的哲理来做人，君子就应该抑制狂怒暴躁的脾性，杜绝私欲，多做点有益于大家的事情。</p>\n<p>损卦象征着减损，是下下卦。《象》中这样来断此卦：时动不至费心多，比作推车受折磨，山路崎岖吊下耳，做插右按按不着。</p>",
    "title": "九三爻",
    "content": "<p>六三爻辞</p><p>六三。三人行，则损一人；一人行，则得其友。</p><p>象曰：一人行，三则疑也。</p><p>白话文解释</p><p>六三：三人同行，难免意见分岐，必有一人被孤立。一人独行，孤单无助，则主动邀人作伴。</p><p>《象辞》说：一人独行，凡事自作主张，事无掣肘。三人同行，遇事各持己见，滋生疑惑。</p><p>北宋易学家邵雍解</p><p>平：得此爻者，合力经营，获利者多，未婚者配。做官的与同僚关系融洽，进取有望。</p><p>台湾国学大儒傅佩荣解</p><p>时运：双月有利，不可贪多。</p><p>财运：一人独资，不会损失。</p><p>家宅：一家二丁；得偶为吉。</p><p>身体：寡欲修身。</p><p>六三变卦</p><p>六三爻动变得周易第26卦：山天大畜。这个卦是异卦（下乾上艮）相叠。乾为天，刚健；艮为山，笃实。畜者积聚，大畜意为大积蓄。为此不畏严重的艰难险阻，努力修身养性以丰富德业。</p><p>九三爻</p><p>的哲学含义</p><p>损卦第三爻，爻辞：六三：三人行，则损一人；一人行，则得其友。爻辞释义</p><p>本爻辞的意思是：三个人一起前行，其中一个人会受到伤害；一个人独自行动，就能遇到志同道合的朋友。</p><p>《象》中这样分析本爻：一人行，三则疑也。这里指出：三个人一起前行，其中一个人会受到伤害；一个人独自行动，就能遇到志同道合的朋友。说明损下益上不能不分情况地一窝蜂上，而要审时度势，讲求实效。</p><p>占得此爻者，在做事时，不要找太多的合伙人，否则的话就会因为有争执和差异而闹翻。若是一个人单独去做事，一边做一边寻找志同道合的朋友，这样会得到朋友的帮助。</p><p>占得此爻者，在做事时要专心致志，不要想法太多，或者同时从事太多的事情，若是太多自己难以做好，必遭受损失。做事专心，还要有自己的主见，不要随便就听从别人，跟着别人去做。</p><p>象辞意思是：一个人行走则得友，是因为三个人在一起就会产生猜疑。</p><p>“三人行”，指的便是泰卦下面的三个阳交，“损一人”则指的是变为损卦后泰卦的九三爻离开本位来到了损卦的上爻。“一^人行”指的也是泰卦的九二交来到了损卦的上爻位置。“得其友”则说的是损卦的上九爻与六五相合，与六三相应。</p><p>从道理上来讲，这一爻反映出了人性的一个弱点。比如西方国家认为一个中国人可以打败一个日本人，可是十个中国人就打不过十个日本人了。这是怎么回事呢？因为存在“二人行，则损一^人”的情形。十个中国人在一起，往往会出现“窝里斗”的局面，这样自然无法与对方的十个人抗衡了。这里说明的是人性的弱点也会给集体力量造成损失。</p>",
    "bgtitle": "山天大畜",
    "bgcontent": "这个卦是异卦（下乾上艮）相叠。乾为天，刚健；艮为山，笃实。畜者积聚，大畜意为大积蓄。为此不畏严重的艰难险阻，努力修身养性以丰富德业。"
}