{
    "gname": "山泽损",
    "gcontent": "<p>周易第四十一卦详解</p>\n<p>损卦原文</p>\n<p>损。有孚，元吉，无咎，可贞。利有攸往。曷之用？二簋可用享。</p>\n<p>象曰：山下有泽，损。君子以征忿窒欲。</p>\n<p>白话文解释</p>\n<p>损卦：筮遇此卦，将有所俘获，大吉大利，没有灾难，是称心的卜问。而且所往将获利。将有人送来两盆食物，可享口福。</p>\n<p>《象辞》说：本卦上卦为艮，艮为山；下卦为兑，兑为泽，可见山下有泽是损卦的卦象。君子观此卦象，以泽水浸蚀山脚为戒，从而制止其忿怒，杜塞其贪欲。</p>\n<p>《断易天机》解</p>\n<p>损卦艮上兑下，为艮宫三世卦。损象征损益、减少，为损己之兆，多主不吉，但只要坚守诚信，就会有利。</p>\n<p>北宋易学家邵雍解</p>\n<p>损下益上，损盈益虚；先难后易，量入为出。</p>\n<p>得此卦者，损己利人，虽然开始会有所不顺，但付出总会有所回报，因祸得福之象。</p>\n<p>台湾国学大儒傅佩荣解</p>\n<p>时运：心平气和，才有发展。</p>\n<p>财运：和气生财，损己利人。</p>\n<p>家宅：地势宜平；夫妇得正。</p>\n<p>身体：修身养性。</p>\n<p>传统解卦</p>\n<p>这个卦是异卦（下兑上艮）相叠。艮为山；兑为泽。上山下泽，大泽浸蚀山根。损益相间，损中有益，益中有损。二者之间，不可不慎重对待。损下益上，治理国家，过度会损伤国基。应损则损，但必量力、适度。少损而益最佳。</p>\n<p>大象：山高水深，各得其所，因损得益之象。</p>\n<p>运势：现况诸事不顺，有破财之象，虽先损失，但后反而得益，因祸得福。</p>\n<p>事业：开拓事业要有所投入，投入多少应事先精心算计，力求损益得当。诸事皆应有节度，切忌欺诈、贪婪。天下事克己最难，务必严格要求自己，刻苦奋斗，手段灵活，争取事业成功。</p>\n<p>经商：全面调查市场行情，计算投入和收益的比例。不必过于计较利润的多少，获利即可。真诚与他人合作，彼此信任，手段灵活，切勿自我封闭。</p>\n<p>求名：为了成长进步，务必有所投入，且应付诸实践。以损增益，成就理想。</p>\n<p>婚恋：全面权衡对方的长处与短处，应从大处着眼。</p>\n<p>决策：为人聪颖，善于权衡利弊。顺应自然发展规律，积极主动与他人合作，助人为乐，适度投入，资助他人，而自己要宁俭勿奢。如此，诸事都可以十分顺利。</p>\n<p>第四十一卦的哲学含义</p>\n<p>损卦卦象，山泽损卦的象征意义</p>\n<p>损卦，这个卦是异卦相叠。上卦为艮，下卦为兑，艮为山；兑为泽。兑下艮上，说明山下有泽。泽水由下向上渗透，滋润山上万物生长，但是却使泽水减少。所以兑下艮上这一卦被命名为含有减少之意的“损”。</p>\n<p>从另一个角度来看，艮上兑下，山上泽下，意味着大泽浸蚀山根。损下益上，治理国家，过度会损伤国基。应损则损，但必量力、适度。少损而益最佳。损卦象征着损益相间，损中有益，益中有损。二者之间，不可不慎重对待。</p>\n<p>损卦位于解卦之后，《序卦》中这样解释道：“缓必有所失，故受之以损。”解卦在缓和了困难之后，一定会因松懈而造成损失，所以接着就出现了损卦。</p>\n<p>《象》中对本卦的解释是：山下有泽，损；君子以惩忿窒欲。这里指出：损卦的卦象是兑（泽）下艮（山）上，为山下有湖泽之表象，湖泽因为滋润山上的万物而减损自己，这就是损卦的含义。按照这一现象中包含的哲理来做人，君子就应该抑制狂怒暴躁的脾性，杜绝私欲，多做点有益于大家的事情。</p>\n<p>损卦象征着减损，是下下卦。《象》中这样来断此卦：时动不至费心多，比作推车受折磨，山路崎岖吊下耳，做插右按按不着。</p>",
    "title": "九四爻",
    "content": "<p>六四爻辞</p><p>六四。损其疾，使遄有喜，无咎。</p><p>象曰：损其疾，亦可喜也。</p><p>白话文解释</p><p>六四：要消除疾病，赶快求巫祭神，病就会有好转，必无灾难。</p><p>《象辞》说：“求巫祭神消除疾病”，也是可喜之事。</p><p>北宋易学家邵雍解</p><p>平：得此爻者，多喜庆之事，有灾者转好运，有病者愈，有忧者转喜。做官的闲职者将被起复。</p><p>台湾国学大儒傅佩荣解</p><p>时运：小灾之后，转忧为喜。</p><p>财运：减少货物，信之有利。</p><p>家宅：阴气过剩，祈祷可安；婚姻可喜。</p><p>身体：立即就医，否则堪虑。</p><p>六四变卦</p><p>六四爻动变得周易第38卦：火泽睽。这个卦是异卦（下兑上离）相叠。离为火；兑为泽。上火下泽，相违不相济。克则生，往复无空。万物有所不同，必有所异，相互矛盾。睽即矛盾。</p><p>九四爻</p><p>的哲学含义</p><p>损卦第四爻，爻辞：六四：损其疾，使遄有喜。无咎。</p><p>遄：迅速，马上。</p><p>本爻辞的意思是：尽量克服自身的弱点，迎接马上到来的喜庆，不会有任何灾祸。</p><p>从卦象上看，六四在互震〔九二、六三、六四）之中，震为决躁，引申为犹豫不决的毛病。爻辞中强调要立刻改掉这一毛病，才会有喜庆的事。</p><p>《象》中这样解释本爻：“损其疾”，亦可喜也。这里指出，要尽量克服自身的弱点，等待接受别人助益。这种克服自身弱点的举动，是十分可喜的事情。</p><p>占得此爻者，要克服自己的弱点，所做的事要是遇到了麻烦，就要减少其中的弊病，迅速使事情有转机，这样会得到收益。若是遇到需要帮助的朋友，你在帮助他的同时，还要指出他的弱点，他一定会感谢你的。</p><p>六四：损其疾，使遄有喜，无咎。</p><p>象曰：损其疾，亦可喜也。</p><p>经文意思是：减轻疾病痛苦，使病情快速好转，没有灾难象辞意思是：减轻疾病痛苦，也是件可喜的事。</p><p>这里的“损其疾”指的是什么疾病呢？就是“窝里斗”的疾病。在泰卦中，上卦是三个阴爻，众阴爻在一起就相当于上面我们讲的十个中国人，这种局面很容易因“窝里斗”而使集体力量造成损失。怎么办呢？只能减损一个阴爻到下卦中，从下卦减损一个阳爻以上卦来。这样就形成了损卦。由于这样变动便不会出现“窝里斗”现象了，所以集体的力量便会得到增强。这就是损失便是强盛的开始的意思。</p>",
    "bgtitle": "火泽睽",
    "bgcontent": "这个卦是异卦（下兑上离）相叠。离为火；兑为泽。上火下泽，相违不相济。克则生，往复无空。万物有所不同，必有所异，相互矛盾。睽即矛盾。"
}