{
    "gname": "山泽损",
    "gcontent": "<p>周易第四十一卦详解</p>\n<p>损卦原文</p>\n<p>损。有孚，元吉，无咎，可贞。利有攸往。曷之用？二簋可用享。</p>\n<p>象曰：山下有泽，损。君子以征忿窒欲。</p>\n<p>白话文解释</p>\n<p>损卦：筮遇此卦，将有所俘获，大吉大利，没有灾难，是称心的卜问。而且所往将获利。将有人送来两盆食物，可享口福。</p>\n<p>《象辞》说：本卦上卦为艮，艮为山；下卦为兑，兑为泽，可见山下有泽是损卦的卦象。君子观此卦象，以泽水浸蚀山脚为戒，从而制止其忿怒，杜塞其贪欲。</p>\n<p>《断易天机》解</p>\n<p>损卦艮上兑下，为艮宫三世卦。损象征损益、减少，为损己之兆，多主不吉，但只要坚守诚信，就会有利。</p>\n<p>北宋易学家邵雍解</p>\n<p>损下益上，损盈益虚；先难后易，量入为出。</p>\n<p>得此卦者，损己利人，虽然开始会有所不顺，但付出总会有所回报，因祸得福之象。</p>\n<p>台湾国学大儒傅佩荣解</p>\n<p>时运：心平气和，才有发展。</p>\n<p>财运：和气生财，损己利人。</p>\n<p>家宅：地势宜平；夫妇得正。</p>\n<p>身体：修身养性。</p>\n<p>传统解卦</p>\n<p>这个卦是异卦（下兑上艮）相叠。艮为山；兑为泽。上山下泽，大泽浸蚀山根。损益相间，损中有益，益中有损。二者之间，不可不慎重对待。损下益上，治理国家，过度会损伤国基。应损则损，但必量力、适度。少损而益最佳。</p>\n<p>大象：山高水深，各得其所，因损得益之象。</p>\n<p>运势：现况诸事不顺，有破财之象，虽先损失，但后反而得益，因祸得福。</p>\n<p>事业：开拓事业要有所投入，投入多少应事先精心算计，力求损益得当。诸事皆应有节度，切忌欺诈、贪婪。天下事克己最难，务必严格要求自己，刻苦奋斗，手段灵活，争取事业成功。</p>\n<p>经商：全面调查市场行情，计算投入和收益的比例。不必过于计较利润的多少，获利即可。真诚与他人合作，彼此信任，手段灵活，切勿自我封闭。</p>\n<p>求名：为了成长进步，务必有所投入，且应付诸实践。以损增益，成就理想。</p>\n<p>婚恋：全面权衡对方的长处与短处，应从大处着眼。</p>\n<p>决策：为人聪颖，善于权衡利弊。顺应自然发展规律，积极主动与他人合作，助人为乐，适度投入，资助他人，而自己要宁俭勿奢。如此，诸事都可以十分顺利。</p>\n<p>第四十一卦的哲学含义</p>\n<p>损卦卦象，山泽损卦的象征意义</p>\n<p>损卦，这个卦是异卦相叠。上卦为艮，下卦为兑，艮为山；兑为泽。兑下艮上，说明山下有泽。泽水由下向上渗透，滋润山上万物生长，但是却使泽水减少。所以兑下艮上这一卦被命名为含有减少之意的“损”。</p>\n<p>从另一个角度来看，艮上兑下，山上泽下，意味着大泽浸蚀山根。损下益上，治理国家，过度会损伤国基。应损则损，但必量力、适度。少损而益最佳。损卦象征着损益相间，损中有益，益中有损。二者之间，不可不慎重对待。</p>\n<p>损卦位于解卦之后，《序卦》中这样解释道：“缓必有所失，故受之以损。”解卦在缓和了困难之后，一定会因松懈而造成损失，所以接着就出现了损卦。</p>\n<p>《象》中对本卦的解释是：山下有泽，损；君子以惩忿窒欲。这里指出：损卦的卦象是兑（泽）下艮（山）上，为山下有湖泽之表象，湖泽因为滋润山上的万物而减损自己，这就是损卦的含义。按照这一现象中包含的哲理来做人，君子就应该抑制狂怒暴躁的脾性，杜绝私欲，多做点有益于大家的事情。</p>\n<p>损卦象征着减损，是下下卦。《象》中这样来断此卦：时动不至费心多，比作推车受折磨，山路崎岖吊下耳，做插右按按不着。</p>",
    "title": "九二爻",
    "content": "<p>九二爻辞</p><p>九二。利贞，征凶。弗损，益之。</p><p>象曰：九二利贞，中以为志也。</p><p>白话文解释</p><p>九二：吉利的卜问。征伐他国则凶。因为这样作对于他国非但不能损伤，反而有利。</p><p>《象辞》说：</p><p>九二爻辞</p><p>讲的吉利的卜问，因为九二之爻居下卦中位，像人行事以处正守贞为心。</p><p>北宋易学家邵雍解</p><p>凶：得此爻者，宜谨守勿动。做官的时机未成熟，难于升迁。</p><p>台湾国学大儒傅佩荣解</p><p>时运：中庸处世，自有好运。</p><p>财运：货物合宜，应可获利。</p><p>家宅：守之则吉；门当户对。</p><p>身体：平常状态。</p><p>九二变卦</p><p>九二爻动变得周易第27卦：山雷颐。这个卦是异卦（下震上艮）相叠。震为雷，艮为山。山在上而雷在下，外实内虚。春暖万物养育，依时养贤育民。阳实阴虚，实者养人，虚者为人养。自食其力。</p><p>九二爻</p><p>的哲学含义</p><p>损卦第二爻，爻辞：九一：利贞，征凶；弗损放之。爻辞释义</p><p>弗损：是指不要自损。</p><p>本爻辞的意思是：利于坚守正道，主动出击会有凶险；可在没有任何损失的情况下就可以使尊贵者受益。</p><p>从卦象上看，九二居下卦兑中，属于阳爻居阴位，失位。九二因为阳爻具有好动、冒进的特性，若是出征，可能会遇到凶险，所以应该守中，不要出征。</p><p>《象》中这样解本爻：九二利贞，中以为志也。这里指出：九二这一爻利于坚守正道，是因为处在不高不下的适中位置上，本身地位又不很稳固，不宜于积极行动。只有持不偏不激也不过于保守的中庸态度，作为始终不变的志向，才能够使他人受益。</p><p>占得此爻者，因为自己能力有限，所以在助人时要衡量自己的能力，不要躁进冒险，那样不但帮不上别人，可能会给别人添麻烦。另外，若是想助人，也要考察一下其是否值得你同情和帮助。若真正想帮助别人，也可以在没有任何损失的情况下，去实现助人的目的。</p><p>九二：利贞，征凶，弗损益之。</p><p>九二处于下卦之中，可是阳爻居于偶位为不得位，并且他又是下互卦震的最下爻，所以有不安于现状的形象。他不满意的便是凌驾于他上面的六三爻，因为这个位置原来是上九的位置（即从泰变损），所以他想排挤掉六三爻，这种想法与行动是凶险的，所以爻辞中说“征凶”。这九二就好比一个单位的部门经理，本来他的直接领导者是一位有才干的人，可是调走了，上面派下来一个平庸之辈做自己的上级领导。于是这位部门经理便有些不服，想把这位新领导排挤走。这种行为肯定会遭到总经理的反对而不会成功。所以这位部门经理如果不想给自己带来不良后果，唯一的选择便是保持中庸之道，做好本职工作，不要做与上层组织的意志相违背的事情。</p>",
    "bgtitle": "山雷颐",
    "bgcontent": "这个卦是异卦（下震上艮）相叠。震为雷，艮为山。山在上而雷在下，外实内虚。春暖万物养育，依时养贤育民。阳实阴虚，实者养人，虚者为人养。自食其力。"
}