{
    "gname": "山火贲",
    "gcontent": "<p>周易第二十二卦详解</p>\n<p>贲卦原文</p>\n<p>贲。亨。小利有攸往。</p>\n<p>象曰：山下有火，贲。君子以明庶政，无敢折狱。</p>\n<p>白话文解释</p>\n<p>贲卦：通达。有所往则有小利。</p>\n<p>《象辞》说：本卦上卦为艮为山，下卦为离为火，山下有火，火燎群山，这是贲卦的卦象。君子观此卦象，思及猛火燎山，玉石俱焚，草木皆尽，以此为戒，从而明察各项政事，不敢以威猛断狱。</p>\n<p>《断易天机》解</p>\n<p>贲卦艮上离下，为艮宫初世卦。贲为装饰之意，离为明，艮为止，表示有文明的制度使人们止于一定的规范，因此多为吉兆。</p>\n<p>北宋易学家邵雍解</p>\n<p>文饰光明，外实内需；隐忧之时，量力而为。</p>\n<p>得此卦者，表面风光，内在空虚，多虚少实。宜充实自己，稳重行事，量力而为。</p>\n<p>台湾国学大儒傅佩荣解</p>\n<p>时运：上有阻力，不可任意。</p>\n<p>财运：经理精明，须防套牢。</p>\n<p>家宅：小心火灾。</p>\n<p>身体：郁火上升，慎用寒剂。</p>\n<p>传统解卦</p>\n<p>这个卦是异卦（下离上艮）相叠。离为火为明；艮为山为止。文明而有节制。贲卦论述文与质的关系，以质为主，以文调节。贲，文饰、修饰。</p>\n<p>大象：日落西山，照耀通明，华美灿烂，同时喻光明力量渐消，阴暗的力量扩大。</p>\n<p>运势：表面风光，内里空虚，必须充实自己，凡事宜踏实、按部就班。</p>\n<p>事业：顺利，小有成绩，宜即时总结经验，图谋更大的发展。树立信心，不计较一时的得失。追求实质性的内容，慎重行事，不要随波逐流，寻求有实力的人物提携自己。</p>\n<p>经商：开始会遇到困难，不应灰心，宜全面分析形势，大胆开拓，勇敢地投入，联合他人，共同合作，根据市场，运转业务。</p>\n<p>求名：不可过多地注重外表，而应着重于内在的素质。大胆地推荐自己，但应坚持自己的理想。</p>\n<p>婚恋：慎重选择，有合适者，则应迫切追求，不可三心二意，务必专一。注重对方的内在气质，勿为表面现象所欺骗。</p>\n<p>决策：喜爱注重外表，缺乏追求内在气质的恒心。生性较为浮躁，好务虚名，往往因此而碰壁，或半途而废。在事实的教育下，改变不切实际的做法，明察社会和人生，会有所收敛，变得自持，注重自身修养，成全事业，中年以后会大有作为，老年仍可发挥余热。</p>\n<p>第二十二卦的哲学含义</p>\n<p>贲卦卦象，山火贲卦的象征意义</p>\n<p>山火贲贲，这个卦是异卦相叠，下卦为离，上卦为艮。离为火为明；艮为山为止。</p>\n<p>贲，指贝壳的光泽。光泽和贝壳相互映衬，彼此装饰，色彩交错，合为一体，显得文雅又光明。因此，贲含有装饰和文明之意。贲卦论述文与质的关系，以质为主，以文调节，文明而有节制。</p>\n<p>《象》曰：“山下有火，贲。君子以明庶政，无敢折狱。”《象》中指出：离火在下，艮山在上，所以离下艮上之卦如同山下有火一般，形成山火相映，彼此装饰之势，故本卦起名为贲。君子应该学习这种精神，以光明磊落的行为处理各种政事，对人狱的事，不可轻易地决断。</p>\n<p>贲卦属于中上卦，象征装饰，告诉人们饰外扬质，返朴归真的道理，告诫人们要笃实平淡，不慕虚名。贲卦启示了饰外扬质的道理，属于中上卦。《象》对此卦的断语是：近来运转锐气周，窈窕淑女君子求，钟鼓乐之大吉庆，占者逢之喜临头。</p>",
    "title": "九五爻",
    "content": "<p>六五爻辞</p><p>六五。贲于丘园，束帛戋戋。吝，终吉。</p><p>象曰：六五之吉，有喜也。</p><p>白话文解释</p><p>六五：奔向丘园，送上许多布帛，初遇困难，终则顺利。</p><p>《象辞》说：</p><p>六五爻辞</p><p>说的吉利，是指有婚姻之喜。</p><p>北宋易学家邵雍解</p><p>吉：得此爻者，会遇贵人，经营获利，多喜事。做官的闲职者会受到重用，在职者福禄双全。</p><p>台湾国学大儒傅佩荣解</p><p>时运：虽为正运，勤俭为宜。</p><p>财运：木材丝绸，皆可获利。</p><p>家宅：家风勤俭；贤妇可喜。</p><p>身体：园林修养。</p><p>六五变卦</p><p>六五爻动变得周易第37卦：风火家人。这个卦是异卦（下离上巽）相叠。离为火；巽为风。火使热气上升，成为风。一切事物皆应以内在为本，然后伸延到外。发生于内，形成于外。喻先治家而后治天下，家道正，天下安乐。</p><p>九五爻</p><p>的哲学含义</p><p>贲卦第五爻，爻辞：六五：贲于丘园，束帛矣矣；吝，终吉。</p><p>贲于丘园，束帛矣矣；吝，终吉。爻辞释义</p><p>丘园：指荒郊野外的山林之地，这里喻指定居的贤能隐士。帛：丝织品。束：量词，五匹丝为一束。束帛：这里指礼品。戋戋：为少量，微薄。</p><p>此爻辞的意思是：装饰山丘陵园，质朴无华，再拿一束薄薄的丝绢，来聘纳贤士；虽可能产生遗憾，然而最终必获吉祥。</p><p>六五身处君王之位，他的修饰就显得更大气了。他对皇家园林进行修饰，并且用了大量彩色的丝织品。这么做难免有些奢侈，所以会有忧吝。但最终是吉祥的。因为盛世之国常有喜庆之事，其他诸侯国会常来访问，对园林进行装饰，天子可以在诸侯心目中提高地位。</p><p>经文意思是：修饰山丘园林，用了大量的布帛，有忧吝，最终吉祥。象辞意思是：六五爻的吉祥，是有喜庆的事情。</p><p>从卦象上看，六五这一爻，属于君主之位，但是阴爻居此位，显示出阴爻的特性，能采取怀柔政策，具有礼贤下士之德。上九属于阳爻，在这一卦之中，六五得到了上九的辅佐，事业更加发达。但是从卦象上看，上卦为艮，为山林郊外，上九阳爻不在六五所辖之内，表</p><p>明其是不在位的贤人退休的旧臣，或为隐居贤士。他帮助六五之后，六五对其进行嘉奖。虽然六五拿出的礼物微薄，但是这种行为本身重于物质，而且上九这种贤人也不重视物质，所以虽然六五看上去有些吝啬，但结果是吉祥的。</p><p>占得此爻者，在工作中你遇到了困难，有人出面帮你解决，这个人不是你的属下或同事，也不是负责此事的人，而是你的朋友或是一些有能力而不属于你们单位的人。得到别人的帮助之后，你应该表示感谢，不在于礼物的多少，只要你去感谢，就会吉祥。</p>",
    "bgtitle": "风火家人",
    "bgcontent": "这个卦是异卦（下离上巽）相叠。离为火；巽为风。火使热气上升，成为风。一切事物皆应以内在为本，然后伸延到外。发生于内，形成于外。喻先治家而后治天下，家道正，天下安乐。"
}