{
    "gname": "山火贲",
    "gcontent": "<p>周易第二十二卦详解</p>\n<p>贲卦原文</p>\n<p>贲。亨。小利有攸往。</p>\n<p>象曰：山下有火，贲。君子以明庶政，无敢折狱。</p>\n<p>白话文解释</p>\n<p>贲卦：通达。有所往则有小利。</p>\n<p>《象辞》说：本卦上卦为艮为山，下卦为离为火，山下有火，火燎群山，这是贲卦的卦象。君子观此卦象，思及猛火燎山，玉石俱焚，草木皆尽，以此为戒，从而明察各项政事，不敢以威猛断狱。</p>\n<p>《断易天机》解</p>\n<p>贲卦艮上离下，为艮宫初世卦。贲为装饰之意，离为明，艮为止，表示有文明的制度使人们止于一定的规范，因此多为吉兆。</p>\n<p>北宋易学家邵雍解</p>\n<p>文饰光明，外实内需；隐忧之时，量力而为。</p>\n<p>得此卦者，表面风光，内在空虚，多虚少实。宜充实自己，稳重行事，量力而为。</p>\n<p>台湾国学大儒傅佩荣解</p>\n<p>时运：上有阻力，不可任意。</p>\n<p>财运：经理精明，须防套牢。</p>\n<p>家宅：小心火灾。</p>\n<p>身体：郁火上升，慎用寒剂。</p>\n<p>传统解卦</p>\n<p>这个卦是异卦（下离上艮）相叠。离为火为明；艮为山为止。文明而有节制。贲卦论述文与质的关系，以质为主，以文调节。贲，文饰、修饰。</p>\n<p>大象：日落西山，照耀通明，华美灿烂，同时喻光明力量渐消，阴暗的力量扩大。</p>\n<p>运势：表面风光，内里空虚，必须充实自己，凡事宜踏实、按部就班。</p>\n<p>事业：顺利，小有成绩，宜即时总结经验，图谋更大的发展。树立信心，不计较一时的得失。追求实质性的内容，慎重行事，不要随波逐流，寻求有实力的人物提携自己。</p>\n<p>经商：开始会遇到困难，不应灰心，宜全面分析形势，大胆开拓，勇敢地投入，联合他人，共同合作，根据市场，运转业务。</p>\n<p>求名：不可过多地注重外表，而应着重于内在的素质。大胆地推荐自己，但应坚持自己的理想。</p>\n<p>婚恋：慎重选择，有合适者，则应迫切追求，不可三心二意，务必专一。注重对方的内在气质，勿为表面现象所欺骗。</p>\n<p>决策：喜爱注重外表，缺乏追求内在气质的恒心。生性较为浮躁，好务虚名，往往因此而碰壁，或半途而废。在事实的教育下，改变不切实际的做法，明察社会和人生，会有所收敛，变得自持，注重自身修养，成全事业，中年以后会大有作为，老年仍可发挥余热。</p>\n<p>第二十二卦的哲学含义</p>\n<p>贲卦卦象，山火贲卦的象征意义</p>\n<p>山火贲贲，这个卦是异卦相叠，下卦为离，上卦为艮。离为火为明；艮为山为止。</p>\n<p>贲，指贝壳的光泽。光泽和贝壳相互映衬，彼此装饰，色彩交错，合为一体，显得文雅又光明。因此，贲含有装饰和文明之意。贲卦论述文与质的关系，以质为主，以文调节，文明而有节制。</p>\n<p>《象》曰：“山下有火，贲。君子以明庶政，无敢折狱。”《象》中指出：离火在下，艮山在上，所以离下艮上之卦如同山下有火一般，形成山火相映，彼此装饰之势，故本卦起名为贲。君子应该学习这种精神，以光明磊落的行为处理各种政事，对人狱的事，不可轻易地决断。</p>\n<p>贲卦属于中上卦，象征装饰，告诉人们饰外扬质，返朴归真的道理，告诫人们要笃实平淡，不慕虚名。贲卦启示了饰外扬质的道理，属于中上卦。《象》对此卦的断语是：近来运转锐气周，窈窕淑女君子求，钟鼓乐之大吉庆，占者逢之喜临头。</p>",
    "title": "九三爻",
    "content": "<p>九三爻辞</p><p>九三。贲如，濡如，永贞吉。</p><p>象曰：永贞之吉，终莫之陵也。</p><p>白话文解释</p><p>九三：奔跑向前，汗流浃背。卜问长时期的凶吉而得吉兆。</p><p>《象辞》说：永远贞正，必吉利，因为决没有人侵凌正人君子。</p><p>北宋易学家邵雍解</p><p>吉：得此爻者，好运来到，不必费力，自然荣盛，即使有是非纠纷，也不足为患。做官的与人和睦，能居要职。</p><p>台湾国学大儒傅佩荣解</p><p>时运：名利双收，光华润泽。</p><p>财运：财源如水，可保基业。</p><p>家宅：可以久居；百年偕老。</p><p>身体：游泳健身。</p><p>九三变卦</p><p>九三爻动变得周易第27卦：山雷颐。这个卦是异卦（下震上艮）相叠。震为雷，艮为山。山在上而雷在下，外实内虚。春暖万物养育，依时养贤育民。阳实阴虚，实者养人，虚者为人养。自食其力。</p><p>九三爻</p><p>的哲学含义</p><p>贲卦第三爻，爻辞：九三：贲如，濡如，永贞吉。</p><p>九三：贲如，濡如，永贞吉。爻辞释义</p><p>本爻的意思是：装饰得光泽柔润，永远坚守正道，便可获得吉祥。这里讲的是对全身的打扮，用油脂把皮肤涂抹得湿润而有光泽，穿上焕然一新的新服。内心守正道就会吉祥。这就是说，打扮不能只打扮外表，也要注重心灵美。心中有道德，并且能坚持这种美德，所以就会吉祥。在太平盛世，一个衣着得体整洁，显得光彩照人，并且内心既善良又纯正，也就是说外表美与心灵美相统一，表里如一的人，怎么能不吉祥呢？对于这种人，领导也愿意任用他，提拔他；周围邻居、左右同事也愿意与他交往。</p><p>我们常看到这样的情景：一到喜庆之日，许多人家就开始给大门或一些建筑刷漆，重新装饰，使其面貌一新。占得此爻，正处于这种情景之中，意味着有喜</p><p>事来临，非常吉祥。</p><p>九三这一爻处在互坎〔六二、九三、六四）之中，坎为水，水有润泽之意。九三又是阳爻居阳位，得势。占得此爻者，事业、感情等方面都很顺利，不过要注意坚守正道，不要得意忘形。</p><p>贲卦第三爻，爻辞：九三：贲如，濡如，永贞吉。</p><p>九三：贲如，濡如，永贞吉。爻辞释义</p><p>本爻的意思是：装饰得光泽柔润，永远坚守正道，便可获得吉祥。这里讲的是对全身的打扮，用油脂把皮肤涂抹得湿润而有光泽，穿上焕然一新的新服。内心守正道就会吉祥。这就是说，打扮不能只打扮外表，也要注重心灵美。心中有道德，并且能坚持这种美德，所以就会吉祥。在太平盛世，一个衣着得体整洁，显得光彩照人，并且内心既善良又纯正，也就是说外表美与心灵美相统一，表里如一的人，怎么能不吉祥呢？对于这种人，领导也愿意任用他，提拔他；周围邻居、左右同事也愿意与他交往。</p><p>我们常看到这样的情景：一到喜庆之日，许多人家就开始给大门或一些建筑刷漆，重新装饰，使其面貌一新。占得此爻，正处于这种情景之中，意味着有喜</p><p>事来临，非常吉祥。</p><p>九三这一爻处在互坎〔六二、九三、六四）之中，坎为水，水有润泽之意。九三又是阳爻居阳位，得势。占得此爻者，事业、感情等方面都很顺利，不过要注意坚守正道，不要得意忘形。</p>",
    "bgtitle": "山雷颐",
    "bgcontent": "这个卦是异卦（下震上艮）相叠。震为雷，艮为山。山在上而雷在下，外实内虚。春暖万物养育，依时养贤育民。阳实阴虚，实者养人，虚者为人养。自食其力。"
}