{
    "gname": "山火贲",
    "gcontent": "<p>周易第二十二卦详解</p>\n<p>贲卦原文</p>\n<p>贲。亨。小利有攸往。</p>\n<p>象曰：山下有火，贲。君子以明庶政，无敢折狱。</p>\n<p>白话文解释</p>\n<p>贲卦：通达。有所往则有小利。</p>\n<p>《象辞》说：本卦上卦为艮为山，下卦为离为火，山下有火，火燎群山，这是贲卦的卦象。君子观此卦象，思及猛火燎山，玉石俱焚，草木皆尽，以此为戒，从而明察各项政事，不敢以威猛断狱。</p>\n<p>《断易天机》解</p>\n<p>贲卦艮上离下，为艮宫初世卦。贲为装饰之意，离为明，艮为止，表示有文明的制度使人们止于一定的规范，因此多为吉兆。</p>\n<p>北宋易学家邵雍解</p>\n<p>文饰光明，外实内需；隐忧之时，量力而为。</p>\n<p>得此卦者，表面风光，内在空虚，多虚少实。宜充实自己，稳重行事，量力而为。</p>\n<p>台湾国学大儒傅佩荣解</p>\n<p>时运：上有阻力，不可任意。</p>\n<p>财运：经理精明，须防套牢。</p>\n<p>家宅：小心火灾。</p>\n<p>身体：郁火上升，慎用寒剂。</p>\n<p>传统解卦</p>\n<p>这个卦是异卦（下离上艮）相叠。离为火为明；艮为山为止。文明而有节制。贲卦论述文与质的关系，以质为主，以文调节。贲，文饰、修饰。</p>\n<p>大象：日落西山，照耀通明，华美灿烂，同时喻光明力量渐消，阴暗的力量扩大。</p>\n<p>运势：表面风光，内里空虚，必须充实自己，凡事宜踏实、按部就班。</p>\n<p>事业：顺利，小有成绩，宜即时总结经验，图谋更大的发展。树立信心，不计较一时的得失。追求实质性的内容，慎重行事，不要随波逐流，寻求有实力的人物提携自己。</p>\n<p>经商：开始会遇到困难，不应灰心，宜全面分析形势，大胆开拓，勇敢地投入，联合他人，共同合作，根据市场，运转业务。</p>\n<p>求名：不可过多地注重外表，而应着重于内在的素质。大胆地推荐自己，但应坚持自己的理想。</p>\n<p>婚恋：慎重选择，有合适者，则应迫切追求，不可三心二意，务必专一。注重对方的内在气质，勿为表面现象所欺骗。</p>\n<p>决策：喜爱注重外表，缺乏追求内在气质的恒心。生性较为浮躁，好务虚名，往往因此而碰壁，或半途而废。在事实的教育下，改变不切实际的做法，明察社会和人生，会有所收敛，变得自持，注重自身修养，成全事业，中年以后会大有作为，老年仍可发挥余热。</p>\n<p>第二十二卦的哲学含义</p>\n<p>贲卦卦象，山火贲卦的象征意义</p>\n<p>山火贲贲，这个卦是异卦相叠，下卦为离，上卦为艮。离为火为明；艮为山为止。</p>\n<p>贲，指贝壳的光泽。光泽和贝壳相互映衬，彼此装饰，色彩交错，合为一体，显得文雅又光明。因此，贲含有装饰和文明之意。贲卦论述文与质的关系，以质为主，以文调节，文明而有节制。</p>\n<p>《象》曰：“山下有火，贲。君子以明庶政，无敢折狱。”《象》中指出：离火在下，艮山在上，所以离下艮上之卦如同山下有火一般，形成山火相映，彼此装饰之势，故本卦起名为贲。君子应该学习这种精神，以光明磊落的行为处理各种政事，对人狱的事，不可轻易地决断。</p>\n<p>贲卦属于中上卦，象征装饰，告诉人们饰外扬质，返朴归真的道理，告诫人们要笃实平淡，不慕虚名。贲卦启示了饰外扬质的道理，属于中上卦。《象》对此卦的断语是：近来运转锐气周，窈窕淑女君子求，钟鼓乐之大吉庆，占者逢之喜临头。</p>",
    "title": "上九爻",
    "content": "<p>上九爻辞</p><p>上九。白贲，无咎。</p><p>象曰：白贲无咎，上得志也。</p><p>白话文解释</p><p>上九：送上白底饰以诸色花纹的布帛，不会坏事。</p><p>《象辞》说：白底的布帛饰以诸色花纹，没有灾祸，因为上九居一卦之首位，像人高高在上，志得意满。</p><p>北宋易学家邵雍解</p><p>平：得此爻者，须防好运转凶，家中、亲属有长辈或命终。做官的会升迁。</p><p>台湾国学大儒傅佩荣解</p><p>时运：好运已终，恬谈自适。</p><p>财运：直接出售，依然有利。</p><p>家宅：清白高尚。</p><p>身体：清谈解热，可能归天。</p><p>上九变卦</p><p>上九爻动变得周易第36卦：地火明夷。这个卦是异卦（下离上坤）相叠。离为明，坤为顺；离为日；坤为地。日没入地，光明受损，前途不明，环境困难，宜遵时养晦，坚守正道，外愚内慧，韬光养晦。</p><p>上九爻</p><p>的哲学含义</p><p>贲卦第六爻，爻辞：上九：白贲，无咎。</p><p>上九：白贲，无咎。爻辞释义</p><p>白：指白色，引申为纯洁，天然的本色，含返朴归真之意。本爻辞的意思是：用白色来装饰，不喜好华丽，没有祸害。白色是朴素的颜色，可是它的装饰效果却非常好。上九表示事物的极至，一般来讲，事物一发展到极至便不太好了。可是对于装饰则不然，因为装饰的极至是返回到朴素状态中来，是返回到简单的状态中来。我们通过我国建国后的穿着打扮就会发现，打扮的最高境界仍然是朴素。比如八十年代以前，人们的穿着是统一的蓝、绿、红。八十年代后，生活水平提高了，人们幵始穿奇装异服，衣服的颜色也五颜六色，样式五花八门，但今天我们再一看，主领服装市场的还是朴素的单色服装。而白色服装一直是高贵的柄^志，从几千年前至今天没有改变过。蓝色服装一直是销量最大的服装，也是人们穿着最多的一种服装。所以说，修饰、装饰的艺术，也有一个循环的过程，当发展到极至后，又回到初始。</p><p>《象》曰：“白贲，无咎”，上得志也。</p><p>这是告诉人们：回到最初的纯洁状态，不要用外部的装饰去美化，在简朴实用的形式之中，更能欣赏到生活本身的自然之美。</p><p>占得此爻者，如果你想去见某个人，不用刻意打扮，保持自然美，就不会有过错。</p>",
    "bgtitle": "地火明夷",
    "bgcontent": "这个卦是异卦（下离上坤）相叠。离为明，坤为顺；离为日；坤为地。日没入地，光明受损，前途不明，环境困难，宜遵时养晦，坚守正道，外愚内慧，韬光养晦。"
}