{
    "gname": "山火贲",
    "gcontent": "<p>周易第二十二卦详解</p>\n<p>贲卦原文</p>\n<p>贲。亨。小利有攸往。</p>\n<p>象曰：山下有火，贲。君子以明庶政，无敢折狱。</p>\n<p>白话文解释</p>\n<p>贲卦：通达。有所往则有小利。</p>\n<p>《象辞》说：本卦上卦为艮为山，下卦为离为火，山下有火，火燎群山，这是贲卦的卦象。君子观此卦象，思及猛火燎山，玉石俱焚，草木皆尽，以此为戒，从而明察各项政事，不敢以威猛断狱。</p>\n<p>《断易天机》解</p>\n<p>贲卦艮上离下，为艮宫初世卦。贲为装饰之意，离为明，艮为止，表示有文明的制度使人们止于一定的规范，因此多为吉兆。</p>\n<p>北宋易学家邵雍解</p>\n<p>文饰光明，外实内需；隐忧之时，量力而为。</p>\n<p>得此卦者，表面风光，内在空虚，多虚少实。宜充实自己，稳重行事，量力而为。</p>\n<p>台湾国学大儒傅佩荣解</p>\n<p>时运：上有阻力，不可任意。</p>\n<p>财运：经理精明，须防套牢。</p>\n<p>家宅：小心火灾。</p>\n<p>身体：郁火上升，慎用寒剂。</p>\n<p>传统解卦</p>\n<p>这个卦是异卦（下离上艮）相叠。离为火为明；艮为山为止。文明而有节制。贲卦论述文与质的关系，以质为主，以文调节。贲，文饰、修饰。</p>\n<p>大象：日落西山，照耀通明，华美灿烂，同时喻光明力量渐消，阴暗的力量扩大。</p>\n<p>运势：表面风光，内里空虚，必须充实自己，凡事宜踏实、按部就班。</p>\n<p>事业：顺利，小有成绩，宜即时总结经验，图谋更大的发展。树立信心，不计较一时的得失。追求实质性的内容，慎重行事，不要随波逐流，寻求有实力的人物提携自己。</p>\n<p>经商：开始会遇到困难，不应灰心，宜全面分析形势，大胆开拓，勇敢地投入，联合他人，共同合作，根据市场，运转业务。</p>\n<p>求名：不可过多地注重外表，而应着重于内在的素质。大胆地推荐自己，但应坚持自己的理想。</p>\n<p>婚恋：慎重选择，有合适者，则应迫切追求，不可三心二意，务必专一。注重对方的内在气质，勿为表面现象所欺骗。</p>\n<p>决策：喜爱注重外表，缺乏追求内在气质的恒心。生性较为浮躁，好务虚名，往往因此而碰壁，或半途而废。在事实的教育下，改变不切实际的做法，明察社会和人生，会有所收敛，变得自持，注重自身修养，成全事业，中年以后会大有作为，老年仍可发挥余热。</p>\n<p>第二十二卦的哲学含义</p>\n<p>贲卦卦象，山火贲卦的象征意义</p>\n<p>山火贲贲，这个卦是异卦相叠，下卦为离，上卦为艮。离为火为明；艮为山为止。</p>\n<p>贲，指贝壳的光泽。光泽和贝壳相互映衬，彼此装饰，色彩交错，合为一体，显得文雅又光明。因此，贲含有装饰和文明之意。贲卦论述文与质的关系，以质为主，以文调节，文明而有节制。</p>\n<p>《象》曰：“山下有火，贲。君子以明庶政，无敢折狱。”《象》中指出：离火在下，艮山在上，所以离下艮上之卦如同山下有火一般，形成山火相映，彼此装饰之势，故本卦起名为贲。君子应该学习这种精神，以光明磊落的行为处理各种政事，对人狱的事，不可轻易地决断。</p>\n<p>贲卦属于中上卦，象征装饰，告诉人们饰外扬质，返朴归真的道理，告诫人们要笃实平淡，不慕虚名。贲卦启示了饰外扬质的道理，属于中上卦。《象》对此卦的断语是：近来运转锐气周，窈窕淑女君子求，钟鼓乐之大吉庆，占者逢之喜临头。</p>",
    "title": "初九爻",
    "content": "<p>初九爻辞</p><p>初九。贲其趾，舍车而徒。</p><p>象曰：舍车而徒，义弗乘也。</p><p>白话文解释</p><p>初九：脚穿花鞋，舍车不乘，徒步而行。</p><p>《象辞》说：舍车不乘，徒步而行，为显示鞋子之美丽，理应不乘车。</p><p>北宋易学家邵雍解</p><p>平：得此爻者，多奔波，静凶动吉。做官的须防退职之患。</p><p>台湾国学大儒傅佩荣解</p><p>时运：个性清高，德优于名。</p><p>财运：脚踏实地，虽小亦亨。</p><p>家宅：勤俭起家，知足不辱。</p><p>身体：初起之病，自可痊愈。</p><p>初九变卦</p><p>初九爻动变得周易第52卦：艮为山。这个卦是同卦（下艮上艮）相叠。艮为山，二山相重，喻静止。它和震卦相反。高潮过后，必然出现低潮，进入事物的相对静止阶段。静止如山，宜止则止，宜行则行。行止即动和静，都不可失机，应恰到好处，动静得宜，适可而止。</p><p>初九爻的哲学含义</p><p>贲卦第一爻，爻辞：初九：贲其趾，舍车而徒。</p><p>初九：贲其趾，舍车而徒。爻辞释义</p><p>贯：是指装饰。址：指脚址。徒：指步行。</p><p>本爻的意思是：装饰自己的脚趾头，舍弃乘坐马车而徒步行走。初九代表社会的下层，社会的下层一般是不坐车的。由于生活富裕了，所以为了走路方便，便开始对脚进行修饰了。怎么修饰呢？剪剪趾甲，把脚洗净了，穿上舒适而结实的鞋子，这就是“贲其趾”。当然，古时的女人，还可以在趾甲上涂上各种颜色，来美化双脚。</p><p>《象》曰：“舍车而徒”，义弗乘也。也就是说，初九“舍弃乘坐车马而徒步行走”，这是因为按道义不该乘坐车马。</p><p>占得此爻者，要想发展事业，靠别人是靠不住的，想搭便车是行不通的，不如自己做好准备，脚踏实地，一步一个脚印地去做，这样虽然慢一点，但是更有</p><p>效。</p><p>占得此爻者，还要注意一种情况，本来是可以乘车的，但是因为自己的脚趾做了修饰，或者穿上了一双新的漂亮的鞋子，为了显示一下，故意有车不坐，这种故作清高、爱好表现的作法需要改正。</p>",
    "bgtitle": "艮为山",
    "bgcontent": ""
}