{
    "gname": "山雷颐",
    "gcontent": "<p>周易第二十七卦详解</p>\n<p>颐卦原文</p>\n<p>颐。贞吉。观颐，自求口实。</p>\n<p>象曰：山下有雷，颐。君子以慎言语，节饮食。</p>\n<p>白话文解释</p>\n<p>颐卦：占卜得吉兆。研究颐养之道，在于自食其力。</p>\n<p>《象辞》说：本卦上卦为艮为山，下卦为震为雷，雷出山中，万物萌发，这是颐卦的卦象。君子观此卦象，思生养之不易，从而谨慎言语，避免灾祸。节制饮食，修身养性。</p>\n<p>《断易天机》解</p>\n<p>颐卦艮上震下，为巽宫游魂卦。颐为修养、调养，雷震于山，为春来之兆，万物开始生养，因此颐卦为发展之兆，多主吉。</p>\n<p>北宋易学家邵雍解</p>\n<p>养正养育，谨言节食；观察实务，自知审慎。</p>\n<p>得此卦者，对于言语及饮食，均须谨慎。宜守正道，谨言慎行，心怀阴谋者会招灾祸。</p>\n<p>台湾国学大儒傅佩荣解</p>\n<p>时运：生机显达，谨言慎行。</p>\n<p>财运：内外升降，未必流通。</p>\n<p>家宅：小心防火；贤妇从夫。</p>\n<p>身体：上寒下热，五日乃愈。</p>\n<p>传统解卦</p>\n<p>这个卦是异卦（下震上艮）相叠。震为雷，艮为山。山在上而雷在下，外实内虚。春暖万物养育，依时养贤育民。阳实阴虚，实者养人，虚者为人养。自食其力。</p>\n<p>大象：形如口腔之象，取其饮食之道，须慎言，注重日常生活。</p>\n<p>运势：处事欠缺周详考虑，不宜心怀阴谋，要守正道而善方吉。</p>\n<p>事业：凡事得靠个人追求，自己奋斗，而不能依赖他人。更不得用不光彩的手段谋求财物。只要遵循正道，自食其力，谨言慎行，一定会有好的机遇。这时，经过一番艰苦奋斗，能够成功。</p>\n<p>经商：不得急于求成，应谨慎小心，循序渐进，诚以待人，真诚与他人合作，因时制宜，不断追求新的开拓方向，必要时可适当冒险。</p>\n<p>求名：以丰富自身知识为目的，知足安乐，刻苦努力，成功的希望极大。</p>\n<p>婚恋：不可急于求成，关键在于加强自己的修养。一旦选中应全力追求，尤其不可三心二意。</p>\n<p>决策：注意道德修养，乐于尽力而为地去帮助他人，救人急难，不贪求不应得到的财物。因此，能受到他人的尊重，也能不断得到外来的援助，个人事业十分顺利，成功的可能性很大。尤其不可粗心大意，牢记成就大阻力也大的道理。</p>\n<p>第二十七卦的哲学含义</p>\n<p>颐卦卦象，山雷颐卦的象征意义</p>\n<p>颐卦，是异卦相叠，震在下卦，艮在上卦。震为雷，艮为山。山在上而雷在下，外实内虚。</p>\n<p>《象》曰：山下有雷，君子以慎言语，节饮食。这里指出，颐卦的卦象是震（雷）下艮（山）上，为雷在山下震动之表象，引申为咀嚼食物时上颚静止、下颚活动的状态，因而象征颐养；颐养必须坚守正道，所以君子应当言语谨慎以培养美好的品德，节制饮食以养育健康的身体。春暖万物养育，依时养贤育民。阳实阴虚，实者养人，虚者为人养。</p>\n<p>从卦象上分析，中间的阴爻代表牙齿，上下的两个阳爻代表牙齿外围的两腮、嘴唇及下巴。颐卦上卦为艮为山，下卦为震为雷，山下有雷便是颐卦的卦象。山下怎么会有雷呢？其实指的是山中的巨响，山中由于地壳变化会发生巨大的声响，有时还会因此而发生山崩或地震等自然现象，山崩或地震会使山因倒塌而埋藏大山表面的万物，古人认为这是山在吃东西——这是最大的“吃”的形象，所以用这一形象代表所有的饮食之道。人吃东西时嘴中也会发出声响，所以与山吃东西有相通之处。</p>",
    "title": "九二爻",
    "content": "<p>六二爻辞</p><p>六二。颠颐，拂经；于丘颐，征凶。</p><p>象曰：六二征凶，行失类也。</p><p>白话文解释</p><p>六二：为了糊口，就得在山坡上开荒种地。为了生计而去抢劫别人，这是凶险之事。</p><p>《象辞》说：</p><p>六二爻辞</p><p>说抢劫则凶，因为这种行径违反道义。</p><p>北宋易学家邵雍解</p><p>凶：得此爻者，大起大落，是非不一，凶者病致死。做官的须防被贬职。</p><p>台湾国学大儒傅佩荣解</p><p>时运：侥幸得成，终究是凶。</p><p>财运：不合常理，难免耗损。</p><p>家宅：未得其正；妇道可议。</p><p>身体：头昏眼花，小心调养。</p><p>六二变卦</p><p>六二爻动变得周易第41卦：山泽损。这个卦是异卦（下兑上艮）相叠。艮为山；兑为泽。上山下泽，大泽浸蚀山根。损益相间，损中有益，益中有损。二者之间，不可不慎重对待。损下益上，治理国家，过度会损伤国基。应损则损，但必量力、适度。少损而益最佳。</p><p>九二爻</p><p>的哲学含义</p><p>颐卦第二爻，爻辞：六二：颠颐，拂经，于丘颐，征凶。爻辞释义</p><p>颠：指颠倒。拂经：拂，是指违背、违逆之意。经，指经常，这里指常规之理。丘：本指高出平地的小山，这里指的是卦中的上九阳爻。征：上行远征。</p><p>本爻辞的意思是：颠倒养育方式，反过来向下属乞求食物以获取奉养，是违背常理的。往高处求养育，则前进的途中必然遭遇凶险。</p><p>颐卦第二爻，爻辞：六二：颠颐，拂经，于丘颐，征凶。人生启示</p><p>从六二这一爻可以看出，人要是不能自力更生，是挺危险的事情。六二由于不能自养，就去求救于下属，也就是下爻初九。要知道，这是违背正常的供养之道的。作为上级或领导，你应该有能力来养活下属，若是向下属求助，则颠倒了这种规律，好比老板不给员工开工资，反而向员工借钱花一样，是很危险的。若不下求，去上求，找外援，也是难以如愿的。</p><p>占得此爻者，一定要有自力更生的意识，你是上下都指望不上的。下级没有能力帮助你，而外援也不会帮助你。《象》曰：六二“征凶”，行失类也。这里指出，六二所要求助的外援，并不是其同类，类似于非亲非友，人家不会伸手援助的。当务之急，靠自己的能力和努力来养活自己，来走出困境。当然，若是你不能自立而有人来帮助你，你不要嫌弃人家能力有限，势力太小，而去寻求更有能力、有势力的人来帮助自己，这样你会失去原来的帮助，也得不到新的帮助，结局很凶险。</p><p>六二：颠颐，拂经，于丘颐，征凶。</p><p>象曰：六二征凶，行失类也。</p><p>经文意思是：躺着吃东西，违背养生常规，在土堆边吃东西，征讨有凶险。象舌羊意思是：六二征讨有凶险，是因为他的行为会失去同类。</p><p>爻相当于大夫之位，所以生活较为富裕，于是养成了好吃懒做的习惯。这样就违背了养生之道，把身体养得又肥又胖，与人争斗自然不会成为赢家，所以“征凶”，古代文献中记载，当时一些富裕的人们是极其注重饮食享乐的，在吃的方面非常讲究，并且往往吃饱了之后，还想吃，怎么办呢？有些医生便发明了一种可以使人呕吐的药方，人们吃完美味佳肴后，便吃这种药，吐了之后，再接着吃。这么吃，并且又不运动，身体素质肯定不会提髙，所以一旦出现争战之事，只能吃败仗了。</p>",
    "bgtitle": "山泽损",
    "bgcontent": "这个卦是异卦（下兑上艮）相叠。艮为山；兑为泽。上山下泽，大泽浸蚀山根。损益相间，损中有益，益中有损。二者之间，不可不慎重对待。损下益上，治理国家，过度会损伤国基。应损则损，但必量力、适度。少损而益最佳。"
}