{
    "gname": "山雷颐",
    "gcontent": "<p>周易第二十七卦详解</p>\n<p>颐卦原文</p>\n<p>颐。贞吉。观颐，自求口实。</p>\n<p>象曰：山下有雷，颐。君子以慎言语，节饮食。</p>\n<p>白话文解释</p>\n<p>颐卦：占卜得吉兆。研究颐养之道，在于自食其力。</p>\n<p>《象辞》说：本卦上卦为艮为山，下卦为震为雷，雷出山中，万物萌发，这是颐卦的卦象。君子观此卦象，思生养之不易，从而谨慎言语，避免灾祸。节制饮食，修身养性。</p>\n<p>《断易天机》解</p>\n<p>颐卦艮上震下，为巽宫游魂卦。颐为修养、调养，雷震于山，为春来之兆，万物开始生养，因此颐卦为发展之兆，多主吉。</p>\n<p>北宋易学家邵雍解</p>\n<p>养正养育，谨言节食；观察实务，自知审慎。</p>\n<p>得此卦者，对于言语及饮食，均须谨慎。宜守正道，谨言慎行，心怀阴谋者会招灾祸。</p>\n<p>台湾国学大儒傅佩荣解</p>\n<p>时运：生机显达，谨言慎行。</p>\n<p>财运：内外升降，未必流通。</p>\n<p>家宅：小心防火；贤妇从夫。</p>\n<p>身体：上寒下热，五日乃愈。</p>\n<p>传统解卦</p>\n<p>这个卦是异卦（下震上艮）相叠。震为雷，艮为山。山在上而雷在下，外实内虚。春暖万物养育，依时养贤育民。阳实阴虚，实者养人，虚者为人养。自食其力。</p>\n<p>大象：形如口腔之象，取其饮食之道，须慎言，注重日常生活。</p>\n<p>运势：处事欠缺周详考虑，不宜心怀阴谋，要守正道而善方吉。</p>\n<p>事业：凡事得靠个人追求，自己奋斗，而不能依赖他人。更不得用不光彩的手段谋求财物。只要遵循正道，自食其力，谨言慎行，一定会有好的机遇。这时，经过一番艰苦奋斗，能够成功。</p>\n<p>经商：不得急于求成，应谨慎小心，循序渐进，诚以待人，真诚与他人合作，因时制宜，不断追求新的开拓方向，必要时可适当冒险。</p>\n<p>求名：以丰富自身知识为目的，知足安乐，刻苦努力，成功的希望极大。</p>\n<p>婚恋：不可急于求成，关键在于加强自己的修养。一旦选中应全力追求，尤其不可三心二意。</p>\n<p>决策：注意道德修养，乐于尽力而为地去帮助他人，救人急难，不贪求不应得到的财物。因此，能受到他人的尊重，也能不断得到外来的援助，个人事业十分顺利，成功的可能性很大。尤其不可粗心大意，牢记成就大阻力也大的道理。</p>\n<p>第二十七卦的哲学含义</p>\n<p>颐卦卦象，山雷颐卦的象征意义</p>\n<p>颐卦，是异卦相叠，震在下卦，艮在上卦。震为雷，艮为山。山在上而雷在下，外实内虚。</p>\n<p>《象》曰：山下有雷，君子以慎言语，节饮食。这里指出，颐卦的卦象是震（雷）下艮（山）上，为雷在山下震动之表象，引申为咀嚼食物时上颚静止、下颚活动的状态，因而象征颐养；颐养必须坚守正道，所以君子应当言语谨慎以培养美好的品德，节制饮食以养育健康的身体。春暖万物养育，依时养贤育民。阳实阴虚，实者养人，虚者为人养。</p>\n<p>从卦象上分析，中间的阴爻代表牙齿，上下的两个阳爻代表牙齿外围的两腮、嘴唇及下巴。颐卦上卦为艮为山，下卦为震为雷，山下有雷便是颐卦的卦象。山下怎么会有雷呢？其实指的是山中的巨响，山中由于地壳变化会发生巨大的声响，有时还会因此而发生山崩或地震等自然现象，山崩或地震会使山因倒塌而埋藏大山表面的万物，古人认为这是山在吃东西——这是最大的“吃”的形象，所以用这一形象代表所有的饮食之道。人吃东西时嘴中也会发出声响，所以与山吃东西有相通之处。</p>",
    "title": "上九爻",
    "content": "<p>上九爻辞</p><p>上九。由颐，厉吉。利涉大川。</p><p>象曰：由颐厉吉，大有庆也。</p><p>白话文解释</p><p>上九：遵循生活正道，先艰难而终吉利。筮遇此爻，有利于涉水渡河。</p><p>《象辞》说：遵循生活正道，先艰难而终吉利，因为善良之人终得善报。</p><p>北宋易学家邵雍解</p><p>吉：得此爻者，营谋有成，无往不利。做官的爵禄荣重。读书人会取得佳绩。</p><p>台湾国学大儒傅佩荣解</p><p>时运：谨慎努力，可以成功。</p><p>财运：辛苦经营，才有收获。</p><p>家宅：合家平安。</p><p>身体：虽危无碍。</p><p>上九变卦</p><p>上九爻动变得周易第24卦：地雷复。这个卦是异卦（下震上坤）相叠。震为雷、为动；坤为地、为顺，动则顺，顺其自然。动在顺中，内阳外阴，循序运动，进退自如，利于前进。</p><p>上九爻</p><p>的哲学含义</p><p>颐卦第六爻，爻辞：上九：由颐；厉吉，利涉大川。爻辞释义</p><p>由：经由的意思。厉：指危险。</p><p>本爻辞的意思是：天下百姓都依靠他的养育而得以安居乐业；肩负如此重任，必须谨防危险，有所戒惧才能获得吉祥，这样也才能排除万难，就像顺利涉过大河一样。</p><p>能力越强，责任越大，这样的人也常常被视为英雄一样的人物。上九这一爻，指代的就是这样的人物。在颐这一卦之中，上九下面的其他爻都想指望其来供养，上九可以说肩负重任。这一爻和三国时期的诸葛亮很像，特别是在刘备去世之后，后主刘禅软弱无能。内政外交，安邦济民，全都有由诸葛亮来承担。诸葛亮常怀危厉之心，处事谨慎，兢兢业业，留下了千古美名。</p><p>占得此爻者，在单位中虽然不是老板，但却是单位的顶梁柱，担负着上下的重任。应该内怀危厉之心，外尽竭诚之力，终获吉祥。</p><p>占得此爻者，由于遵守正确的生活规律和养生之道，经过锻炼，身上的疾病消除，恢复了健康，获得了吉利，可以外出或旅行了。</p><p>上九处于极亢之位，虽然养尊处优，但消退的危险迫在眉睫，所以显得处于危险之中。可是他有六三与之相应，</p><p>上九：由颐，厉吉，利涉大川。</p><p>象曰：由颐厉吉，大有庆也。</p><p>经文意思是：由此得到养生，表面上危险实则吉祥，有利于跋涉大川。</p><p>象辞意思是：由此得到养生，表面上危险实则吉祥，这是由于有喜庆的事情。</p><p>也就是说可以得到下面众人或其他势力的支持，所以他有利于渡过大的险阻，通过行动改变自己的处境。由于有其他势力的支持，最终会行动成功，所以最终会吉祥。</p>",
    "bgtitle": "地雷复",
    "bgcontent": "这个卦是异卦（下震上坤）相叠。震为雷、为动；坤为地、为顺，动则顺，顺其自然。动在顺中，内阳外阴，循序运动，进退自如，利于前进。"
}