{
    "gname": "山雷颐",
    "gcontent": "<p>周易第二十七卦详解</p>\n<p>颐卦原文</p>\n<p>颐。贞吉。观颐，自求口实。</p>\n<p>象曰：山下有雷，颐。君子以慎言语，节饮食。</p>\n<p>白话文解释</p>\n<p>颐卦：占卜得吉兆。研究颐养之道，在于自食其力。</p>\n<p>《象辞》说：本卦上卦为艮为山，下卦为震为雷，雷出山中，万物萌发，这是颐卦的卦象。君子观此卦象，思生养之不易，从而谨慎言语，避免灾祸。节制饮食，修身养性。</p>\n<p>《断易天机》解</p>\n<p>颐卦艮上震下，为巽宫游魂卦。颐为修养、调养，雷震于山，为春来之兆，万物开始生养，因此颐卦为发展之兆，多主吉。</p>\n<p>北宋易学家邵雍解</p>\n<p>养正养育，谨言节食；观察实务，自知审慎。</p>\n<p>得此卦者，对于言语及饮食，均须谨慎。宜守正道，谨言慎行，心怀阴谋者会招灾祸。</p>\n<p>台湾国学大儒傅佩荣解</p>\n<p>时运：生机显达，谨言慎行。</p>\n<p>财运：内外升降，未必流通。</p>\n<p>家宅：小心防火；贤妇从夫。</p>\n<p>身体：上寒下热，五日乃愈。</p>\n<p>传统解卦</p>\n<p>这个卦是异卦（下震上艮）相叠。震为雷，艮为山。山在上而雷在下，外实内虚。春暖万物养育，依时养贤育民。阳实阴虚，实者养人，虚者为人养。自食其力。</p>\n<p>大象：形如口腔之象，取其饮食之道，须慎言，注重日常生活。</p>\n<p>运势：处事欠缺周详考虑，不宜心怀阴谋，要守正道而善方吉。</p>\n<p>事业：凡事得靠个人追求，自己奋斗，而不能依赖他人。更不得用不光彩的手段谋求财物。只要遵循正道，自食其力，谨言慎行，一定会有好的机遇。这时，经过一番艰苦奋斗，能够成功。</p>\n<p>经商：不得急于求成，应谨慎小心，循序渐进，诚以待人，真诚与他人合作，因时制宜，不断追求新的开拓方向，必要时可适当冒险。</p>\n<p>求名：以丰富自身知识为目的，知足安乐，刻苦努力，成功的希望极大。</p>\n<p>婚恋：不可急于求成，关键在于加强自己的修养。一旦选中应全力追求，尤其不可三心二意。</p>\n<p>决策：注意道德修养，乐于尽力而为地去帮助他人，救人急难，不贪求不应得到的财物。因此，能受到他人的尊重，也能不断得到外来的援助，个人事业十分顺利，成功的可能性很大。尤其不可粗心大意，牢记成就大阻力也大的道理。</p>\n<p>第二十七卦的哲学含义</p>\n<p>颐卦卦象，山雷颐卦的象征意义</p>\n<p>颐卦，是异卦相叠，震在下卦，艮在上卦。震为雷，艮为山。山在上而雷在下，外实内虚。</p>\n<p>《象》曰：山下有雷，君子以慎言语，节饮食。这里指出，颐卦的卦象是震（雷）下艮（山）上，为雷在山下震动之表象，引申为咀嚼食物时上颚静止、下颚活动的状态，因而象征颐养；颐养必须坚守正道，所以君子应当言语谨慎以培养美好的品德，节制饮食以养育健康的身体。春暖万物养育，依时养贤育民。阳实阴虚，实者养人，虚者为人养。</p>\n<p>从卦象上分析，中间的阴爻代表牙齿，上下的两个阳爻代表牙齿外围的两腮、嘴唇及下巴。颐卦上卦为艮为山，下卦为震为雷，山下有雷便是颐卦的卦象。山下怎么会有雷呢？其实指的是山中的巨响，山中由于地壳变化会发生巨大的声响，有时还会因此而发生山崩或地震等自然现象，山崩或地震会使山因倒塌而埋藏大山表面的万物，古人认为这是山在吃东西——这是最大的“吃”的形象，所以用这一形象代表所有的饮食之道。人吃东西时嘴中也会发出声响，所以与山吃东西有相通之处。</p>",
    "title": "初九爻",
    "content": "<p>初九爻辞</p><p>初九。舍尔灵龟，观我朵颐，凶。</p><p>象曰：观我朵颐，亦不足贵也。</p><p>白话文解释</p><p>初九：自己储藏着大量的财宝，还要羡嫉人家的财物，必遭凶险之事。</p><p>《象辞》说：羡嫉人家的财物，这不是高尚的行为。</p><p>北宋易学家邵雍解</p><p>凶：得此爻者，为争夺财利而起祸，大凡心底善良守正道者可无忧。做官的会受贿，失其廉。</p><p>台湾国学大儒傅佩荣解</p><p>时运：舍己观人，徒慕虚名。</p><p>财运：经营不顺，别人获利。</p><p>家宅：六神无主；婚姻不谐。</p><p>身体：饮食致病。</p><p>初九变卦</p><p>初九爻动变得周易第23卦：山地剥。这个卦是异卦（下坤上艮）相叠。五阴在下，一阳在上，阴盛而阳孤；高山附于地。二者都是剥落象，故为“剥卦”。此卦阴盛阳衰，喻小人得势，君子困顿，事业败坏。</p><p>初九爻的哲学含义</p><p>颐卦第一爻，爻辞：初九：舍尔灵龟，观我朵颐，凶。爻辞释义</p><p>舍：指舍弃。尔：指你，这里指初九爻。灵龟：是指善于吸气自养而长寿的两栖动物。我：这里指阳爻上九。这里需要说明的是，在这颐卦之中，只有初九和上九两个阳爻，但是初九是靠别人养活自己，上九是自己来养活别人。</p><p>本爻给人的启示是：要自力更生，靠自己的奋斗来养活自己，这样既有尊严，又能体现自己的价值，还能长久。就像神龟一样，自身就具备长寿的能力，</p><p>却舍弃这种能力，而求别人来供养自己，这是自找麻烦的做法。现在许多人的生活方式与此相同，舍己求人，依附于别人，靠别人来养活自己，这样虽然看似自己不用努力，但是却很凶险。</p><p>《象》曰：“观我朵颐”，亦不足贵也。这里指出，“求养于别人”，这里虽然也是重视保养身体，但由于不能坚守正道，是依赖于他人的，所以并不值得推崇。</p><p>初九是阳爻居刚位，以阳刚之质本有能力自己养活自己，但他却有好的条件不用，欲求恩赐，故诫之曰“凶”。</p><p>占得此爻者，如果你能安守本分，满足于简朴的生活，你将拥有一份平静充实的心境。如果你看着碗里，又想着锅里的，反而会挨饿。</p>",
    "bgtitle": "山地剥",
    "bgcontent": "这个卦是异卦（下坤上艮）相叠。五阴在下，一阳在上，阴盛而阳孤；高山附于地。二者都是剥落象，故为“剥卦”。此卦阴盛阳衰，喻小人得势，君子困顿，事业败坏。"
}