{
    "gname": "山水蒙",
    "gcontent": "<p>周易第四卦详解</p>\n<p>蒙卦原文</p>\n<p>蒙。亨。匪我求童蒙，童蒙求我。初筮告，再三渎，渎则不告。利贞。</p>\n<p>象曰：山下出泉，蒙。君子以果行育德。</p>\n<p>白话文解释</p>\n<p>蒙卦：通泰。不是我有求于幼稚愚昧的人，而是幼稚愚昧的人有求于我。第一次占筮，神灵告诉了他。轻慢不敬的再三占筮，轻慢不敬的占筮，神灵就不会告诉他。但还是吉利的卜问。</p>\n<p>《象辞》说：上卦为艮，象征山；下卦为坎，象征泉。山下有泉，泉水喷涌而出，这是蒙卦的卦象。君子观此卦象，取法于一往无前的山泉，从而以果敢坚毅的行动来培养自身的品德。</p>\n<p>《断易天机》解</p>\n<p>蒙卦艮上坎下，为离宫四世卦。蒙即蒙昧，主回还往复，疑惑不前，多忧愁过失，乃是凶卦。</p>\n<p>北宋易学家邵雍解</p>\n<p>智慧未开，蒙昧闭塞；犹豫不决，缺乏果断。</p>\n<p>得此卦者，智慧犹如童蒙，不辨是非，迷失方向；若能顺贤师良友之教，启其聪明则亨通。</p>\n<p>台湾国学大儒傅佩荣解</p>\n<p>时运：蓄积德行，出而用世。</p>\n<p>财运：矿山生意，果决则吉。</p>\n<p>家宅：君子居吉；婚姻之始。</p>\n<p>身体：驱去邪热，可保平安。</p>\n<p>传统解卦</p>\n<p>这个卦是异卦（下坎上艮）相叠，艮是山的形象，喻止；坎是水的形象，喻险。卦形为山下有险，仍不停止前进，是为蒙昧，故称蒙卦。但因把握时机，行动切合时宜，因此，具有启蒙和通达的卦象。</p>\n<p>大象：蒙者，昏而无所见也，故宜「启蒙」。</p>\n<p>运势：初时迷惑不知方向，须忍耐待机而动，凡事多听取别人意见，则运可通。</p>\n<p>事业：事业开始，混乱无序，危机四伏，以勇敢坚毅的行动可以扭转局面。然而必须接受严格教育，培养这种奋发图强的精神。务必脚踏实地，最忌好高骛远，否则会陷入孤立无援的境地。</p>\n<p>经商：务必小心谨慎，不得急功近利，尤其应树立高尚的商业道德，以良好的信誉提高竞争力而取胜。</p>\n<p>求名：必须接受良好的基础教育，陶冶情操。且动机纯正，可以达到目的。</p>\n<p>婚恋：注意考察对方品德，不可以金钱为诱铒。夫妻需相互宽容、理解。</p>\n<p>决策：有时会陷入迷惘困顿的境地，加上胆小、不果断，往往误事。如能接受长辈的教诲，甚至严酷的考验，抛弃疑惧的心理，等待适当时机，必然一帆风顺。</p>\n<p>第四卦的哲学含义</p>\n<p>蒙卦是教育启蒙的智慧，艮为山，坎为泉，山下出泉。泉水始流出山，则必将渐汇成江河,正如蒙稚渐启，又山下有险，因为有险停止不前，所以蒙昧不明。事物发展的初期阶段，必然蒙昧，所以教育是当务之急，养学生纯正无邪的品质，是治蒙之道。</p>\n<p>蒙卦，这个卦是异卦相叠，下卦为坎，上卦为艮。艮是山的形象，喻止；坎是水的形象，喻险。卦形为山下有险，仍不停止前进，是为蒙昧，故称蒙卦。但因把握时机，行动切合时宜;因此，具有启蒙和通达的卦象。</p>\n<p>《蒙》卦是《屯》卦这个始生卦之后的第二卦。《序卦》中说：“物生必蒙，故受之以蒙。蒙者，蒙也，特之稚也。”物之幼稚阶段，有如蒙昧未开的状态，在人则是指童蒙。</p>\n<p>《象》中这样解释蒙卦：山下出泉，蒙；君子以果行育德。</p>",
    "title": "初九爻",
    "content": "<p>初六爻辞</p><p>初六。发蒙，利用刑人，用说桎梏。以往，吝。</p><p>象曰：利用刑人，以正法也。</p><p>白话文解释</p><p>初六：启蒙教育，教育学生开发生产，教师用受刑之人作榜样，给犯人脱去手铐脚镣。往前走有困难。</p><p>《象辞》说：以刑罚惩治罪人是有利的，可以以此来整肃法纪。</p><p>北宋易学家邵雍解</p><p>凶：得此爻者，多有官诉，亲朋不和，多争斗，终能脱解。做官的为教育之职，或为司法系统之职。</p><p>台湾国学大儒傅佩荣解</p><p>时运：求荣反辱，收敛自己。</p><p>财运：避免兴讼，得理即止。</p><p>家宅：谨慎持家；可能罢婚。</p><p>身体：恐有外伤。</p><p>初六变卦</p><p>初六爻动变得周易第41卦：山泽损。这个卦是异卦（下兑上艮）相叠。艮为山；兑为泽。上山下泽，大泽浸蚀山根。损益相间，损中有益，益中有损。二者之间，不可不慎重对待。损下益上，治理国家，过度会损伤国基。应损则损，但必量力、适度。少损而益最佳。</p><p>初九爻</p><p>的哲学含义</p><p>蒙卦第一爻，爻辞：初六：发蒙，利用刑人，用说桎梏。以往吝。</p><p>初六：发蒙，利用刑人，用说桎梏。以往吝。爻辞释义</p><p>刑人：刑是“型”的古文，就是古代制造陶器用的坯模或铸器用的沙范，“刑”在这里可以理解为规范、强行引正，是一种教育。桎梏：木制刑具。说：同“脱”。</p><p>本爻辞的意思是说：启发蒙昧，适宜向人们宣传刑罚规定，以此来规范人们的行为，借此教育人们不去做违法犯罪之事，脱离那些桎梏之苦。如果有人不专心学习这些就前去行事，将来会陷入困难。</p><p>从卦象上看，初六这一爻以阴爻居于刚位，失位。而且没有居中，属于失中，做事冒进，不守正道，像不太懂事的孩子一样乱闯乱动。初六上承九二，九二像师长一样，对其严加管束，适时惩戒，使其走上正道。这样长大后就会遵纪守法，摆脱牢狱之灾。否则，若是任其发展，日后会铸成大错而后悔不及。</p><p>初六这一爻启示的是教育人的一种方法，可以说是榜样的作用，但是采用的是榜样的对立一面：坏典型的作用，由此来警醒人们。比如为了教育人不要违法，向他们宣讲法律法规，还让他们去看一看违法犯罪之人的下场，对他们说道：“如果你一旦犯法，就会像他们一样，戴上手铐脚镣。”通过这种方式，劝诫人们遵纪守法。</p>",
    "bgtitle": "山泽损",
    "bgcontent": "这个卦是异卦（下兑上艮）相叠。艮为山；兑为泽。上山下泽，大泽浸蚀山根。损益相间，损中有益，益中有损。二者之间，不可不慎重对待。损下益上，治理国家，过度会损伤国基。应损则损，但必量力、适度。少损而益最佳。"
}