{
    "gname": "地天泰",
    "gcontent": "<p>周易第十一卦详解</p>\n<p>豫卦原文</p>\n<p>豫。利建侯行师。</p>\n<p>象曰：雷出地奋，豫。先王以作乐崇德，殷荐之上帝，以配祖考。</p>\n<p>白话文解释</p>\n<p>豫卦：有利于封侯建国，出兵打仗。</p>\n<p>《象辞》说：本卦上卦为震，震为雷，下卦为坤，坤为地。春雷轰鸣，大地震动，催发万物，这是豫卦的卦象。先王观此卦象，取法于声满大地的雷鸣，制作音乐，歌功颂德，光荣归于上帝，光荣归于祖考。</p>\n<p>《断易天机》解</p>\n<p>豫卦震上坤下，为震宫初世卦。雷出地奋，象征春雷使万物苏醒，君王之威行于子民，因此有利于建候、行师。</p>\n<p>家运:家庭和合，有通亨之象，凡事宜检点得失，不可胡为，否则招灾不利。</p>\n<p>疾病:久病不利，注意肠肺及头部之症。</p>\n<p>胎孕:生贵子。安而无灾。生女亦均无碍。</p>\n<p>子女:亲子和睦，幸福圆满。留心教养，勿使太任性，否则沦于不幸之破运。</p>\n<p>周转:可成。</p>\n<p>买卖:交易有益，得利。</p>\n<p>等人:会来。</p>\n<p>寻人:在朋友或亲戚家里，有信息也。可寻。</p>\n<p>失物:不会出现。</p>\n<p>外出:一帆风顺。</p>\n<p>考试:上榜有望，宜再努力勿懈。</p>\n<p>诉讼:是非由小事化大，终可和解。</p>\n<p>求事:吉利亨通。</p>\n<p>改行:吉。</p>\n<p>开业:开业者吉利之象。</p>\n<p>第十一卦的哲学含义</p>\n<p>为阴。本来乾为天，应该在上，坤为地，应该在下，但是，泰卦这种上坤下乾却很吉利。上卦为坤，为地，地属阴气;下卦为乾，为天，天为阳气。阴气凝重而下沉，阳气清明而上升，阴阳交感。阳气上升若无制约，就会耗尽能量，也不会产生结果，阴气下沉若无制约，也会耗尽能量，故阳气上升，有阴气覆护;阴气下沉，有阳气承托。阴阳交感，上下互通，天地相交，万物泰安。 《象》曰：天地交，泰;后以财成天地之道，辅相天地之宜，以左右民。 《象》中指出：泰卦的卦象为乾(天)下坤(地)上，地气上升，乾气下降，为地气居于乾气之上之表象，阴阳二气一升一降，互相交合，顺畅通达;君主这时要掌握时机，善于裁节调理，以成就天地交合之道，促成天地化生万物之机宜，护佑天下百姓，使他们安居乐业。 泰卦象征通达，启示了因时而变的道理，属于中中卦。《象》这样来断此卦：学文满腹入场闱，三元及第得意回，从今解去愁和闷，喜庆平地一声雷。 此卦的卦名为泰。《说文》中说，“泰，大也。”《礼记•曲礼上》疏，“泰者，大中之大也。”可见泰的意思是极其的博大。地大物博，人们自然就富裕，所以泰也有富裕、宽裕的意思。人们丰衣足食，社会就会和平安定，所以泰还含有平安、稳定的含义。</p>",
    "title": "上九爻",
    "content": "<p>上六爻辞</p><p>上六。城复于隍，勿用师。自邑告命，贞吝。</p><p>象曰：城复于隍，其命乱也。</p><p>白话文解释</p><p>上六：城墙攻破倒塌在护城濠里。“停止进攻”，从邑中传来命令。卜问得不祥之兆。</p><p>《象辞》说：城墙攻破倒塌在护城濠里（本应乘势攻击，反命停止进攻），这是邑中传来的命令错乱了。</p><p>北宋易学家邵雍解</p><p>凶：得此爻者，会有破损，有疾病，谨慎厚道者可免祸。做官的会被贬职。</p><p>台湾国学大儒傅佩荣解</p><p>时运：谨慎自守，须防小人。</p><p>财运：小试手气，等待时机。</p><p>家宅：小心守业。</p><p>身体：小心摔跤。</p><p>上六变卦</p><p>上六爻动变得周易第26卦：山天大畜。这个卦是异卦（下乾上艮）相叠。乾为天，刚健；艮为山，笃实。畜者积聚，大畜意为大积蓄。为此不畏严重的艰难险阻，努力修身养性以丰富德业。</p><p>上九爻</p><p>的哲学含义</p><p>泰久而否，与否极泰来一样，是天理之必然也。在古代，每个城市修有高高的城墙，城墙下面有沟，这种城下沟，无水时称“隍”，有水时称“池”。人们为了保险，挖掘隍土来修建城墙，这就像治理之道，最后终于实现了安泰。可是到了“泰”之终，又回到了“否”上，就像城墙倒塌，城墙上的土又堆积回到了隍处。这就是“城复于隍”的道理。</p><p>《象》曰：城复于隍，其命乱也。</p><p>占得此卦者，要明白，自己的处境将向不好的方向转化。所以要注意约束自己，否则会给自己惹来麻烦。事态若不及时控制，可能会危及到自己的事业。</p>",
    "bgtitle": "山天大畜",
    "bgcontent": "这个卦是异卦（下乾上艮）相叠。乾为天，刚健；艮为山，笃实。畜者积聚，大畜意为大积蓄。为此不畏严重的艰难险阻，努力修身养性以丰富德业。"
}