{
    "gname": "地天泰",
    "gcontent": "<p>周易第十一卦详解</p>\n<p>豫卦原文</p>\n<p>豫。利建侯行师。</p>\n<p>象曰：雷出地奋，豫。先王以作乐崇德，殷荐之上帝，以配祖考。</p>\n<p>白话文解释</p>\n<p>豫卦：有利于封侯建国，出兵打仗。</p>\n<p>《象辞》说：本卦上卦为震，震为雷，下卦为坤，坤为地。春雷轰鸣，大地震动，催发万物，这是豫卦的卦象。先王观此卦象，取法于声满大地的雷鸣，制作音乐，歌功颂德，光荣归于上帝，光荣归于祖考。</p>\n<p>《断易天机》解</p>\n<p>豫卦震上坤下，为震宫初世卦。雷出地奋，象征春雷使万物苏醒，君王之威行于子民，因此有利于建候、行师。</p>\n<p>家运:家庭和合，有通亨之象，凡事宜检点得失，不可胡为，否则招灾不利。</p>\n<p>疾病:久病不利，注意肠肺及头部之症。</p>\n<p>胎孕:生贵子。安而无灾。生女亦均无碍。</p>\n<p>子女:亲子和睦，幸福圆满。留心教养，勿使太任性，否则沦于不幸之破运。</p>\n<p>周转:可成。</p>\n<p>买卖:交易有益，得利。</p>\n<p>等人:会来。</p>\n<p>寻人:在朋友或亲戚家里，有信息也。可寻。</p>\n<p>失物:不会出现。</p>\n<p>外出:一帆风顺。</p>\n<p>考试:上榜有望，宜再努力勿懈。</p>\n<p>诉讼:是非由小事化大，终可和解。</p>\n<p>求事:吉利亨通。</p>\n<p>改行:吉。</p>\n<p>开业:开业者吉利之象。</p>\n<p>第十一卦的哲学含义</p>\n<p>为阴。本来乾为天，应该在上，坤为地，应该在下，但是，泰卦这种上坤下乾却很吉利。上卦为坤，为地，地属阴气;下卦为乾，为天，天为阳气。阴气凝重而下沉，阳气清明而上升，阴阳交感。阳气上升若无制约，就会耗尽能量，也不会产生结果，阴气下沉若无制约，也会耗尽能量，故阳气上升，有阴气覆护;阴气下沉，有阳气承托。阴阳交感，上下互通，天地相交，万物泰安。 《象》曰：天地交，泰;后以财成天地之道，辅相天地之宜，以左右民。 《象》中指出：泰卦的卦象为乾(天)下坤(地)上，地气上升，乾气下降，为地气居于乾气之上之表象，阴阳二气一升一降，互相交合，顺畅通达;君主这时要掌握时机，善于裁节调理，以成就天地交合之道，促成天地化生万物之机宜，护佑天下百姓，使他们安居乐业。 泰卦象征通达，启示了因时而变的道理，属于中中卦。《象》这样来断此卦：学文满腹入场闱，三元及第得意回，从今解去愁和闷，喜庆平地一声雷。 此卦的卦名为泰。《说文》中说，“泰，大也。”《礼记•曲礼上》疏，“泰者，大中之大也。”可见泰的意思是极其的博大。地大物博，人们自然就富裕，所以泰也有富裕、宽裕的意思。人们丰衣足食，社会就会和平安定，所以泰还含有平安、稳定的含义。</p>",
    "title": "九三爻",
    "content": "<p>九三爻辞</p><p>九三。无平不陂，无往不复。艰贞无咎。勿恤其孚，于食有福。</p><p>象曰：无往不复，天地际也。</p><p>白话文解释</p><p>九三：平地终将变成坡地，离去必定复返。卜问艰难之事，爻象显示必能渡过难关，不要担心被人虏去，而且在饮食上尚有口福。</p><p>《象辞》说：离去必定复返，这是天地间的法则。</p><p>北宋易学家邵雍解</p><p>平：得此爻者，须谨慎自持，宜保守，则安，不然会犯小人，事事遇阻。做官的会比较艰难，须防小人和别人的妒忌。</p><p>台湾国学大儒傅佩荣解</p><p>时运：谨慎保守，逸乐亡身。</p><p>财运：眼前失意，后有大利。</p><p>家宅：谨守先业。</p><p>身体：小孩没事，老人不吉。</p><p>九三变卦</p><p>九三爻动变得周易第19卦：地泽临。这个卦是异卦（下兑上坤）相叠。坤为地，兑为泽，地高于泽，泽容于地。喻君主亲临天下，治国安邦，上下融洽。</p><p>九三爻</p><p>的哲学含义</p><p>从卦象上看，九三属于阳爻居于刚位，得位。但是其处于上下卦交接之处，</p><p>从此卦之中看就是乾卦与坤卦相交、天与地相交的地方，将会面临许多不测的变化。</p><p>占得此卦者，要明白人生的道理，如果你处于逆境之中，你要知道，没有爬不过去的坡，总会有峰回路转，一马平川的时候。相反，你若正处于一片坦途之中，也要当心会遇到险阻，可能会遇到沟沟坎坎的，没有谁是一帆风顺的。当然，也不会总是倒霉。</p><p>得此卦之人，虽然人生变幻莫测使你一度迷茫，但是只要坚守正道，只要心怀诚信，终会“守得云开见月明”的。</p><p>经文意思是：没有只有平地而没有斜坡的，没有只有往而没有返的。艰难而守正道不会有灾难。不必过分忧虑，内心要诚信，在饮食方面有福可享。</p>",
    "bgtitle": "地泽临",
    "bgcontent": "这个卦是异卦（下兑上坤）相叠。坤为地，兑为泽，地高于泽，泽容于地。喻君主亲临天下，治国安邦，上下融洽。"
}