{
    "gname": "地泽临",
    "gcontent": "<p>周易第十九卦详解</p>\n<p>临卦原文</p>\n<p>临。元，亨，利，贞。至于八月有凶。</p>\n<p>象曰：泽上有地，临。君子以教思无穷，客保民无疆。</p>\n<p>白话文解释</p>\n<p>临卦：大吉大利，吉利的卜问。到了八月，可能有凶险。</p>\n<p>《象辞》说：本卦下卦为兑为泽，上卦为坤为地，堤岸高出大泽，河泽容于大地，这是临卦的卦象。君子观此卦象，君临天下，教化万民，覃恩极虑，保容万民，德业无疆。</p>\n<p>《断易天机》解</p>\n<p>临卦坤上兑下，为坤宫二世卦。临卦下兑为悦，上坤为顺，欢悦而顺从，保证可以亨通。</p>\n<p>北宋易学家邵雍解</p>\n<p>以上临下，相佐相互；居安思危，时时慎戒。</p>\n<p>得此卦者，好运来到，诸事如意，人情和合，但行事不宜过于急进。</p>\n<p>台湾国学大儒傅佩荣解</p>\n<p>时运：活水流行，好运方来。</p>\n<p>财运：经营有成，获利可期。</p>\n<p>家宅：家业正旺；两姓和合。</p>\n<p>身体：疾病拖延，不致危险。</p>\n<p>传统解卦</p>\n<p>这个卦是异卦（下兑上坤）相叠。坤为地，兑为泽，地高于泽，泽容于地。喻君主亲临天下，治国安邦，上下融洽。</p>\n<p>大象：池泽之水灌溉地面万物，相辅相成，生生不息。</p>\n<p>运势：诸事亨通，上下和合，前途有望，但不宜过于急进。</p>\n<p>事业：正是成功的极好时机，务必抓紧，不可失去良机。但却不可就此满足，时运会很快消失，一定要从长计议，注意总结经验，团结他人，共同开拓新领域。</p>\n<p>经商：会十分顺利，并有收获，但须随时注意市场动向，兢兢业业，防止出现意外的事故，尤其应妥善处理人际关系。</p>\n<p>求名：自己的努力已到了收获的季节，应更加虚心，严格要求自己，谨慎小心地实现自己的目标。很可能出现意外，应以刚强的意志去从容对付，过于软弱将失去机会。</p>\n<p>婚恋：加紧进行，全力以赴，双方以诚信相待，美满、和谐。</p>\n<p>决策：头脑灵活，善于同他人交往，并有主见，具有领导才能。务必加强个人的全面修养，诚信待人，树立良好的个人威望，尤其要有远大的眼光，长久的计划，可以保证事业的发达和前程的光明。</p>\n<p>第十九卦的哲学含义</p>\n<p>临卦卦象，地泽临卦的象征意义</p>\n<p>地泽临卦，是由兑和坤所组成，兑卦在下，坤卦在上。兑代表愉悦，象征泽；坤代表顺，象征地。地在上，泽在下，象征大地对泽水采取居高临下的监督。大地压在泽上，像上级对下级在施加压力，强制推行自己的意志。本卦取名为临，临的本意就是从上往下看，本卦的含义就是上级对下级的领导和管理。监临、面临，随着所临对象的不同，包含以君临民、以己临事多重含义，如何正确处理自我与他人、主体与客体的关系，是临卦所讨论的主题。《象》中这样解释临卦：泽上有地，临；君子以教思无穷，容保民无疆。</p>\n<p>地泽临卦《象》中这段话的意思是：临卦的卦象是兑（泽）下坤（地）上，为地在泽上之表象。泽上有地，地居高而临下，象征督导。君子由此受到启发，费尽心思地教导人民，并以其无边无际的盛德保护人民。</p>\n<p>地泽临卦以在地与泽水接壤通气为象，表明君与民和平相处，君亲近于民，民和悦于君。这一卦既有领导亲临下级，又有下级恭迎领导之意。临卦启示了教民保民的道理，属于中上卦。《象》中这样来断此卦：君王无道民倒悬，常想拨云见青天，幸逢明主施仁政，重又安居乐自然。</p>\n<p>地泽临卦的卦画为下面两个阳爻，上面四个阴爻。</p>\n<p>地泽临卦从卦象上分析，下面的两个阳爻代表阳气的逐渐增强，也可引申为正气的增长。临卦是十二消息卦之一，代表的节气为大寒。临卦六爻代表小寒至立春的三十余天。五天为一候，一爻代表一候。此时卦象上已有两个阳了，表示阳气逐渐在壮大。所以临卦也有壮大的意思。另外，临卦的上卦为坤为地，下卦为兑为泽，所以泽上有地便是临卦的卦象。什么叫“泽上有地”?意思是说，沼泽的外边是无边的土地，而土地的位置是高于沼泽的，所以说“泽上有地”。站在沼泽边上的土地上往沼泽里看，这就是临。可见卦象与卦名的含义还是较为一致的。</p>",
    "title": "九三爻",
    "content": "<p>六三爻辞</p><p>六三。甘临，无攸利。即忧之，无咎。</p><p>象曰：甘临，位不当也。即忧之，咎不长也。</p><p>白话文解释</p><p>六三：用压服的政策治民，没有什么好处。如果有所忧悔，灾祸可以消除。</p><p>《象辞》说：用压服的政策治民，正如六三阴爻不当居阳位一样，这样的君王不是称职的君主。如果能有所忧悔，其灾祸则可消除。</p><p>北宋易学家邵雍解</p><p>凶：得此爻者，有忧愁，会受苦劳累。做官的会受到小人的谗言攻击，志不能伸。</p><p>台湾国学大儒傅佩荣解</p><p>时运：知悔改正，后运可期。</p><p>财运：糖业有利，其余未必。</p><p>家宅：迁徙为宜；婚姻不合。</p><p>身体：药不对症，可服苦辛。</p><p>六三变卦</p><p>六三爻动变得周易第11卦：地天泰。这个卦是异卦（下乾上坤）相叠，乾为天，为阳；坤为地，为阴，阴阳交感，上下互通，天地相交，万物纷纭。反之则凶，万事万物，皆对立，转化，盛极必衰，衰而转盛，故应时而变者泰（通）。</p><p>九三爻</p><p>的哲学含义</p><p>临卦第三爻，爻辞：六三：甘临，无攸利；既忧之，无咎。爻辞释义</p><p>甘，指甜言蜜语。忧之，反思，后悔。</p><p>这句爻辞的意思是：居高临下，靠甜言蜜语去督导，必无所利；但是，已经意识到自己的过失，能忧惧改过，这样就不会招致灾祸。</p><p>《象》中这样分析此爻：“甘临”，位不当也。“既忧之”，咎不长也。《象》中指出：“居高临下，靠甜言蜜语去督导”，这是因为六三爻位置不当的缘故。但是，“已经觉悟，能忧惧改过”，危害就不会长久了。《象》从卦象上分析，认为六三属于阴爻居刚位，位不当，而且位于下卦的顶端，远离中位，不能守持中道。靠花言巧语去统御民众，只说不做，善于做秀。</p><p>占得此爻者，如果你是领导，要反思一下自己对待下属的态度，是否总是甜言蜜语来拉拢他们，总是空头许诺而不去兑现。如果这样，就需要立刻改正，少做巧佞之事，改过迁善，方能无碍。</p><p>经文意思是：甘美地对待来临，来往不会有利益。能为处境忧虑，则不会有灾难。象辞意思是：甘美地对待来临，是位置不当的缘故。如果能对这种处境有忧虑，则灾难不会长久。</p><p>六三处于下卦兑卦的最上面，所以有喜悦之象，并且临于两个阳爻之上，所以会得到好处。但是他虽然权力大干两个阳爻，但却无法得到上面的赏识，所以“无攸利”。六三阴爻居干奇位，又不得中，所以处境不是很好，不过他能够发觉这种隐伏的危机，心存忧患，想办法解决，所以不会有灾难。</p>",
    "bgtitle": "地天泰",
    "bgcontent": "这个卦是异卦（下乾上坤）相叠，乾为天，为阳；坤为地，为阴，阴阳交感，上下互通，天地相交，万物纷纭。反之则凶，万事万物，皆对立，转化，盛极必衰，衰而转盛，故应时而变者泰（通）。"
}