{
    "gname": "地泽临",
    "gcontent": "<p>周易第十九卦详解</p>\n<p>临卦原文</p>\n<p>临。元，亨，利，贞。至于八月有凶。</p>\n<p>象曰：泽上有地，临。君子以教思无穷，客保民无疆。</p>\n<p>白话文解释</p>\n<p>临卦：大吉大利，吉利的卜问。到了八月，可能有凶险。</p>\n<p>《象辞》说：本卦下卦为兑为泽，上卦为坤为地，堤岸高出大泽，河泽容于大地，这是临卦的卦象。君子观此卦象，君临天下，教化万民，覃恩极虑，保容万民，德业无疆。</p>\n<p>《断易天机》解</p>\n<p>临卦坤上兑下，为坤宫二世卦。临卦下兑为悦，上坤为顺，欢悦而顺从，保证可以亨通。</p>\n<p>北宋易学家邵雍解</p>\n<p>以上临下，相佐相互；居安思危，时时慎戒。</p>\n<p>得此卦者，好运来到，诸事如意，人情和合，但行事不宜过于急进。</p>\n<p>台湾国学大儒傅佩荣解</p>\n<p>时运：活水流行，好运方来。</p>\n<p>财运：经营有成，获利可期。</p>\n<p>家宅：家业正旺；两姓和合。</p>\n<p>身体：疾病拖延，不致危险。</p>\n<p>传统解卦</p>\n<p>这个卦是异卦（下兑上坤）相叠。坤为地，兑为泽，地高于泽，泽容于地。喻君主亲临天下，治国安邦，上下融洽。</p>\n<p>大象：池泽之水灌溉地面万物，相辅相成，生生不息。</p>\n<p>运势：诸事亨通，上下和合，前途有望，但不宜过于急进。</p>\n<p>事业：正是成功的极好时机，务必抓紧，不可失去良机。但却不可就此满足，时运会很快消失，一定要从长计议，注意总结经验，团结他人，共同开拓新领域。</p>\n<p>经商：会十分顺利，并有收获，但须随时注意市场动向，兢兢业业，防止出现意外的事故，尤其应妥善处理人际关系。</p>\n<p>求名：自己的努力已到了收获的季节，应更加虚心，严格要求自己，谨慎小心地实现自己的目标。很可能出现意外，应以刚强的意志去从容对付，过于软弱将失去机会。</p>\n<p>婚恋：加紧进行，全力以赴，双方以诚信相待，美满、和谐。</p>\n<p>决策：头脑灵活，善于同他人交往，并有主见，具有领导才能。务必加强个人的全面修养，诚信待人，树立良好的个人威望，尤其要有远大的眼光，长久的计划，可以保证事业的发达和前程的光明。</p>\n<p>第十九卦的哲学含义</p>\n<p>临卦卦象，地泽临卦的象征意义</p>\n<p>地泽临卦，是由兑和坤所组成，兑卦在下，坤卦在上。兑代表愉悦，象征泽；坤代表顺，象征地。地在上，泽在下，象征大地对泽水采取居高临下的监督。大地压在泽上，像上级对下级在施加压力，强制推行自己的意志。本卦取名为临，临的本意就是从上往下看，本卦的含义就是上级对下级的领导和管理。监临、面临，随着所临对象的不同，包含以君临民、以己临事多重含义，如何正确处理自我与他人、主体与客体的关系，是临卦所讨论的主题。《象》中这样解释临卦：泽上有地，临；君子以教思无穷，容保民无疆。</p>\n<p>地泽临卦《象》中这段话的意思是：临卦的卦象是兑（泽）下坤（地）上，为地在泽上之表象。泽上有地，地居高而临下，象征督导。君子由此受到启发，费尽心思地教导人民，并以其无边无际的盛德保护人民。</p>\n<p>地泽临卦以在地与泽水接壤通气为象，表明君与民和平相处，君亲近于民，民和悦于君。这一卦既有领导亲临下级，又有下级恭迎领导之意。临卦启示了教民保民的道理，属于中上卦。《象》中这样来断此卦：君王无道民倒悬，常想拨云见青天，幸逢明主施仁政，重又安居乐自然。</p>\n<p>地泽临卦的卦画为下面两个阳爻，上面四个阴爻。</p>\n<p>地泽临卦从卦象上分析，下面的两个阳爻代表阳气的逐渐增强，也可引申为正气的增长。临卦是十二消息卦之一，代表的节气为大寒。临卦六爻代表小寒至立春的三十余天。五天为一候，一爻代表一候。此时卦象上已有两个阳了，表示阳气逐渐在壮大。所以临卦也有壮大的意思。另外，临卦的上卦为坤为地，下卦为兑为泽，所以泽上有地便是临卦的卦象。什么叫“泽上有地”?意思是说，沼泽的外边是无边的土地，而土地的位置是高于沼泽的，所以说“泽上有地”。站在沼泽边上的土地上往沼泽里看，这就是临。可见卦象与卦名的含义还是较为一致的。</p>",
    "title": "九五爻",
    "content": "<p>六五爻辞</p><p>六五。知临，大君之宜，吉。</p><p>象曰：大君之宜，行中之谓也。</p><p>白话文解释</p><p>六五：以明智治民，得君王之体，自然吉利。</p><p>《象辞》说：得君王之体，因为六五之爻居上卦中位，像人行事得中正之道。</p><p>北宋易学家邵雍解</p><p>吉：得此爻者，万事如意。做官的会得到上司的赏识。</p><p>台湾国学大儒傅佩荣解</p><p>时运：正当好运，又有人助。</p><p>财运：了解商情，当然有利。</p><p>家宅：五福临门；宜室宜家。</p><p>身体：良医诊治，自然可愈。</p><p>六五变卦</p><p>六五爻动变得周易第60卦：水泽节。这个卦是异卦（下兑上坎）相叠。兑为泽，坎为水。泽有水而流有限，多必溢于泽外。因此要有节度，故称节。节卦与涣卦相反，互为综卦，交相使用。天地有节度才能常新，国家有节度才能安稳，个人有节度才能完美。</p><p>九五爻</p><p>的哲学含义</p><p>临卦第五爻，爻辞：六五：知临，大君之宜，吉。爻辞释义知，同“智”，明智。</p><p>本爻的意思是：以聪明才智来实行督导，这是伟大君主最适宜的统治之道，能获得吉祥。</p><p>临卦第五爻，爻辞：六五：知临，大君之宜，吉。人生启示</p><p>《象》曰：“大君之宜”，行中之谓也。六五以柔爻居于上卦中位，是具备忠顺之德的君王。《象》解释说：“以聪明才智来实行督导，这是伟大君主最适宜的统治之道。”说的就是行中庸之道，用的是以柔克刚之法，用天下之至柔，胜天下之至刚。</p><p>占得此爻者，应该学习六五之爻的做法，即使事业曾经遇到过挫折，如果这样去做，也能拯救于危难之中，使事业重焕生机。占得此爻者，谋望有所成，期待的消息很快就会有回音了。</p><p>用智慧去体察民情，这正是天子必须掌握的一种本领。六五以智慧体察民情，能够得到真实的情况，所以吉祥。身为国君，必须要了解自己的子民。天安门的两个华表上，分别有两个小兽，兽头的方向一个朝南一个南北，这就是两个华表的不同之处。有什么说法吗？有，兽头朝南的便是警示国君不要忘记常到民间去体察民情。为什么要这么做呢？因为大臣们会粉饰太平，对君王说假话。举个例子，袁世凯当了皇帝后，举国一片反对之声。一些大臣为了讨好袁世凯，便给袁世凯专门印制了一份报纸，这个报纸每天只印一份，只给袁世凯一个人看。上面全是形式一片大好之类的话，袁世凯看后开心。结果，登基八十一天后，他便被人从龙椅上撵了下来。所以说君王必须要用自己的眼睛去看一看百姓的生活。清朝盛世期间，康熙、乾隆屡次来到江南，便是巡视，体察民情。天安门华表上朝北的兽头，则是警示君王在外面巡视游玩不要忘了国家朝政的安危。总在外面巡视，朝廷出了奸臣叛乱怎么办？所以君王在外面巡视不要时间太长，还必须回来巩固自己的政权。</p><p>但身为君王，不能外出时间长了，怎么能掌握真实的民情呢？这就需要“智临”。怎么“智临”呢？电视里演的康熙、乾隆的微服私访便是“智临”，当然除了微服私访外还可以利用忠臣去巡视获得准确的消息。但关键在于“智”，只有“智”才能达到真正的“临”。</p>",
    "bgtitle": "水泽节",
    "bgcontent": "这个卦是异卦（下兑上坎）相叠。兑为泽，坎为水。泽有水而流有限，多必溢于泽外。因此要有节度，故称节。节卦与涣卦相反，互为综卦，交相使用。天地有节度才能常新，国家有节度才能安稳，个人有节度才能完美。"
}