{
    "gname": "地泽临",
    "gcontent": "<p>周易第十九卦详解</p>\n<p>临卦原文</p>\n<p>临。元，亨，利，贞。至于八月有凶。</p>\n<p>象曰：泽上有地，临。君子以教思无穷，客保民无疆。</p>\n<p>白话文解释</p>\n<p>临卦：大吉大利，吉利的卜问。到了八月，可能有凶险。</p>\n<p>《象辞》说：本卦下卦为兑为泽，上卦为坤为地，堤岸高出大泽，河泽容于大地，这是临卦的卦象。君子观此卦象，君临天下，教化万民，覃恩极虑，保容万民，德业无疆。</p>\n<p>《断易天机》解</p>\n<p>临卦坤上兑下，为坤宫二世卦。临卦下兑为悦，上坤为顺，欢悦而顺从，保证可以亨通。</p>\n<p>北宋易学家邵雍解</p>\n<p>以上临下，相佐相互；居安思危，时时慎戒。</p>\n<p>得此卦者，好运来到，诸事如意，人情和合，但行事不宜过于急进。</p>\n<p>台湾国学大儒傅佩荣解</p>\n<p>时运：活水流行，好运方来。</p>\n<p>财运：经营有成，获利可期。</p>\n<p>家宅：家业正旺；两姓和合。</p>\n<p>身体：疾病拖延，不致危险。</p>\n<p>传统解卦</p>\n<p>这个卦是异卦（下兑上坤）相叠。坤为地，兑为泽，地高于泽，泽容于地。喻君主亲临天下，治国安邦，上下融洽。</p>\n<p>大象：池泽之水灌溉地面万物，相辅相成，生生不息。</p>\n<p>运势：诸事亨通，上下和合，前途有望，但不宜过于急进。</p>\n<p>事业：正是成功的极好时机，务必抓紧，不可失去良机。但却不可就此满足，时运会很快消失，一定要从长计议，注意总结经验，团结他人，共同开拓新领域。</p>\n<p>经商：会十分顺利，并有收获，但须随时注意市场动向，兢兢业业，防止出现意外的事故，尤其应妥善处理人际关系。</p>\n<p>求名：自己的努力已到了收获的季节，应更加虚心，严格要求自己，谨慎小心地实现自己的目标。很可能出现意外，应以刚强的意志去从容对付，过于软弱将失去机会。</p>\n<p>婚恋：加紧进行，全力以赴，双方以诚信相待，美满、和谐。</p>\n<p>决策：头脑灵活，善于同他人交往，并有主见，具有领导才能。务必加强个人的全面修养，诚信待人，树立良好的个人威望，尤其要有远大的眼光，长久的计划，可以保证事业的发达和前程的光明。</p>\n<p>第十九卦的哲学含义</p>\n<p>临卦卦象，地泽临卦的象征意义</p>\n<p>地泽临卦，是由兑和坤所组成，兑卦在下，坤卦在上。兑代表愉悦，象征泽；坤代表顺，象征地。地在上，泽在下，象征大地对泽水采取居高临下的监督。大地压在泽上，像上级对下级在施加压力，强制推行自己的意志。本卦取名为临，临的本意就是从上往下看，本卦的含义就是上级对下级的领导和管理。监临、面临，随着所临对象的不同，包含以君临民、以己临事多重含义，如何正确处理自我与他人、主体与客体的关系，是临卦所讨论的主题。《象》中这样解释临卦：泽上有地，临；君子以教思无穷，容保民无疆。</p>\n<p>地泽临卦《象》中这段话的意思是：临卦的卦象是兑（泽）下坤（地）上，为地在泽上之表象。泽上有地，地居高而临下，象征督导。君子由此受到启发，费尽心思地教导人民，并以其无边无际的盛德保护人民。</p>\n<p>地泽临卦以在地与泽水接壤通气为象，表明君与民和平相处，君亲近于民，民和悦于君。这一卦既有领导亲临下级，又有下级恭迎领导之意。临卦启示了教民保民的道理，属于中上卦。《象》中这样来断此卦：君王无道民倒悬，常想拨云见青天，幸逢明主施仁政，重又安居乐自然。</p>\n<p>地泽临卦的卦画为下面两个阳爻，上面四个阴爻。</p>\n<p>地泽临卦从卦象上分析，下面的两个阳爻代表阳气的逐渐增强，也可引申为正气的增长。临卦是十二消息卦之一，代表的节气为大寒。临卦六爻代表小寒至立春的三十余天。五天为一候，一爻代表一候。此时卦象上已有两个阳了，表示阳气逐渐在壮大。所以临卦也有壮大的意思。另外，临卦的上卦为坤为地，下卦为兑为泽，所以泽上有地便是临卦的卦象。什么叫“泽上有地”?意思是说，沼泽的外边是无边的土地，而土地的位置是高于沼泽的，所以说“泽上有地”。站在沼泽边上的土地上往沼泽里看，这就是临。可见卦象与卦名的含义还是较为一致的。</p>",
    "title": "九四爻",
    "content": "<p>六四爻辞</p><p>六四。至临，无咎。</p><p>象曰：至临无咎，位当也。</p><p>白话文解释</p><p>六四：亲自理国治民，没有害处。</p><p>《象辞》说：亲自理国治民，没有害处，正如六四阴爻居阴位一样。这样的君王是称职的君王。</p><p>北宋易学家邵雍解</p><p>平：得此爻者，人情和合，经营得利，但要成大事者，须谨慎而行，做好准备再进取。做官的会得到同僚的帮助。</p><p>台湾国学大儒傅佩荣解</p><p>时运：好运已到，有吉无凶。</p><p>财运：买卖得时，无往不利。</p><p>家宅：家业正旺；婚嫁合宜。</p><p>身体：危险之志，但仍可愈。</p><p>六四变卦</p><p>六四爻动变得周易第54卦：雷泽归妹。这个卦是异卦（下兑上震）相叠。震为动、为长男；兑为悦、为少女。以少女从长男，产生爱慕之情，有婚姻之动，有嫁女之象，故称归妹。</p><p>九四爻</p><p>的哲学含义</p><p>临卦第四爻，爻辞：六四：至临，无咎。临卦爻辞释义，至临：亲自处理国事。本爻的意思是：亲自处理国事，没有灾祸。</p><p>临卦第四爻，爻辞：六四：至临，无咎。人生启示</p><p>从卦象上看，六四属于阴爻居于柔位，得位，具备谦卑柔顺的特性。四爻属于近君大臣之位，是上卦六五的助手。六四紧邻六五，又与初九相应。其为近君大臣，能秉持正道，待上则忠于职守，又能接应下面的贤才初九，极力推荐这样的有用之人。初九是阳爻，六四是阴爻，很明显，若是初九这个阳爻得势，六四这个阴爻会受到影响，阳长阴消，但是，六四不顾及自己的利益，为领导举荐贤才，所以没有灾祸。</p><p>《象》中这样分析此爻：“至临，无咎”位当也。</p><p>《象》解释说：“亲自处理国事，没有灾祸”，这是因为六四爻位置恰当的缘故。身在高位，上不欺君主，下不压万民，自己兢兢业业，还积极举荐贤能，为后起之秀让路，这样做的人会赢得赞誉。正如春秋时期，齐恒公的老师鲍叔牙，他做为近君臣子，对齐恒公尽心尽力，同时又向他举荐贤才。在他的劝谏下，齐恒公任用曾射杀过自己的仇人管仲为相。在管仲的辅佐下，确立了霸主地位。鲍叔牙不计自己的名利，退位让贤，受到了人们的称赞。</p><p>占得此爻者，应该学习鲍叔牙的做法，哪怕一时吃些亏，受些委屈，但终究是会名利双收的。</p><p>六四为诸侯之位，可是他能够与初九相应，所以称之为“至临”。也就是说六四体察民情，深入到最下层，与下层民众心连心，这种视察就是“至临”。领导能做到这一点，是难能可贵的，怎么会有灾难呢？</p>",
    "bgtitle": "雷泽归妹",
    "bgcontent": "这个卦是异卦（下兑上震）相叠。震为动、为长男；兑为悦、为少女。以少女从长男，产生爱慕之情，有婚姻之动，有嫁女之象，故称归妹。"
}