{
    "gname": "地火明夷",
    "gcontent": "<p>周易第三十六卦详解</p>\n<p>明夷卦原文</p>\n<p>明夷。利艰贞。</p>\n<p>象曰：明入地中，明夷。君子以莅众，用晦而明。</p>\n<p>白话文解释</p>\n<p>明夷卦：卜问艰难之事则利。</p>\n<p>《象辞》说：本卦内卦为离，离为日，外卦为坤，坤为地。太阳没入地中，是明夷的卦象。君子观此卦象，治民理政，不以苛察为明，而是外愚内慧，容物亲众。</p>\n<p>《断易天机》解</p>\n<p>明夷卦坤上离下，为坎宫游魂卦。明夷即明德被伤，象征君子受厄，此时百事宜息，静观待变。</p>\n<p>北宋易学家邵雍解</p>\n<p>日入地中，光明被伤；万事阻滞，等待时运。</p>\n<p>得此卦者，时运不佳，事事劳苦，宜坚守正道，忍耐自重，等待时机。</p>\n<p>台湾国学大儒傅佩荣解</p>\n<p>时运：明哲保身，以避灾厄。</p>\n<p>财运：明无利润，暗中分红。</p>\n<p>家宅：父子分居为宜；不是明媒正娶。</p>\n<p>身体：肝大郁积，注意保养。</p>\n<p>传统解卦</p>\n<p>这个卦是异卦（下离上坤）相叠。离为明，坤为顺；离为日；坤为地。日没入地，光明受损，前途不明，环境困难，宜遵时养晦，坚守正道，外愚内慧，韬光养晦。</p>\n<p>大象：太阳掩没在坤地之下，大地黑暗，有失明之象。</p>\n<p>运势：百事阻滞，小人加害，遇事多迷惑，宜守，静待时机而动。</p>\n<p>事业：处于不利的环境，宜心境坦然地处置险恶的条件，增强心理素质，承受各种压力。表面柔顺小心，内心洞察事理，当离去则离去，避免灾祸，脱离危险。防患于未然，坚持逆境中奋斗。</p>\n<p>经商：认真观察市场动态，待机行动，但须坚持商业道德，即使处于不利情况下，也要冒险向前，特别是要向南方发展，会大有收获。</p>\n<p>求名：内心保持大志，行动刻苦忍耐，奋斗于逆境，自守其志，收敛聪明而不外露，于混乱中更应坚持正义，守愚藏拙。</p>\n<p>婚恋：必须全面分析对方情况，不能因小失大。注意大节。</p>\n<p>决策：处在不佳的状况下，环境困难，前途不明。但若能坦处厄运，能伸能屈，前景会变光明。尤其应加强修养，隐忍行志，外愚内慧，可以遇难呈祥。如能谨慎行事，处处小心，更能有所作为。</p>\n<p>第三十六卦的哲学含义</p>\n<p>明夷卦卦象，地火明夷卦的象征意义</p>\n<p>明夷卦是异卦相叠，下卦为离，上卦为坤。离为明，坤为顺；离为日，坤为地。日没入地，光明受损，前途不明，环境困难。施于人事，则为暗主在上，明臣在下，而不敢显其明智之谓也。宜遵时养晦，坚守正道，外愚内慧，韬光养晦，以避小人之害。</p>\n<p>明夷卦位于晋卦之后，与晋卦为正覆卦。《序卦》说：“进必有所伤，故受之以明夷。夷者，伤也。”晋升或前进之中难免有所损伤，所以接着出现了明夷卦，意指光明受到伤害。程颐这样解释明夷卦与晋卦的区别：“晋者明盛之卦，明君在上，群贤并进之时也。明夷昏暗之卦，暗君在上，明者见伤之时也。”</p>\n<p>《象》中这样解释明夷卦：明入地中，“明夷”；君子以莅众，用晦而明。</p>\n<p>《象》中指出：明夷卦的卦象是离（火）下坤（地）上，离为火，代表光明，为光明入地下之表象，象征着“光明被阻”。君子要能够遵循这个道理去管理民众，即有意不表露自己的才能和智慧，反而能在不知不觉中使民众得到治</p>\n<p>明夷卦象征光明受阻，属于中下卦。《象》中对此卦的评断是：时乖运拙走不着，急忙过河拆了桥，恩人无义反为怨，凡事无功枉受劳。</p>",
    "title": "九三爻",
    "content": "<p>九三爻辞</p><p>九三。明夷于南狩，得其大首，不可疾，贞。</p><p>象曰：南狩之志，乃大得也。</p><p>白话文解释</p><p>九三：在南方的猎区，拉弓射箭，获得一些大野兽。筮遇此爻，占问疾病则不利。</p><p>《象辞》说：决心在南方狩猎，大称其意。</p><p>北宋易学家邵雍解</p><p>平：得此爻者，有修屋宇造作之兆。不良者，左股或有伤，多忧愁分离之患。</p><p>台湾国学大儒傅佩荣解</p><p>时运：退守南方，可以得志。</p><p>财运：耐心经营，终见光明。</p><p>家宅：乡里富家；得其佳偶。</p><p>身体：南方修养较宜。</p><p>九三变卦</p><p>九三爻动变得周易第24卦：地雷复。这个卦是异卦（下震上坤）相叠。震为雷、为动；坤为地、为顺，动则顺，顺其自然。动在顺中，内阳外阴，循序运动，进退自如，利于前进。</p><p>九三爻</p><p>的哲学含义</p><p>明夷卦第三爻，爻辞：九三：明夷于南狩，得其大首；不可疾，贞。爻辞释义</p><p>狩：指狩猎。大首：指首领。疾：指急切。</p><p>明夷卦第三爻，爻辞：九三：明夷于南狩，得其大首；不可疾，贞。人生启示</p><p>从卦象上看，九三爻属于阳爻居刚位，得位。阳爻具有好动、积极向上的特性，九三在下卦的终位，既有动向又心存光明，可以付诸行动。</p><p>《象》中这样分析本爻：南狩之志，乃大得也。这里指出：有到南方征伐巡狩的志向，就会有非常大的收获。</p><p>占得此爻者，虽然在艰难之中，但仍然可以有所作为，只要不操之过急，行动仍然能有所收获。</p><p>九三：明夷于南狩，得其大首，不可疾，贞。</p><p>象曰：南狩之志，乃大得也。</p><p>经文意思是：光明进入地中，在南方狩猎，捕捉到大首领，不可操之过急，坚守正道。象舌羊意思是：南方狩猎的事件，说明可以得到大的收获。</p><p>天黑了，动物们都在熟睡，这种情况去捕捉动物，则更容易获取猎物。然而相对于战争来说，夜袭也是一种极容易克敌制胜的战术。爻辞中所描述的便是一次成功的夜袭经过。不但打败了敌人，而且还俘获了敌人的头领。但是在这种情况下，由于黑暗不明，所以不利于穷追不舍，将敌人斩尽杀绝，所以“不可疾”。</p><p>爻辞中之所以“南狩”，主要是因为九三是明夷卦的下卦离卦的最上爻，离在文王八卦方位图中代表南方。</p>",
    "bgtitle": "地雷复",
    "bgcontent": "这个卦是异卦（下震上坤）相叠。震为雷、为动；坤为地、为顺，动则顺，顺其自然。动在顺中，内阳外阴，循序运动，进退自如，利于前进。"
}