{
    "gname": "地火明夷",
    "gcontent": "<p>周易第三十六卦详解</p>\n<p>明夷卦原文</p>\n<p>明夷。利艰贞。</p>\n<p>象曰：明入地中，明夷。君子以莅众，用晦而明。</p>\n<p>白话文解释</p>\n<p>明夷卦：卜问艰难之事则利。</p>\n<p>《象辞》说：本卦内卦为离，离为日，外卦为坤，坤为地。太阳没入地中，是明夷的卦象。君子观此卦象，治民理政，不以苛察为明，而是外愚内慧，容物亲众。</p>\n<p>《断易天机》解</p>\n<p>明夷卦坤上离下，为坎宫游魂卦。明夷即明德被伤，象征君子受厄，此时百事宜息，静观待变。</p>\n<p>北宋易学家邵雍解</p>\n<p>日入地中，光明被伤；万事阻滞，等待时运。</p>\n<p>得此卦者，时运不佳，事事劳苦，宜坚守正道，忍耐自重，等待时机。</p>\n<p>台湾国学大儒傅佩荣解</p>\n<p>时运：明哲保身，以避灾厄。</p>\n<p>财运：明无利润，暗中分红。</p>\n<p>家宅：父子分居为宜；不是明媒正娶。</p>\n<p>身体：肝大郁积，注意保养。</p>\n<p>传统解卦</p>\n<p>这个卦是异卦（下离上坤）相叠。离为明，坤为顺；离为日；坤为地。日没入地，光明受损，前途不明，环境困难，宜遵时养晦，坚守正道，外愚内慧，韬光养晦。</p>\n<p>大象：太阳掩没在坤地之下，大地黑暗，有失明之象。</p>\n<p>运势：百事阻滞，小人加害，遇事多迷惑，宜守，静待时机而动。</p>\n<p>事业：处于不利的环境，宜心境坦然地处置险恶的条件，增强心理素质，承受各种压力。表面柔顺小心，内心洞察事理，当离去则离去，避免灾祸，脱离危险。防患于未然，坚持逆境中奋斗。</p>\n<p>经商：认真观察市场动态，待机行动，但须坚持商业道德，即使处于不利情况下，也要冒险向前，特别是要向南方发展，会大有收获。</p>\n<p>求名：内心保持大志，行动刻苦忍耐，奋斗于逆境，自守其志，收敛聪明而不外露，于混乱中更应坚持正义，守愚藏拙。</p>\n<p>婚恋：必须全面分析对方情况，不能因小失大。注意大节。</p>\n<p>决策：处在不佳的状况下，环境困难，前途不明。但若能坦处厄运，能伸能屈，前景会变光明。尤其应加强修养，隐忍行志，外愚内慧，可以遇难呈祥。如能谨慎行事，处处小心，更能有所作为。</p>\n<p>第三十六卦的哲学含义</p>\n<p>明夷卦卦象，地火明夷卦的象征意义</p>\n<p>明夷卦是异卦相叠，下卦为离，上卦为坤。离为明，坤为顺；离为日，坤为地。日没入地，光明受损，前途不明，环境困难。施于人事，则为暗主在上，明臣在下，而不敢显其明智之谓也。宜遵时养晦，坚守正道，外愚内慧，韬光养晦，以避小人之害。</p>\n<p>明夷卦位于晋卦之后，与晋卦为正覆卦。《序卦》说：“进必有所伤，故受之以明夷。夷者，伤也。”晋升或前进之中难免有所损伤，所以接着出现了明夷卦，意指光明受到伤害。程颐这样解释明夷卦与晋卦的区别：“晋者明盛之卦，明君在上，群贤并进之时也。明夷昏暗之卦，暗君在上，明者见伤之时也。”</p>\n<p>《象》中这样解释明夷卦：明入地中，“明夷”；君子以莅众，用晦而明。</p>\n<p>《象》中指出：明夷卦的卦象是离（火）下坤（地）上，离为火，代表光明，为光明入地下之表象，象征着“光明被阻”。君子要能够遵循这个道理去管理民众，即有意不表露自己的才能和智慧，反而能在不知不觉中使民众得到治</p>\n<p>明夷卦象征光明受阻，属于中下卦。《象》中对此卦的评断是：时乖运拙走不着，急忙过河拆了桥，恩人无义反为怨，凡事无功枉受劳。</p>",
    "title": "九五爻",
    "content": "<p>六五爻辞</p><p>六五。箕子之明夷，利贞。</p><p>象曰：箕子之贞，明不可息也。</p><p>白话文解释</p><p>六五：殷亡后，箕子逃到东方邻国避难，卜问得吉兆。</p><p>《象辞》说：箕子退隐守正，他的光辉形像千古不灭。</p><p>北宋易学家邵雍解</p><p>平：得此爻者，难逢知己，或有家难之祸。做官的须修德养性可保无忧。</p><p>台湾国学大儒傅佩荣解</p><p>时运：君子固穷，未来通达。</p><p>财运：历经艰难，方可获利。</p><p>家宅：亲族失和；罢婚为宜。</p><p>身体：精神症状。</p><p>六五变卦</p><p>六五爻动变得周易第63卦：水火既济。这个卦是异卦（下离上坎）相叠。坎为水，离为火，水火相交，水在火上，水势压倒火势，救火大功告成。既，已经；济，成也。既济就是事情已经成功，但终将发生变故。</p><p>九五爻</p><p>的哲学含义</p><p>明夷卦第五爻，爻辞：六五：箕子之明夷，利贞。爻辞释义</p><p>箕子：是商纣王的叔父。《韩非子？喻老》篇载：“昔者纣为象箸而箕子怖”。商纣王让人给自己做了一双象牙筷子，别人不以为然，箕子知道后就感到很可怕。箕子说道：“用象牙筷子吃饭就一定不肯用粗碗具，必将犀玉杯盘、山珍海味，进而穿绫着缎、建高阔殿宇楼台，如此下去将一发不可收拾。”后来，纣王越发奢侈淫佚，箕子屡谏而纣王不听。有人劝箕子说：“这个国家已经无可救药了，快走吧。”箕子回答道：“为人臣谏不听而去，是彰君之恶而自说於民，吾不忍为也。”他认为作为一个臣子，进谏规劝君王的不合规矩的言行是自己的责任，君王不听谏，因此要离开君王，这样的做法就是要彰显君主的恶性恶德，标榜自己以取悦于民，自己不能这么做。</p><p>箕子在这里遵循了隐恶扬善的原则，这是古代倡导的正人君子所要坚守的美德。作为一个君子，不能整天掀起是非，不能哗众取宠。箕子没有选择离去，又不想助纣为虐，他披散着头发，佯装发狂。后来被商纣王贬为家奴，他就在箕山这个地方隐居下来，经常鼓琴悲怆地歌唱，后人将他歌唱的曲子纪录下来，名为《箕子操》。</p><p>在昏暗的专制社会，一个臣子若想不助纣为虐并能安全地活下来，是非常艰难的。箕子在这种情况下，不惜牺牲物质利益、权力和个人名誉，而等待昏暗的过去，光明的到来。他终于等到了这一天，后来周武王打败纣王后，曾经恭恭敬敬、诚惶诚恐地求教于箕子。箕子就把洪范九畴治国大道传授给周武王。</p><p>本爻辞的意思是：应采取箕子那种自掩其聪明才智的做法，这样做有利于坚守正道。</p>",
    "bgtitle": "水火既济",
    "bgcontent": "这个卦是异卦（下离上坎）相叠。坎为水，离为火，水火相交，水在火上，水势压倒火势，救火大功告成。既，已经；济，成也。既济就是事情已经成功，但终将发生变故。"
}