{
    "gname": "地雷复",
    "gcontent": "<p>周易第二十四卦详解</p>\n<p>复卦原文</p>\n<p>复。亨。出入无疾，朋来无咎。反复其道，七日来复，利有攸往。</p>\n<p>象曰：雷在地中，复。先王以至日闭关，商旅不行，后不省方。</p>\n<p>白话文解释</p>\n<p>复卦：通泰。出门、居处均无疾病。有钱可赚而可以无灾祸。往返途中，七日可归。有所往则有所利。</p>\n<p>《象辞》说：本卦内卦为震为雷，外卦为坤为地，天寒地冻，雷返归地中，往而有复，依时回归，这是复卦的卦象。先王观此卦象，取法于雷，在冬至之日关闭城门，不接纳商旅，君王也不巡视邦国。</p>\n<p>《断易天机》解</p>\n<p>复卦坤上震下，为坤宫初世卦。复代表阴阳去而复返，使万物生生不息，预示已逝去的可能会再回来。</p>\n<p>北宋易学家邵雍解</p>\n<p>循环往复，生机复萌；成功在望，性急即败。</p>\n<p>得此卦者，时运好转，顺势而为，谋事可成，但不宜过于急进。</p>\n<p>台湾国学大儒傅佩荣解</p>\n<p>时运：好运初来，静待发动。</p>\n<p>财运：暂停售物，必可获利。</p>\n<p>家宅：待春再迁；婚嫁初春可成。</p>\n<p>身体：有痰上火，冬令宜防。</p>\n<p>传统解卦</p>\n<p>这个卦是异卦（下震上坤）相叠。震为雷、为动；坤为地、为顺，动则顺，顺其自然。动在顺中，内阳外阴，循序运动，进退自如，利于前进。</p>\n<p>大象：雷在地中振发，喻春回大地，一元始，万象更生。</p>\n<p>运势：开运亨通之象，万事不宜急进，按部就班可成。</p>\n<p>事业：已经渡过了困难时期，开始进入积极行动的阶段。但务必抓住时机，当机立断，却不可急躁，且应时常反省个人行动，严于修身，勇往直前，可望成功。</p>\n<p>经商：可大胆投资，与志同道合的伙伴坦诚合作，打开市场，勿因挫折而退缩。更可以打入外地，坚持商业道德，循序渐进，一定会有所赢利。</p>\n<p>求名：时机正在成熟，不要急于求成，继续奠定基础，机遇一旦到来，务必要抓住，必将转运。最忌自伤意志。</p>\n<p>婚恋：顺利。但切不可性急，应冷静考虑。家庭的美满幸福，靠严于律己维持。</p>\n<p>决策：性格活泼，精力旺盛，但因急躁情绪会造成事业损失。一定要冷静思考，勇于改正错误，必能重振事业。此时应抓住时机，明确方向，灵活机敏，脚踏实地改变处境。一旦出现意外，宜当机立断，暂行退让。如能准确驾驶自己，努力奋斗，成就事业十分顺利。</p>\n<p>第二十四卦的哲学含义</p>\n<p>复卦卦象，地雷复卦的象征意义</p>\n<p>复卦，本卦是异卦相叠，震卦在下，坤卦在上。震为雷、为动；坤为地、为顺，动则顺，顺其自然。动在顺中，内阳外阴，循序运动，进退自如，利于前震为雷，为内卦；坤为地，为上卦。地内有雷，意味着雷声一震，大地松动，万物萌生。复，有复兴和回归之意，是事物新生的转折点。从卦象上看，除第一爻为阳外，余爻皆为阴，似有太阳从地平线的一端升起的景象。复卦代表的节气是冬至，正如“冬天来了，春天还会远吗？”，复卦代表阳性力量复兴而阴性元素衰退，长夜过后太阳升起，复卦启示去而复回和失而复行的方法与哲理，并告诫人们：发现错误就是敢紧复归正道，这样才能吉祥。若是执迷不悟，就会产生灾祸。</p>\n<p>复卦位于剥卦之后，《序卦》之中这样说道：“物不可以终尽，剥穷上反下，故受之以复。”剥卦走到极点，阳爻又须回到底下重新开始。复卦为剥卦的覆卦，称作“由剥而复”，是“一阳复始”的局面，大地重现生机。</p>\n<p>复卦启示了寓动于顺的道理，属于中中卦。《象》中对此卦的评断是：马氏太公不相合，世人占之忧疑多，恩人无义反为怨，是非平地起风波。</p>\n<p>此卦卦名为复。“复”在《说文》中的解释是：“复，往来也。”可见复的意思是返回、回来的意思。前面泰卦的九三爻说“无往不复”，说的便是没有一直往前走而不返回的，事物都有一个循环往复、周而复始的规律，前面剥卦群阴剥去阴爻，接下来便开始一阳复生。所以剥卦的下面是复卦。这正如《序卦传》所说：“物不可以终尽，剥穷上反下，故受之以复也。”</p>",
    "title": "九五爻",
    "content": "<p>六五爻辞</p><p>六五。敦复，无悔。</p><p>象曰：敦复无悔，中以自考也。</p><p>白话文解释</p><p>六五：经过考察，决定返回，可以无悔。</p><p>《象辞》说：经过考察，决定返回，可以无悔，意思是从内心用正道检察自己。</p><p>北宋易学家邵雍解</p><p>吉：得此爻者，会有积蓄，但要谨防父亲出意外。做官的有升职之机会。</p><p>台湾国学大儒傅佩荣解</p><p>时运：宽厚处之，有功无悔。</p><p>财运：资本充足，来回获利。</p><p>家宅：光大祖业。</p><p>身体：精气皆老，不必过滤。</p><p>六五变卦</p><p>六五爻动变得周易第3卦：水雷屯。这个卦是异卦（下震上坎）相叠，震为雷，喻动；坎为雨，喻险。雷雨交加，险象丛生，环境恶劣。“屯”原指植物萌生大地，万物始生，充满艰难险阻，然而顺时应运，必欣欣向荣。</p><p>九五爻</p><p>的哲学含义</p><p>复卦第五爻，爻辞：六五：敦复，无悔。</p><p>复卦第五爻，爻辞：六五：敦复，无悔。爻辞释义</p><p>本爻辞的意思是：敦厚地复归正道，不会后悔。</p><p>从卦象上看，六五属于阴爻居阳位，失位，但是六五居于上体坤卦之中，奉行中道而又不固执，具有敦厚顺善之德。</p><p>《象》曰：“敦复，无悔”，中以自考也。</p><p>这里指出：“敦厚地复归正道，不会后悔”，是因为六五爻虽然远离阳刚，</p><p>但却能够反省考察自己的言行以完善自我，通过这样的途径，促使自己返回正</p><p>占得此爻者，要善于自察、自省，及时发现错误并加以改正。在做事时，如果发现继续前进没有什么益处，即使走了很远的路，现在返回去也是正确的，这样会有很好的结果。</p><p>六五居上卦之中位，复卦的上卦为坤，坤卦的精神是能够“厚德载物”，所以有“敦复”之象。“敦”即是“厚”的意思。六五能够顺应时势，从新认识自己，从而明白阳气生长的不可阻挡，所以他能够顺时而退，不会有悔恨。</p>",
    "bgtitle": "水雷屯",
    "bgcontent": "这个卦是异卦（下震上坎）相叠，震为雷，喻动；坎为雨，喻险。雷雨交加，险象丛生，环境恶劣。“屯”原指植物萌生大地，万物始生，充满艰难险阻，然而顺时应运，必欣欣向荣。"
}