{
    "gname": "地雷复",
    "gcontent": "<p>周易第二十四卦详解</p>\n<p>复卦原文</p>\n<p>复。亨。出入无疾，朋来无咎。反复其道，七日来复，利有攸往。</p>\n<p>象曰：雷在地中，复。先王以至日闭关，商旅不行，后不省方。</p>\n<p>白话文解释</p>\n<p>复卦：通泰。出门、居处均无疾病。有钱可赚而可以无灾祸。往返途中，七日可归。有所往则有所利。</p>\n<p>《象辞》说：本卦内卦为震为雷，外卦为坤为地，天寒地冻，雷返归地中，往而有复，依时回归，这是复卦的卦象。先王观此卦象，取法于雷，在冬至之日关闭城门，不接纳商旅，君王也不巡视邦国。</p>\n<p>《断易天机》解</p>\n<p>复卦坤上震下，为坤宫初世卦。复代表阴阳去而复返，使万物生生不息，预示已逝去的可能会再回来。</p>\n<p>北宋易学家邵雍解</p>\n<p>循环往复，生机复萌；成功在望，性急即败。</p>\n<p>得此卦者，时运好转，顺势而为，谋事可成，但不宜过于急进。</p>\n<p>台湾国学大儒傅佩荣解</p>\n<p>时运：好运初来，静待发动。</p>\n<p>财运：暂停售物，必可获利。</p>\n<p>家宅：待春再迁；婚嫁初春可成。</p>\n<p>身体：有痰上火，冬令宜防。</p>\n<p>传统解卦</p>\n<p>这个卦是异卦（下震上坤）相叠。震为雷、为动；坤为地、为顺，动则顺，顺其自然。动在顺中，内阳外阴，循序运动，进退自如，利于前进。</p>\n<p>大象：雷在地中振发，喻春回大地，一元始，万象更生。</p>\n<p>运势：开运亨通之象，万事不宜急进，按部就班可成。</p>\n<p>事业：已经渡过了困难时期，开始进入积极行动的阶段。但务必抓住时机，当机立断，却不可急躁，且应时常反省个人行动，严于修身，勇往直前，可望成功。</p>\n<p>经商：可大胆投资，与志同道合的伙伴坦诚合作，打开市场，勿因挫折而退缩。更可以打入外地，坚持商业道德，循序渐进，一定会有所赢利。</p>\n<p>求名：时机正在成熟，不要急于求成，继续奠定基础，机遇一旦到来，务必要抓住，必将转运。最忌自伤意志。</p>\n<p>婚恋：顺利。但切不可性急，应冷静考虑。家庭的美满幸福，靠严于律己维持。</p>\n<p>决策：性格活泼，精力旺盛，但因急躁情绪会造成事业损失。一定要冷静思考，勇于改正错误，必能重振事业。此时应抓住时机，明确方向，灵活机敏，脚踏实地改变处境。一旦出现意外，宜当机立断，暂行退让。如能准确驾驶自己，努力奋斗，成就事业十分顺利。</p>\n<p>第二十四卦的哲学含义</p>\n<p>复卦卦象，地雷复卦的象征意义</p>\n<p>复卦，本卦是异卦相叠，震卦在下，坤卦在上。震为雷、为动；坤为地、为顺，动则顺，顺其自然。动在顺中，内阳外阴，循序运动，进退自如，利于前震为雷，为内卦；坤为地，为上卦。地内有雷，意味着雷声一震，大地松动，万物萌生。复，有复兴和回归之意，是事物新生的转折点。从卦象上看，除第一爻为阳外，余爻皆为阴，似有太阳从地平线的一端升起的景象。复卦代表的节气是冬至，正如“冬天来了，春天还会远吗？”，复卦代表阳性力量复兴而阴性元素衰退，长夜过后太阳升起，复卦启示去而复回和失而复行的方法与哲理，并告诫人们：发现错误就是敢紧复归正道，这样才能吉祥。若是执迷不悟，就会产生灾祸。</p>\n<p>复卦位于剥卦之后，《序卦》之中这样说道：“物不可以终尽，剥穷上反下，故受之以复。”剥卦走到极点，阳爻又须回到底下重新开始。复卦为剥卦的覆卦，称作“由剥而复”，是“一阳复始”的局面，大地重现生机。</p>\n<p>复卦启示了寓动于顺的道理，属于中中卦。《象》中对此卦的评断是：马氏太公不相合，世人占之忧疑多，恩人无义反为怨，是非平地起风波。</p>\n<p>此卦卦名为复。“复”在《说文》中的解释是：“复，往来也。”可见复的意思是返回、回来的意思。前面泰卦的九三爻说“无往不复”，说的便是没有一直往前走而不返回的，事物都有一个循环往复、周而复始的规律，前面剥卦群阴剥去阴爻，接下来便开始一阳复生。所以剥卦的下面是复卦。这正如《序卦传》所说：“物不可以终尽，剥穷上反下，故受之以复也。”</p>",
    "title": "九四爻",
    "content": "<p>六四爻辞</p><p>六四。中行独复。</p><p>象曰：中行独复，以从道也。</p><p>白话文解释</p><p>六四：中途独自返回。</p><p>《象辞》说：中途独自返回，这是返回到道义上来。</p><p>北宋易学家邵雍解</p><p>平：得此爻者，好运可期，营谋得利。做官的会复职。</p><p>台湾国学大儒傅佩荣解</p><p>时运：虽想振作，力有未逮。</p><p>财运：谋划虽精，资本不足。</p><p>家宅：女多男少；宜从前媒。</p><p>身体：宜从初治之医。</p><p>六四变卦</p><p>六四爻动变得周易第51卦：震为雷。这个卦是同卦（下震上震）相叠。震为雷，两震相叠，反响巨大，可消除沉闷之气，亨通畅达。平日应居安思危，怀恐惧心理，不敢有所怠慢，遇到突发事变，也能安然自若，谈笑如常。</p><p>九四爻</p><p>的哲学含义</p><p>复卦第四爻，爻辞：六四：中行独复。</p><p>复卦第四爻，爻辞：六四：中行独复。爻辞释义</p><p>中行：行走在正中间。独：指独自一人。</p><p>本爻辞的意思是：本来走在行列正中间，现在独自返回。</p><p>《象》曰：“中行独复”，以从道也。这里指出六四本来走在行列的正中间，却独自返回，其目的是为了返回正道。</p><p>从卦象上看，六四位于一连串的阴爻之中，上下各二，所以是“中行”。走在中间的人，应该是领导者或是倡议者，一般是跟随者容易改变主意返回，而领导者或倡议者返回，是很不容易的。</p><p>占得此爻者，应该注意观察一下自己所做的事，观察一下自己的合伙人，虽然这件事情是你牵头承办的，你是组织者，但是若发现错误，你要即刻回头。哪怕其他人不同意，不愿跟随你返回，你也要自己撤出来，独自返回。</p><p>“中行独复”，指的便是六四爻与初“六四，’得正，能置吉凶于不顾，而独复正道。九爻的相应。也就是说他是支持阳气的生长的。象辞中说“以从道也”，指的便是天地运行之道，一阳始生了，接下来就是阳气的逐渐强盛，阴气的逐渐削弱，这就是天地运行之道。六四懂得天地运行之道，所以他支持初九的生长。</p>",
    "bgtitle": "震为雷",
    "bgcontent": ""
}