{
    "gname": "地水师",
    "gcontent": "<p>周易第七卦详解</p>\n<p>师卦原文</p>\n<p>师。贞，丈人吉，无咎。</p>\n<p>象曰：地中有水，师。君子以容民畜众。</p>\n<p>白话文解释</p>\n<p>师卦：占问总指挥的军情，没有灾祸。</p>\n<p>《象辞》说：下卦为坎，坎为水；上卦为坤，坤为地，像“地中有水”，这是师卦的卦象。君子观此卦象，取法于容纳江河的大地，收容和畜养大众。</p>\n<p>《断易天机》解</p>\n<p>师卦坤上坎下，为坎宫归魂卦。师即兵众，只有选择德高望重的长者来统率军队，才能吉祥无咎。</p>\n<p>北宋易学家邵雍解</p>\n<p>忧劳动众，变化无穷；公正无私，排除万难。</p>\n<p>得此卦者，困难重重，忧心劳众，宜包容别人，艰苦努力，摒除一切困难。</p>\n<p>台湾国学大儒傅佩荣解</p>\n<p>时运：包容别人，修行待时。</p>\n<p>财运：有财有库，善自珍惜。</p>\n<p>家宅：旧亲联姻，可喜可贺。</p>\n<p>身体：腹胀之症，调气无忧。</p>\n<p>传统解卦</p>\n<p>这个卦是异卦（下坎上坤）相叠。“师”指军队。坎为水、为险；坤为地、为顺，喻寓兵于农。兵凶战危，用兵乃圣人不得已而为之，但它可以顺利无阻碍地解决矛盾，因为顺乎形势，师出有名，故能化凶为吉。</p>\n<p>大象：养兵聚众，出师攻伐之象，彼此有伤，难得安宁。</p>\n<p>运势：困难重重，凡事以正规行事，忌独断独行、投机取巧，提防潜在敌人。</p>\n<p>事业：阻力很大，困难很多，处于激烈的竞争状态，要与他人密切合作，谨小慎微，行为果断，切忌盲目妄动，适度即可，注意保全自己。机动灵活，严于律已。从容沉着对付一切，必能成功。</p>\n<p>经商：已有一定的积蓄，可以从事大的营销活动，但必卷入激烈商战，以刚毅顽强的精神和高尚的商业道德，辅以灵活的方法，勿贪图小利，勿掉以轻心，加强与他人的沟通，必可摆脱困境，化险为夷。</p>\n<p>求名：具备很好的条件，但须有正确的引导，务必严格要求自己，克服不利因素的干扰，经过扎实努力，必可名利双全。</p>\n<p>婚恋：慎重、专注，否则会陷入“三角”纠纷。痴情追求可以达到目的。</p>\n<p>决策：天资聪颖，性格灵活，具有坚强的意志，对事业执着追求，迎难而进。可成就大事业。喜竞争，善争辩，富有冒险精神，不免带来麻烦，务老成持重，不贪功，以中正为要。</p>\n<p>第七卦的哲学含义</p>\n<p>师卦，此卦是异卦相叠，下卦为坎，上卦为坤。“师”指军队。坎为水、为险；坤为地、为顺，喻寓兵于农。兵凶战危，用兵乃圣人不得已而为之，但它可以顺利无阻碍地解决矛盾，因为顺乎形势，师出有名，故能化凶为吉。占得此卦，对于军事上率师出征非常有利，必无灾祸。师卦是天马出群之卦，以寡伏众之象。</p>\n<p>师卦位于讼卦之后，《序卦》之中这样解释道：“讼必有众起，故受之以师。师者，众也。”争讼的人越来越多，以致形成了军队。</p>\n<p>《象》中这样解释师卦：师卦的形象，下卦“坎”为险，水；上卦“坤”为地，顺。整个卦象就是地下有水。水潜藏在地下取之不尽，也就是士兵来源于农民中间。因而，这一卦象征“师”。君子观此象，应当效法这一精神，平素能容民养民如大地蓄水。在人民当中蓄积兵众的力量，以备战时用之不竭。</p>\n<p>师卦之象：有虎、马、牛指寅午未;将军立于台上，主掌兵权;执印者拜于地，指受赏。天马出群之卦，以寡服众象。</p>",
    "title": "九四爻",
    "content": "<p>六四爻辞</p><p>六四。师左次，无咎。</p><p>象曰：左次无咎，未失常也。</p><p>白话文解释</p><p>六四：军队在左边扎营，没有危险。</p><p>《象辞》说：军队在左边扎营，没有危险，因为军队驻扎或左或右，唯视地理环境、敌我形势而定，并没有违背行军常道。</p><p>北宋易学家邵雍解</p><p>平：得此爻者，安居乐业，无妄动之灾。做官的官运不济，不宜妄想。</p><p>台湾国学大儒傅佩荣解</p><p>时运：官运不济，不宜妄想。</p><p>财运：次级货物，尚可获利。</p><p>家宅：近东，朝西南吉；入赘无咎。</p><p>身体：春生气来，疾病可愈。</p><p>六四变卦</p><p>六四爻动变得周易第40卦：雷水解。这个卦是异卦（下坎上震）相叠。震为雷、为动；坎为水、为险。险在内，动在外。严冬天地闭塞，静极而动。万象更新，冬去春来，一切消除，是为解。</p><p>九四爻</p><p>的哲学含义</p><p>师卦第四爻爻义释义</p><p>左：在古代的军队中崇尚右，右是前进，而左则撤退。次：是指驻扎两天以上。《左传》中有这样一句话：“凡师，一宿为舍，再宿为信，过信为次。”这就是对“次”的解释。</p><p>这句爻辞的辞义是：率军暂时撤退，免得遭受损失。</p><p>我们来看六四这一爻，属于阴爻居于柔位，所以有退避之象。</p><p>《象》中对此爻的解释是：“左次无咎”，示失常也。</p><p>占得此卦者，应该根据客观情况，及时调整自己的部署，最好能暂时退一退，这是为了更好地实现自己的目标。</p><p>这里是告诉人们，打仗不一定非得求胜，当不能取胜时，要懂得退避以保持实力。只有这样，才不会有大的灾难。毛泽东倡导的游击战便体现出这一含义。敌进我退，敌退我扰的战略方针，既保存了自己的战斗实力，又有效地消灭了敌人。古语云，胜败乃兵家常事。但败仗中要懂得保全实力，减少损失。比如诸葛壳六出岐山，都打了败仗，但撤退时巧妙布局，并没有造成大的人员伤亡，保存了战斗力，所以诸葛亮的六出岐山虽然是打了六次败仗，却仍然没有减损诸葛亮用兵如神的光辉形象。</p>",
    "bgtitle": "雷水解",
    "bgcontent": "这个卦是异卦（下坎上震）相叠。震为雷、为动；坎为水、为险。险在内，动在外。严冬天地闭塞，静极而动。万象更新，冬去春来，一切消除，是为解。"
}