{
    "gname": "地水师",
    "gcontent": "<p>周易第七卦详解</p>\n<p>师卦原文</p>\n<p>师。贞，丈人吉，无咎。</p>\n<p>象曰：地中有水，师。君子以容民畜众。</p>\n<p>白话文解释</p>\n<p>师卦：占问总指挥的军情，没有灾祸。</p>\n<p>《象辞》说：下卦为坎，坎为水；上卦为坤，坤为地，像“地中有水”，这是师卦的卦象。君子观此卦象，取法于容纳江河的大地，收容和畜养大众。</p>\n<p>《断易天机》解</p>\n<p>师卦坤上坎下，为坎宫归魂卦。师即兵众，只有选择德高望重的长者来统率军队，才能吉祥无咎。</p>\n<p>北宋易学家邵雍解</p>\n<p>忧劳动众，变化无穷；公正无私，排除万难。</p>\n<p>得此卦者，困难重重，忧心劳众，宜包容别人，艰苦努力，摒除一切困难。</p>\n<p>台湾国学大儒傅佩荣解</p>\n<p>时运：包容别人，修行待时。</p>\n<p>财运：有财有库，善自珍惜。</p>\n<p>家宅：旧亲联姻，可喜可贺。</p>\n<p>身体：腹胀之症，调气无忧。</p>\n<p>传统解卦</p>\n<p>这个卦是异卦（下坎上坤）相叠。“师”指军队。坎为水、为险；坤为地、为顺，喻寓兵于农。兵凶战危，用兵乃圣人不得已而为之，但它可以顺利无阻碍地解决矛盾，因为顺乎形势，师出有名，故能化凶为吉。</p>\n<p>大象：养兵聚众，出师攻伐之象，彼此有伤，难得安宁。</p>\n<p>运势：困难重重，凡事以正规行事，忌独断独行、投机取巧，提防潜在敌人。</p>\n<p>事业：阻力很大，困难很多，处于激烈的竞争状态，要与他人密切合作，谨小慎微，行为果断，切忌盲目妄动，适度即可，注意保全自己。机动灵活，严于律已。从容沉着对付一切，必能成功。</p>\n<p>经商：已有一定的积蓄，可以从事大的营销活动，但必卷入激烈商战，以刚毅顽强的精神和高尚的商业道德，辅以灵活的方法，勿贪图小利，勿掉以轻心，加强与他人的沟通，必可摆脱困境，化险为夷。</p>\n<p>求名：具备很好的条件，但须有正确的引导，务必严格要求自己，克服不利因素的干扰，经过扎实努力，必可名利双全。</p>\n<p>婚恋：慎重、专注，否则会陷入“三角”纠纷。痴情追求可以达到目的。</p>\n<p>决策：天资聪颖，性格灵活，具有坚强的意志，对事业执着追求，迎难而进。可成就大事业。喜竞争，善争辩，富有冒险精神，不免带来麻烦，务老成持重，不贪功，以中正为要。</p>\n<p>第七卦的哲学含义</p>\n<p>师卦，此卦是异卦相叠，下卦为坎，上卦为坤。“师”指军队。坎为水、为险；坤为地、为顺，喻寓兵于农。兵凶战危，用兵乃圣人不得已而为之，但它可以顺利无阻碍地解决矛盾，因为顺乎形势，师出有名，故能化凶为吉。占得此卦，对于军事上率师出征非常有利，必无灾祸。师卦是天马出群之卦，以寡伏众之象。</p>\n<p>师卦位于讼卦之后，《序卦》之中这样解释道：“讼必有众起，故受之以师。师者，众也。”争讼的人越来越多，以致形成了军队。</p>\n<p>《象》中这样解释师卦：师卦的形象，下卦“坎”为险，水；上卦“坤”为地，顺。整个卦象就是地下有水。水潜藏在地下取之不尽，也就是士兵来源于农民中间。因而，这一卦象征“师”。君子观此象，应当效法这一精神，平素能容民养民如大地蓄水。在人民当中蓄积兵众的力量，以备战时用之不竭。</p>\n<p>师卦之象：有虎、马、牛指寅午未;将军立于台上，主掌兵权;执印者拜于地，指受赏。天马出群之卦，以寡服众象。</p>",
    "title": "上九爻",
    "content": "<p>上六爻辞</p><p>上六。大君有命，开国承家，小人勿用。</p><p>象曰：大君有命，以正功也；小人勿用，必乱邦也。</p><p>白话文解释</p><p>上六：国君颁发命令，有人被封为诸侯，享有封国，有人被封为大夫，享有采邑。但是不要重用无才无德的小人。</p><p>《象辞》说：国君颁发封赏功臣的命令，这是论功行赏。不要重用无才无德的小人，因为小人必定覆国乱邦。</p><p>北宋易学家邵雍解</p><p>平：得此爻者，可立家计，或继承家业，但谨防小人从中作梗。做官的会当权立功。专业人才则会技艺成名。</p><p>台湾国学大儒傅佩荣解</p><p>时运：论功行赏，勿做小人。</p><p>财运：因富致贵，须防小人。</p><p>家宅：家道兴旺；贵人做媒。</p><p>身体：正常运动。</p><p>上六变卦</p><p>上六爻动变得周易第4卦：山水蒙。这个卦是异卦（下坎上艮）相叠，艮是山的形象，喻止；坎是水的形象，喻险。卦形为山下有险，仍不停止前进，是为蒙昧，故称蒙卦。但因把握时机，行动切合时宜，因此，具有启蒙和通达的卦象。</p><p>上九爻</p><p>的哲学含义</p><p>师卦第六爻爻辞释义</p><p>大君：是君王，天子。国：是指诸候的领地，也就是把有功的人封为诸候，</p><p>赏给领地;家：是大夫的领地，是指把功臣封为大夫，赏给领地。</p><p>本爻的爻义是指：凯旋而归，天子颁布了诏命，分封功臣，或封为诸侯，或封为上卿，或封为大夫，但小人绝不可以重用。</p><p>上六这一爻，是指作战结束，班师回朝，开始论功行赏了，这一爻主要指示了该如何封赏作战的将士。</p><p>占得此卦者，若是老板或领导，员工或下级做出了成绩或贡献，一定要按功行赏。但是，在嘉赏小人时要注意方式。</p><p>这里讲的便是武王灭纣而分封诸侯的情景。此时武王已经登基为天子，成为众诸侯的盟主，所以称为“大君”。“开国承家”，便是分封各位有功的将领及谋士。武王封赏第一个谋士是姜子牙，姜子牙被称为周师齐祖，因为他是齐国的幵国领袖，所以是“齐袓”。建立了新的政权，最应该注意的是“小人勿用”。</p>",
    "bgtitle": "山水蒙",
    "bgcontent": "这个卦是异卦（下坎上艮）相叠，艮是山的形象，喻止；坎是水的形象，喻险。卦形为山下有险，仍不停止前进，是为蒙昧，故称蒙卦。但因把握时机，行动切合时宜，因此，具有启蒙和通达的卦象。"
}