{
    "gname": "地山谦",
    "gcontent": "<p>周易第十五卦详解</p>\n<p>谦卦原文</p>\n<p>谦。亨，君子有终。</p>\n<p>象曰：地中有山，谦。君子以裒多益寡，称物平施。</p>\n<p>白话文解释</p>\n<p>谦卦：通泰。筮遇此卦，君子将有所成就。</p>\n<p>《象辞》说：本卦外卦为坤为地，内卦为艮为山，地中有山，内高外卑，居高不傲，这是谦卦的卦象。君子观此卦象，以谦让为怀，裁取多余昀，增益缺乏的，衡量财物的多寡而公平施予。</p>\n<p>《断易天机》解</p>\n<p>谦卦坤上艮下，为兑宫五世卦。谦为谦逊，内卦艮和外卦坤都是谦虚之象，所以为吉利之卦。</p>\n<p>北宋易学家邵雍解</p>\n<p>谦和忍让，尊人自卑；利用谦虚，万事可达。</p>\n<p>得此卦者，吉利平安，步步高升。谦虚忍让者前途大好，骄横者必招败。谦受益，满招损。</p>\n<p>台湾国学大儒傅佩荣解</p>\n<p>时运：眼前平顺，步步高升。</p>\n<p>财运：物价合理，利益保障。</p>\n<p>家宅：近山之居，合家平安。</p>\n<p>身体：内郁之症，放宽心胸。</p>\n<p>传统解卦</p>\n<p>这个卦是异卦（下艮上坤）相叠，艮为山，坤为地。地面有山，地卑（低）而山高，是为内高外低，比喻功高不自居，名高不自誉，位高不自傲。这就是谦。</p>\n<p>大象：山应在地面上，而今在地下，代表谦逊之德。</p>\n<p>运势：吉利平安，前途无限，但必须去除骄横之气。</p>\n<p>事业：尚未被人器重，但因品德高尚，终会为人发现。自己不必有意表现，尤其不可放弃谦虚的美德，埋头苦干，一定会得到他人的帮助，在事业上大有作为。</p>\n<p>经商：较为顺利，但不会获暴利，须逐步积累，故应极其小心谨慎，诚心与他人合作，遵守商业道德，通过自己的勤劳努力，取得商业的发展。</p>\n<p>求名：天资聪明，但因性格不善于表现自己，起初往往被埋没，自己只要不灰心，继续努力钻研业务，保持谦逊好学精神，更大的成功正在未来。</p>\n<p>婚恋：美满的婚姻应由双方共同去努力争取。否则，恋爱不成功，家庭不能和睦。</p>\n<p>决策：具有内高外低的谦虚美德，善于团结他人，也能得到别人的帮助，事业很顺利，遇到困难，很快可以化险为夷，有惊无险。由于能够认真吸取别人的长处，进步很快，会畅通无阻，但需要特别注意学业、德业和修养。</p>\n<p>第十五卦的哲学含义</p>\n<p>火天大有这一卦，从以下方面的含意而得其名：乾刚健，离光明，以刚健的行为，朝着光明的方向去奋斗，成功就大有希望，就会有所得。乾刚健，为内卦，</p>\n<p>说明美在内心；离光明，为外卦，说明体现在外部的手段光明磊落。具备这种表里一致的美德，才是真正的大有。</p>\n<p>火天大有卦位于同人卦之后，《序卦》中这样解释道：“与人同者，物必归焉，故受之以大有。”寻找到志同道合的人，大家齐心协力做事，物产自然丰富起来，所以接下来就是大有了。</p>\n<p>《象》曰：火在天上，“大有”；君子以遏恶扬善，顺天休命。</p>\n<p>大有卦的卦象是上卦为离为火，下卦为乾为天，火着到了天上便是大有卦的卦象。俗话说“众人拾柴火焰高”，大家围在一个火堆旁构成同人卦，可是众人聚在一起每个人给火堆添一把柴便可以让火焰烧到天上去，可见众人团结起来才会有更大的力量，才会有更大的收获。另外，离为日，乾为天，大有卦的卦象还有明日中天的形象。中午的太阳是最亮的，最热的，所以古代常以日中表示事物的鼎盛时期。</p>",
    "title": "上九爻",
    "content": "<p>上六爻辞</p><p>上六。鸣谦，利用行师，征邑国。</p><p>象曰：鸣谦，志未得也；可用行师，征邑国也。</p><p>白话文解释</p><p>上六：明智而谦让，出兵征伐邑国自然获胜。</p><p>《象辞》说：明智而谦让，尚不能感化邑国得行其志，就可以出兵征讨邑国。</p><p>北宋易学家邵雍解</p><p>平：得此爻者，有争诉之扰，但会不辨自明。做官的须修德养身，进取有望。</p><p>台湾国学大儒傅佩荣解</p><p>时运：大运已过，心意受阻。</p><p>财运：有名无实，认真整顿。</p><p>家宅：防范邪祟。</p><p>身体：调养心志。</p><p>上六变卦</p><p>上六爻动变得周易第52卦：艮为山。这个卦是同卦（下艮上艮）相叠。艮为山，二山相重，喻静止。它和震卦相反。高潮过后，必然出现低潮，进入事物的相对静止阶段。静止如山，宜止则止，宜行则行。行止即动和静，都不可失机，应恰到好处，动静得宜，适可而止。</p><p>上九爻</p><p>的哲学含义</p><p>大有卦第六爻，爻辞：上九：自天佑之，吉无不利。</p><p>占得上九这一爻，是非常吉祥的，老天爷会保佑你，你是天之骄子，做什么事情都吉利。关于这一爻，可以用孔子的话来说明：“佑者，助也。天之所助者，顺也；人之所助者，信也。履信思乎顺，又以尚贤也，是以自天佑之，吉无不利也。”这个时候可以说是要风得风，要雨得雨。但是一定不能忘记“居安思危”、“居顺思逆”的道理。“上”位毕竟衰竭位。人生多少苦厄、灾难往往都是得意时种下的祸根。</p><p>人们往往会认为天上的神灵会保佑人类吧。其实这句“自天佑之”指的不是这个意思。而是指天道。也就是说你顺应天道，就会得到天的保佑。其实能保佑你的，还是你自己的言行。你的一举一动是否符合天道的规律，才是决定你是否吉祥的关键所在。大有卦讲的是大有收获，上九已经是收获到了极点，该发生物极必反了，可是怎么会“自天?右之”呢？因为要想在大有收获的基础上得到进一步的发展，天道的法则是谦虚，所以接下来便是谦卦。</p>",
    "bgtitle": "艮为山",
    "bgcontent": ""
}