{
    "gname": "坤为地",
    "gcontent": "<p>周易第二卦详解</p>\n<p>坤卦原文</p>\n<p>坤。元，亨，利牝马之贞。君子有攸往，先迷后得主。利西南得朋，东北丧朋。安贞，吉。</p>\n<p>象曰：地势坤，君子以厚德载物。</p>\n<p>白话文解释</p>\n<p>坤卦：大吉大利。占问雌马得到吉兆。君子前去旅行，先迷失路途，后来找到主人，吉利。西南行获得财物，东北行丧失财物。占问定居，得到吉兆。</p>\n<p>《象辞》说：大地的形势平铺舒展，顺承天道。君子观此卦象，取法于地，以深厚的德行来承担重大的责任。</p>\n<p>《断易天机》解</p>\n<p>坤卦坤上坤下，为坤宫本位卦。坤卦为柔顺，为地气舒展之象，具有纯阴之性，先失道而后得主，宜往西南，西南可得到朋友。</p>\n<p>北宋易学家邵雍解</p>\n<p>柔顺和静，厚载之功；静守安顺，妄动招损。</p>\n<p>得此卦者，宜顺从运势，以静制动，不宜独立谋事，顺从他人，一起合作，可成大事。</p>\n<p>台湾国学大儒傅佩荣解</p>\n<p>时运：为人厚道，声名远传。</p>\n<p>财运：满载而归。</p>\n<p>家宅：家庭安稳；婚嫁大吉。</p>\n<p>身体：柔软运动。</p>\n<p>传统解卦</p>\n<p>这个卦是同卦（下坤上坤）相叠，阴性。象征地（与乾卦相反），顺从天，承载万物，伸展无穷无尽。坤卦以雌马为象征，表明地道生育抚养万物，而又依天顺时，性情温顺。它以“先迷后得”证明“坤”顺从“乾”，依随“乾”，才能把握正确方向，遵循正道，获取吉利。</p>\n<p>大象：大地承载万物，以德服众，仁者无敌。</p>\n<p>运势：诸事不宜急进，以静制动为宜。</p>\n<p>事业：诸项事业可以成功，得到预想的结果，但开始出师不利，为困境所扰。切莫冒险急进，须小心谨言慎行，尤其不可单枪匹马，独断专行。取得朋友的关心和支持最为重要，在他人的合作下，共同完成事业。因此，应注重内心修养，积蓄养德，效法大地，容忍负重，宽厚大度，以直率、方正、含蓄为原则，不得贪功自傲，持之以恒，谋求事业的成功。</p>\n<p>经商：机遇不很好，切莫冒险，以稳健为妥，遇到挫折，务必即时总结经验。注意储存货物，待价而沽，处处小心为是。</p>\n<p>求名：比较顺利，具备基本条件，踏踏实实，埋头苦干，不追求身外之物，即可吉祥。</p>\n<p>婚恋：阴盛。以柔克刚，女方柔顺，美好姻缘，白头到老。</p>\n<p>决策：忠厚、温和，待人真诚，热心助人，因此也能得到他人的帮助，可往往因不提防小人而受到伤害，但无大碍。性格灵活，工作方法多样，可以左右逢源，得到赞许。</p>\n<p>第二卦</p>\n<p>的哲学含义</p>\n<p>六十四卦中的坤卦，是由两个坤卦上下相叠而成。象征地，顺从天。承载万物，伸展无穷无尽。坤卦以雌马为象征，表明地道生育抚养万物，而又依天顺时，性情温顺。它以“先迷后得”证明“坤”顺从“乾”，依随“乾”，才能把握正确方向，遵循正道，获取吉利。</p>\n<p>《象》中这样分析坤卦：地势坤，君子以厚德载物。这里指出：坤象征大地，君子应效法大地，胸怀宽广，包容万物。</p>\n<p>坤卦象征地，属于上上卦。《象》中这样来断此卦：肥羊失群入山岗，饿虎逢之把口张，适口充肠心欢喜，卦若占之大吉昌。</p>\n<p>坤卦卦象：由于阴之成形莫大于地，所以坤卦的卦象首先代表地。因为母亲是慈祥而温柔的，母牛是温顺而任劳任怨的，布是柔软的，大众的本性是顺从，所以坤卦也象征母亲、母牛、布、众等等。自然、温顺、阴柔、顺从便是坤卦的卦德了。</p>",
    "title": "九三爻",
    "content": "<p>六三爻辞</p><p>六三。含章可贞。或从王事，无成有终。</p><p>象曰：含章可贞，以时发也；或从王事，知光大也。</p><p>白话文解释</p><p>六三：战胜殷商。称心的占卜。有人服役于战争，没有取得战绩，但结局还是好的。</p><p>《象辞》说：战胜殷商，称心的占卜，说明能抓住时机采取行动。有人服役于战争（没有取得战绩而有好的结局），因为他才智广大。</p><p>北宋易学家邵雍解</p><p>平：得此爻者，谋望可成，认真经营会有收获。做官的会有升迁的希望。女命则为德妇。</p><p>台湾国学大儒傅佩荣解</p><p>时运：待时而发，可保功名。</p><p>财运：把握时机，必有利益。</p><p>家宅：凝聚向心力。</p><p>身体：无可挽回，凶。</p><p>六三变卦</p><p>六三爻动变得周易第15卦：地山谦。这个卦是异卦（下艮上坤）相叠，艮为山，坤为地。地面有山，地卑（低）而山高，是为内高外低，比喻功高不自居，名高不自誉，位高不自傲。这就是谦。</p><p>九三爻</p><p>的哲学含义</p><p>从卦象上看，六三这一爻属于阴爻居刚位，失位。三爻这一爻位是下卦的最高位，大多凶险。在高位或凶险之时，不要显示自己，要顺从别人，这是一个转变，虽然不易做到，但也要努力，不然会有凶险。爻辞里所说的“含章”，把自己的才华隐藏起来，要有忧患意识，要含蓄、收敛。所以六三这一爻给人的启示就是要含而不露。</p><p>《文言》之中这样说道：阴虽有美，“含”之；以“从王事”，弗敢成也。地道也，妻道也，臣道也。地道“无成”，而代“有终”也。</p><p>对于个人来说，你虽有文采，也要正固守之，等待时机成熟。与领导共事时，不谈个人的功劳，而将荣耀归于君主，如此才会“有终”。</p><p>六三爻阴爻居于阳位，是不得位，又不居中，处境不是很有利。所以只能隐藏自己的才能坚守于正道。如果能为君王做事，则不要过于显露自己的才华，有功要归于君王，才会得到好的结果。此卦正相当于否卦，为阴党成群，丧失权柄之卦。所以处事要采取外表糊涂内心明白的方式，这样才冑封辱到善终。</p>",
    "bgtitle": "地山谦",
    "bgcontent": "这个卦是异卦（下艮上坤）相叠，艮为山，坤为地。地面有山，地卑（低）而山高，是为内高外低，比喻功高不自居，名高不自誉，位高不自傲。这就是谦。"
}