{
    "gname": "坤为地",
    "gcontent": "<p>周易第二卦详解</p>\n<p>坤卦原文</p>\n<p>坤。元，亨，利牝马之贞。君子有攸往，先迷后得主。利西南得朋，东北丧朋。安贞，吉。</p>\n<p>象曰：地势坤，君子以厚德载物。</p>\n<p>白话文解释</p>\n<p>坤卦：大吉大利。占问雌马得到吉兆。君子前去旅行，先迷失路途，后来找到主人，吉利。西南行获得财物，东北行丧失财物。占问定居，得到吉兆。</p>\n<p>《象辞》说：大地的形势平铺舒展，顺承天道。君子观此卦象，取法于地，以深厚的德行来承担重大的责任。</p>\n<p>《断易天机》解</p>\n<p>坤卦坤上坤下，为坤宫本位卦。坤卦为柔顺，为地气舒展之象，具有纯阴之性，先失道而后得主，宜往西南，西南可得到朋友。</p>\n<p>北宋易学家邵雍解</p>\n<p>柔顺和静，厚载之功；静守安顺，妄动招损。</p>\n<p>得此卦者，宜顺从运势，以静制动，不宜独立谋事，顺从他人，一起合作，可成大事。</p>\n<p>台湾国学大儒傅佩荣解</p>\n<p>时运：为人厚道，声名远传。</p>\n<p>财运：满载而归。</p>\n<p>家宅：家庭安稳；婚嫁大吉。</p>\n<p>身体：柔软运动。</p>\n<p>传统解卦</p>\n<p>这个卦是同卦（下坤上坤）相叠，阴性。象征地（与乾卦相反），顺从天，承载万物，伸展无穷无尽。坤卦以雌马为象征，表明地道生育抚养万物，而又依天顺时，性情温顺。它以“先迷后得”证明“坤”顺从“乾”，依随“乾”，才能把握正确方向，遵循正道，获取吉利。</p>\n<p>大象：大地承载万物，以德服众，仁者无敌。</p>\n<p>运势：诸事不宜急进，以静制动为宜。</p>\n<p>事业：诸项事业可以成功，得到预想的结果，但开始出师不利，为困境所扰。切莫冒险急进，须小心谨言慎行，尤其不可单枪匹马，独断专行。取得朋友的关心和支持最为重要，在他人的合作下，共同完成事业。因此，应注重内心修养，积蓄养德，效法大地，容忍负重，宽厚大度，以直率、方正、含蓄为原则，不得贪功自傲，持之以恒，谋求事业的成功。</p>\n<p>经商：机遇不很好，切莫冒险，以稳健为妥，遇到挫折，务必即时总结经验。注意储存货物，待价而沽，处处小心为是。</p>\n<p>求名：比较顺利，具备基本条件，踏踏实实，埋头苦干，不追求身外之物，即可吉祥。</p>\n<p>婚恋：阴盛。以柔克刚，女方柔顺，美好姻缘，白头到老。</p>\n<p>决策：忠厚、温和，待人真诚，热心助人，因此也能得到他人的帮助，可往往因不提防小人而受到伤害，但无大碍。性格灵活，工作方法多样，可以左右逢源，得到赞许。</p>\n<p>第二卦</p>\n<p>的哲学含义</p>\n<p>六十四卦中的坤卦，是由两个坤卦上下相叠而成。象征地，顺从天。承载万物，伸展无穷无尽。坤卦以雌马为象征，表明地道生育抚养万物，而又依天顺时，性情温顺。它以“先迷后得”证明“坤”顺从“乾”，依随“乾”，才能把握正确方向，遵循正道，获取吉利。</p>\n<p>《象》中这样分析坤卦：地势坤，君子以厚德载物。这里指出：坤象征大地，君子应效法大地，胸怀宽广，包容万物。</p>\n<p>坤卦象征地，属于上上卦。《象》中这样来断此卦：肥羊失群入山岗，饿虎逢之把口张，适口充肠心欢喜，卦若占之大吉昌。</p>\n<p>坤卦卦象：由于阴之成形莫大于地，所以坤卦的卦象首先代表地。因为母亲是慈祥而温柔的，母牛是温顺而任劳任怨的，布是柔软的，大众的本性是顺从，所以坤卦也象征母亲、母牛、布、众等等。自然、温顺、阴柔、顺从便是坤卦的卦德了。</p>",
    "title": "九四爻",
    "content": "<p>六四爻辞</p><p>六四。括囊，无咎，无誉。</p><p>象曰：括囊无咎，慎不害也。</p><p>白话文解释</p><p>六四：扎紧了口袋，如缄口不言，没有指责，也没有赞誉。</p><p>《象辞》说：扎紧了口袋，如缄口不言，是说谨慎才没有祸害。</p><p>北宋易学家邵雍解</p><p>平：得此爻者，经营受阻，大凡谨慎收敛者，则无横来之祸。做官的要谨守常职，可望升迁。女命则贤而起家。</p><p>台湾国学大儒傅佩荣解</p><p>时运：收敛为要，但求无过。</p><p>财运：落袋为安，不再投资。</p><p>家宅：平安是福。</p><p>身体：谨慎保养。</p><p>六四变卦</p><p>六四爻动变得周易第16卦：雷地豫。这个卦是异卦（下坤上震）相叠，坤为地，为顺；震为雷，为动。雷依时出，预示大地回春。因顺而动，和乐之源。此卦与谦卦互为综卦，交互作用。</p><p>九四爻</p><p>的哲学含义</p><p>坤卦第四爻，爻辞：六四：括囊，无咎，无誉。</p><p>坤卦第四爻爻辞“六四：括囊，无咎，无誉。”释义</p><p>括：本意是指扎、捆、束，也有包含、包容、搜括、搜求等意，还代表箭的尾部。</p><p>这句爻辞的意思就是：扎起口袋，没有灾难也没有称誉。</p><p>六四这一爻给人的启示就是：不求有功，但求无过从卦象上看，六四爻属于阴爻居于阴位，得位。我们知道“四多惧”，四这爻已开始进入上卦，但是处境危疑不安，最好加以收敛。“括囊”是扎起口袋，意思指不管才华如何，也要收敛，不要外露，守口如瓶，谨言慎行。“括”还代表箭的尾部，“括囊”就是指要把箭囊扎得紧紧的，只露出箭的尾部，不要在关键的时刻搭弓射箭，这样虽然得不到赞誉，但却可以保证无灾。通过坤卦的六三、六四爻，以及乾卦的三、四爻，我们可以发现这样的规律，处在三、四爻时，能做到“无咎”，就应该满足了。</p><p>《象》曰：“括囊无咎”，慎不害也。</p><p>这里指出：“扎起口袋，没有灾难也没有称誉”，说明小心谨慎从事，是不会有害的。此爻所对应的事例就是纣王滥杀无辜之后，再无人向纣王进言献策，人人都紧闭嘴巴，不再自讨苦吃，最终免于灾祸。</p><p>占得此爻后，如果想投资，最好是暂缓一下，这样虽然不会有收益，但也不会有所损失。也不要借钱给别人，扎紧钱包。还要闭紧嘴巴，不要说三道四，也不要好心地为别人出谋划策，不要急于获得收益或是赞誉，这个时期重要的是：不求有功，但求无过。</p><p>此时阳气衰弱，阴气强盛，是天地将闭之象。所以贤人应当隐退，怀着大智慧观察时局的动态，归隐保全以等待出仕的时机。在卦气上，此时相当于八月的观卦。</p>",
    "bgtitle": "雷地豫",
    "bgcontent": "这个卦是异卦（下坤上震）相叠，坤为地，为顺；震为雷，为动。雷依时出，预示大地回春。因顺而动，和乐之源。此卦与谦卦互为综卦，交互作用。"
}