{
    "乾为天": "1-1",
    "天泽履": "1-2",
    "天火同人": "1-3",
    "天雷无妄": "1-4",
    "天风姤": "1-5",
    "天水讼": "1-6",
    "天山遁": "1-7",
    "天地否": "1-8",
    "泽天夬": "2-1",
    "兑为泽": "2-2",
    "泽火革": "2-3",
    "泽雷随": "2-4",
    "泽风大过": "2-5",
    "泽水困": "2-6",
    "泽山咸": "2-7",
    "泽地萃": "2-8",
    "火天大有": "3-1",
    "火泽睽": "3-2",
    "离为火": "3-3",
    "火雷噬嗑": "3-4",
    "火风鼎": "3-5",
    "火水未济": "3-6",
    "火山旅": "3-7",
    "火地晋": "3-8",
    "雷天大壮": "4-1",
    "雷泽归妹": "4-2",
    "雷火丰": "4-3",
    "震为雷": "4-4",
    "雷风恒": "4-5",
    "雷水解": "4-6",
    "雷山小过": "4-7",
    "雷地豫": "4-8",
    "风天小畜": "5-1",
    "风泽中孚": "5-2",
    "风火家人": "5-3",
    "风雷益": "5-4",
    "巽为风": "5-5",
    "风水涣": "5-6",
    "风山渐": "5-7",
    "风地观": "5-8",
    "水天需": "6-1",
    "水泽节": "6-2",
    "水火既济": "6-3",
    "水雷屯": "6-4",
    "水风井": "6-5",
    "坎为水": "6-6",
    "水山蹇": "6-7",
    "水地比": "6-8",
    "山天大畜": "7-1",
    "山泽损": "7-2",
    "山火贲": "7-3",
    "山雷颐": "7-4",
    "山风蛊": "7-5",
    "山水蒙": "7-6",
    "艮为山": "7-7",
    "山地剥": "7-8",
    "地天泰": "8-1",
    "地泽临": "8-2",
    "地火明夷": "8-3",
    "地雷复": "8-4",
    "地风升": "8-5",
    "地水师": "8-6",
    "地山谦": "8-7",
    "坤为地": "8-8"
}